<?xml version="1.0" encoding="UTF-8"?>
<!DOCTYPE collection SYSTEM "BioC.dtd">
<collection>
  <source>BioC-API</source>
  <date>20250117</date>
  <key>collection.key</key>
  <document>
    <id>12220547</id>
    <infon key="tt_curatable">no</infon>
    <infon key="tt_version">0</infon>
    <infon key="tt_round">0</infon>
    <passage>
      <infon key="type">title</infon>
      <offset>0</offset>
      <text>The balance between IL-1 and IL-1Ra in disease.</text>
    </passage>
    <passage>
      <infon key="type">abstract</infon>
      <offset>48</offset>
      <text>IL-1 is an important mediator of inflammation and tissue damage in multiple organs, both in experimental animal models of disease and in human diseases. The IL-1 family consists of two agonists, IL-1alpha and IL-1beta, two receptors, biologically active IL-1RI and inert IL-1RII, and a specific receptor antagonist, IL-1Ra. The balance between IL-1 and IL-1Ra in local tissues plays an important role in the susceptibility to and severity of many diseases. An allelic polymorphism in the IL-1Ra gene has been associated with a variety of human diseases primarily of epithelial and endothelial cell origin. This association may be secondary to an imbalance in the IL-1 system with enhanced production of IL-1beta and reduced production of the major intracellular isoform of IL-1Ra. Treatment of RA with daily subcutaneous injections of recombinant IL-1Ra protein has been shown to be efficacious. Gene therapy approaches with IL-1Ra are being evaluated for the treatment of RA and other human diseases.</text>
    </passage>
  </document>
</collection>
