<?xml version="1.0" encoding="UTF-8"?>
<!DOCTYPE collection SYSTEM "BioC.dtd">
<collection>
  <source>BioC-API</source>
  <date>20250117</date>
  <key>collection.key</key>
  <document>
    <id>12750276</id>
    <infon key="tt_curatable">no</infon>
    <infon key="tt_version">0</infon>
    <infon key="tt_round">0</infon>
    <passage>
      <infon key="type">title</infon>
      <offset>0</offset>
      <text>Archaeosomes induce enhanced cytotoxic T lymphocyte responses to entrapped soluble protein in the absence of interleukin 12 and protect against tumor challenge.</text>
    </passage>
    <passage>
      <infon key="type">abstract</infon>
      <offset>161</offset>
      <text>Archaeosome adjuvants formulated as archaeal ether glycerolipid vesicles induce strong CD4(+) as well as CD8(+) CTL responses to entrapped soluble antigens. Immunization of mice with ovalbumin (OVA) entrapped in archaeosomes composed of the total polar lipids of Methanobrevibacter smithii resulted in a potent OVA-specific CD8(+) T-cell response, and subsequently, the mice dramatically resisted solid tumor growth of OVA-expressing EG.7 cells and lung metastasis of B16OVA melanoma cells. Prophylactic protection was antigen-specific because tumor curtailment was not seen in mice injected with antigen-free archaeosomes. Similarly, there was no protection against B16 melanoma cells lacking OVA expression. Furthermore, in vivo depletion of CD8(+) T cells abrogated the protective response, indicating that the antitumor immunity was mediated by CTLs. Depletion of CD4(+) T cells also resulted in partial loss of tumor protection, suggesting a beneficial role for T-helper cells. Interestingly OVA-archaeosomes induced enhanced CTL response in the absence of interleukin 12 and IFN-gamma. Furthermore, interleukin 12-deficient mice mounted strong tumor protection. However, IFN-gamma-deficient mice, despite the strong CTL response, were only transiently protected, revealing a need for IFN-gamma response in tumor protection. Archaeosomes also facilitated therapeutic protection when injected into mice concurrent with tumor cells. Interestingly, even archaeosomes lacking entrapped antigen mediated therapeutic protection, and this correlated to the activation of innate immunity as evident by the increased tumor-infiltrating natural killer and dendritic cells. Thus, archaeosomes represent effective tumor antigen delivery vehicles that can mediate protection by activating both innate as well as acquired immunity.</text>
    </passage>
  </document>
</collection>
