<?xml version="1.0" encoding="UTF-8"?>
<!DOCTYPE collection SYSTEM "BioC.dtd">
<collection>
  <source>BioC-API</source>
  <date>20250117</date>
  <key>collection.key</key>
  <document>
    <id>15314074</id>
    <infon key="tt_curatable">no</infon>
    <infon key="tt_version">0</infon>
    <infon key="tt_round">0</infon>
    <passage>
      <infon key="type">title</infon>
      <offset>0</offset>
      <text>CD24 controls expansion and persistence of autoreactive T cells in the central nervous system during experimental autoimmune encephalomyelitis.</text>
    </passage>
    <passage>
      <infon key="type">abstract</infon>
      <offset>144</offset>
      <text>In the development of experimental autoimmune encephalomyelitis (EAE), a model for multiple sclerosis (MS), autoreactive T cells must be activated and clonally expand in the lymphoid organs, and then migrate into the central nervous system (CNS) where they undergo further activation. It is unclear whether the autoreactive T cells further expand in the CNS and if so, what interactions are required for this process. We have demonstrated previously that expression by the host cells of the heat-stable antigen (CD24), which was recently identified as a genetic modifier for MS, is essential for their susceptibility to EAE. Here we show that CD24 is essential for local clonal expansion and persistence of T cells after their migration into the CNS, and that expression of CD24 on either hematopoietic cells or nonhematopoietic antigen-presenting cells in the recipient is sufficient to confer susceptibility to EAE.</text>
    </passage>
  </document>
</collection>
