<?xml version="1.0" encoding="UTF-8"?>
<!DOCTYPE collection SYSTEM "BioC.dtd">
<collection>
  <source>BioC-API</source>
  <date>20250117</date>
  <key>collection.key</key>
  <document>
    <id>15611231</id>
    <infon key="tt_curatable">no</infon>
    <infon key="tt_version">0</infon>
    <infon key="tt_round">0</infon>
    <passage>
      <infon key="type">title</infon>
      <offset>0</offset>
      <text>Dendritic cells loaded with stressed tumor cells elicit long-lasting protective tumor immunity in mice depleted of CD4+CD25+ regulatory T cells.</text>
    </passage>
    <passage>
      <infon key="type">abstract</infon>
      <offset>145</offset>
      <text>Dendritic cell (DC)-based vaccination represents a promising approach to harness the specificity and potency of the immune system to combat cancer. Finding optimal strategies for tumor Ag preparation and subsequent pulsing of DC, as well as improving the immunogenicity of weak tumor Ags remain among the first challenges of this approach. In this report, we use a prophylactic vaccine consisting of DC loaded with whole, nonmanipulated B16-F10 melanoma cells that had been stressed by heat shock and gamma irradiation. Stressed B16-F10 cells underwent apoptosis and were internalized by bone marrow-derived DC during coculture. Surprisingly, coculture of DC with stressed B16-F10 undergoing apoptosis and necrosis did not induce DC maturation. However, a marked retardation in tumor growth was observed in C57BL/6 mice immunized using DC loaded with stressed B16-F10 cells and subsequently challenged with B16-F10 cells. Growth retardation was further increased by treating DC with LPS before in vivo administration. In vivo depletion studies revealed that both CD8(+) and CD4(+) T cells played a critical role in retarding tumor growth. In addition, treatment with anti-CD25 Ab to deplete CD4(+)CD25(+) regulatory T cells before DC vaccination considerably improved the effect of the vaccine and allowed the development of long-lived immune responses that were tumor protective. Our results demonstrate that depletion of regulatory T cells is an effective approach to improving the success of DC-based vaccination against weakly immunogenic tumors. Such a strategy can be readily applied to other tumor models and extended to therapeutic vaccination settings.</text>
    </passage>
  </document>
</collection>
