<?xml version="1.0" encoding="UTF-8"?>
<!DOCTYPE collection SYSTEM "BioC.dtd">
<collection>
  <source>BioC-API</source>
  <date>20250117</date>
  <key>collection.key</key>
  <document>
    <id>16434967</id>
    <infon key="tt_curatable">no</infon>
    <infon key="tt_version">0</infon>
    <infon key="tt_round">0</infon>
    <passage>
      <infon key="type">title</infon>
      <offset>0</offset>
      <text>Sustained trophism of the mammary gland is sufficient to accelerate and synchronize development of ErbB2/Neu-induced tumors.</text>
    </passage>
    <passage>
      <infon key="type">abstract</infon>
      <offset>125</offset>
      <text>Epidemiological studies indicate that parity enhances HER2/ErbB2/Neu-induced breast tumorigenesis. Furthermore, recent studies using multiparous, ErbB2/Neu-overexpressing mouse mammary tumor virus (MMTV-Neu) mice have shown that parity induces a population of cells that are targeted for ErbB2/Neu-induced transformation. Although parity accelerates mammary tumorigenesis, the pattern of tumor development in multiparous MMTV-Neu mice remains stochastic, suggesting that additional events are required for ErbB2/Neu to cause mammary tumors. Whether such events are genetic in nature or reflective of the dynamic hormonal control of the gland that occurs with pregnancy remains unclear. We postulated that young age at pregnancy initiation or chronic trophic maintenance of mammary epithelial cells might provide a cellular environment that significantly increases susceptibility to ErbB2/Neu-induced tumorigenesis. MMTV-Neu mice that were maintained pregnant or lactating beginning at 3 weeks of age demonstrated accelerated tumorigenesis, but this process was still stochastic, indicating that early pregnancy does not provide the requisite events of tumorigenesis. However, bitransgenic mice that were generated by breeding MMTV-Neu mice with a luteinizing hormone-overexpressing mouse model of ovarian hyperstimulation developed multifocal mammary tumors in an accelerated, synchronous manner compared to virgin MMTV-Neu animals. This synchrony of tumor development in the bitransgenic mice suggests that trophic maintenance of the mammary gland provides the additional events required for tumor formation and maintains the population of cells that are targeted by ErbB2/Neu for transformation. Both the synchrony of tumor appearance and the ability to characterize a window of commitment by ovariectomy/palpation studies permitted microarray analysis to evaluate changes in gene expression over a defined timeline that spans the progression from normal to preneoplastic mammary tissue. These approaches led to identification of several candidate genes whose expression changes in the mammary gland with commitment to ErbB2/Neu-induced tumorigenesis, suggesting that they may either be regulated by ErbB2/Neu and/or contribute to tumor formation.</text>
    </passage>
  </document>
</collection>
