<?xml version="1.0" encoding="UTF-8"?>
<!DOCTYPE collection SYSTEM "BioC.dtd">
<collection>
  <source>BioC-API</source>
  <date>20250117</date>
  <key>collection.key</key>
  <document>
    <id>18984457</id>
    <infon key="tt_curatable">no</infon>
    <infon key="tt_version">0</infon>
    <infon key="tt_round">0</infon>
    <passage>
      <infon key="type">title</infon>
      <offset>0</offset>
      <text>Reversible impairment of coronary flow reserve in takotsubo cardiomyopathy: a myocardial PET study.</text>
    </passage>
    <passage>
      <infon key="type">abstract</infon>
      <offset>100</offset>
      <text>BACKGROUND: The precise etiology of takotsubo cardiomyopathy remains unclear. The study of myocardial blood flow (MBF) and coronary flow reserve (CFR) by use of positron emission tomography might help in understanding this syndrome. METHODS AND RESULTS: Three postmenopausal women underwent adenosine/rest perfusion with nitrogen 13 ammonia and metabolism with fluorine 18 fluorodeoxyglucose positron emission tomography, coronary angiography, cardiac magnetic resonance, and echocardiography in the acute phase of takotsubo cardiomyopathy and at 3 months' follow-up, after normalization of left ventricular function. PET study was performed in 2 parts: the perfusion analysis with nitrogen ammonia and the metabolism of the heart using FDG. MBF and CFR were analyzed quantitatively in the acute phase and at follow-up. The images highlighted the impairment of tissue metabolism in the dysfunctioning left ventricular segments in the acute phase, mainly in the apical segments and progressively less in the medium segments. At the same time, a clear inverse metabolic/perfusion mismatch emerged, which normalized 3 months later. The quantitative analysis of MBF showed a reduction in the acute phase in apical segments in comparison to basal segments without differences between midventricular and basal segments. In the acute phase CFR proved to be reduced in apical versus basal segments. CFR impairment of apical segments recovered completely after 3 months. CONCLUSION: The acute phase of takotsubo cardiomyopathy is characterized by an inverse perfusion/metabolism mismatch with a reduction in CFR in the apical segments. However, the impairment of CFR and the reduction of metabolism in the apical segments recovered completely after 3 months.</text>
    </passage>
  </document>
</collection>
