<?xml version="1.0" encoding="UTF-8"?>
<!DOCTYPE collection SYSTEM "BioC.dtd">
<collection>
  <source>BioC-API</source>
  <date>20250117</date>
  <key>collection.key</key>
  <document>
    <id>19299737</id>
    <infon key="tt_curatable">no</infon>
    <infon key="tt_version">0</infon>
    <infon key="tt_round">0</infon>
    <passage>
      <infon key="type">title</infon>
      <offset>0</offset>
      <text>Complement factor H, a marker of self protects against experimental autoimmune encephalomyelitis.</text>
    </passage>
    <passage>
      <infon key="type">abstract</infon>
      <offset>98</offset>
      <text>The CNS innate immune response is a "double-edged sword" representing a fine balance between protective antipathogen responses and detrimental neurocytotoxic effects. Hence, it is important to identify the key regulatory mechanisms involved in the control of CNS innate immunity and which could be harnessed to explore novel therapeutic avenues. In analogy to the newly described neuroimmune regulatory proteins also known as "don't eat me" signals (CD200, CD47, CD22, fractalkine, semaphorins), we herein identify the key role of complement regulator factor H (fH) in controlling neuroinflammation initiated in an acute mouse model of Ab-dependent experimental autoimmune encephalomyelitis. Mouse fH was found to be abundantly expressed by primary cultured neurons and neuronal cell lines (N1E115 and Neuro2a) at a level comparable to BV2 microglia and CLTT astrocytes. Mouse neurons expressed other complement regulators crry and low levels of CD55. In the brain, the expression of fH was localized to neuronal bodies and axons, endothelial cells, microglia but not oligodendrocytes and myelin sheaths and was dramatically reduced in inflammatory experimental autoimmune encephalomyelitis settings. When exogenous human fH was administered to disease Ab-dependent experimental autoimmune encephalomyelitis animals, there was a significant decrease in clinical score, inflammation, and demyelination, as compared with PBS-injected animals. We found that the accumulation of human fH in the brain parenchyma protected neurons from complement opsonization, axonal injury, and leukocyte infiltration. Our data argue for a key regulatory activity of fH in neuroprotection and provide novel therapeutic avenues for CNS chronic inflammatory diseases.</text>
    </passage>
  </document>
</collection>
