<?xml version="1.0" encoding="UTF-8"?>
<!DOCTYPE collection SYSTEM "BioC.dtd">
<collection>
  <source>BioC-API</source>
  <date>20250117</date>
  <key>collection.key</key>
  <document>
    <id>19486896</id>
    <infon key="tt_curatable">no</infon>
    <infon key="tt_version">0</infon>
    <infon key="tt_round">0</infon>
    <passage>
      <infon key="type">title</infon>
      <offset>0</offset>
      <text>Loss of AMPK exacerbates experimental autoimmune encephalomyelitis disease severity.</text>
    </passage>
    <passage>
      <infon key="type">abstract</infon>
      <offset>85</offset>
      <text>AMP-activated protein kinase (AMPK) is an energy sensing metabolic switch in mammalian cells. Here, we report our novel finding that AMPK is lost in all immune cells of experimental autoimmune encephalomyelitis (EAE), an inflammatory disease of Central Nervous System (CNS). AMPKalpha1 is predominantly expressed in T cells and antigen presenting cells (APCs), which are primarily involved in EAE disease progression. AMPK is lost at protein level in spleen macrophages, total T cells and their subsets (CD4, CD8 and regulatory T cells) isolated from EAE afflicted animals compared to control, without affecting its mRNA levels suggesting that the loss of AMPK protein is the result of posttranscriptional modification. To examine its pathological relevance in inflammatory disease, EAE was induced in wild type (+/+) and AMPKalpha1 null mice (-/-) using MOG(35-55) peptide. AMPKalpha1(-/-) mice exhibited severe EAE disease with profound infiltration of mononuclear cells compared to wild type mice however, AMPKalpha2 is not involved in enhancing the severity of the disease. Spleen cells isolated from AMPKalpha1(-/-) immunized mice exhibited a significant induction in the production of IFNgamma. Our study identifies AMPK as a down regulated target during disease in all immune cells and possibly restoring AMPK may serve as a novel therapeutic target in autoimmune diseases like multiple sclerosis (MS).</text>
    </passage>
  </document>
</collection>
