<?xml version="1.0" encoding="UTF-8"?>
<!DOCTYPE collection SYSTEM "BioC.dtd">
<collection>
  <source>BioC-API</source>
  <date>20250117</date>
  <key>collection.key</key>
  <document>
    <id>20061941</id>
    <infon key="tt_curatable">no</infon>
    <infon key="tt_version">0</infon>
    <infon key="tt_round">0</infon>
    <passage>
      <infon key="type">title</infon>
      <offset>0</offset>
      <text>Mechanism of action of oral fingolimod (FTY720) in multiple sclerosis.</text>
    </passage>
    <passage>
      <infon key="type">abstract</infon>
      <offset>71</offset>
      <text>Fingolimod (FTY720) is a first-in-class orally bioavailable compound that has shown efficacy in advanced clinical trials for the treatment of multiple sclerosis (MS). In vivo, fingolimod is phosphorylated to form fingolimod-phosphate, which resembles naturally occurring sphingosine 1-phosphate (S1P), an extracellular lipid mediator whose major effects are mediated by cognate G protein-coupled receptors. There are at least 5 S1P receptor subtypes, known as S1P subtypes 1-5 (S1P1-5), 4 of which bind fingolimod-phosphate. These receptors are expressed on a wide range of cells that are involved in many biological processes relevant to MS. S1P1 plays a key role in the immune system, regulating lymphocyte egress from lymphoid tissues into the circulation. Fingolimod-phosphate initially activates lymphocyte S1P1 via high-affinity receptor binding yet subsequently induces S1P1 down-regulation that prevents lymphocyte egress from lymphoid tissues, thereby reducing autoaggressive lymphocyte infiltration into the central nervous system (CNS). S1P receptors are also expressed by many CNS cell types and have been shown to influence cell proliferation, morphology, and migration. Fingolimod crosses the blood-brain barrier and may therefore have direct CNS effects, distinguishing it from immunologically targeted MS therapies. Prophylactic administration of fingolimod to animals with experimental autoimmune encephalitis (EAE), a model of MS, completely prevents development of EAE features, whereas therapeutic administration significantly reduces clinical severity of EAE. Therapeutic efficacy observed in animal studies has been substantiated in phase 2 and 3 trials involving patients with relapsing or relapsing-remitting MS.</text>
    </passage>
  </document>
</collection>
