<?xml version="1.0" encoding="UTF-8"?>
<!DOCTYPE collection SYSTEM "BioC.dtd">
<collection>
  <source>BioC-API</source>
  <date>20250117</date>
  <key>collection.key</key>
  <document>
    <id>20182518</id>
    <infon key="tt_curatable">no</infon>
    <infon key="tt_version">0</infon>
    <infon key="tt_round">0</infon>
    <passage>
      <infon key="type">title</infon>
      <offset>0</offset>
      <text>Anti-inflammatory effect by lentiviral-mediated overexpression of IL-10 or IL-1 receptor antagonist in rat glial cells and macrophages.</text>
    </passage>
    <passage>
      <infon key="type">abstract</infon>
      <offset>136</offset>
      <text>Neuroinflammation, as defined by activation of local glial cells and production of various inflammatory mediators, is an important feature of many neurological disorders. Expression of pro-inflammatory mediators produced by glial cells in the central nervous system (CNS) is considered to contribute to the neuropathology observed in those diseases. To diminish the production or action of pro-inflammatory mediators, we have used lentiviral (LV) vector-mediated encoding rat interleukin-10 (rIL-10) or rat interleukin-1 receptor antagonist (rIL-1ra) to direct the local, long-term expression of these anti-inflammatory cytokines in the CNS. We have shown that cultured macrophages or astroglia transduced with LV-rIL-10 or LV-rIL-1ra produced far less tumor necrosis factor (TNF)alpha or IL-6, respectively in response to pro-inflammatory stimuli. Moreover, intracerebroventricular (i.c.v.) administration of LV-rIL-10 or LV-rIL-1ra resulted in transduction of glial cells and macrophages and, subsequently reduced TNFalpha, IL-6 and inducible nitric oxide synthase (iNOS) expression in various brain regions induced by inflammatory stimuli, whereas peripheral expression of these mediators remained unaffected. In addition, expression levels of the anti-inflammatory cytokines IL-4 and transforming growth factor-beta were not altered in either brain or pituitary gland. Furthermore, i.c.v. administration of LV-rIL-10 or LV-rIL-1ra given during the remission phase of chronic-relapsing experimental autoimmune encephalomyelitis, an animal model of multiple sclerosis, improved the clinical outcome of the relapse phase. Thus, local application of LV vectors expressing anti-inflammatory cytokines could be of therapeutic interest to counteract pro-inflammatory processes in the brain without interfering with the peripheral production of inflammatory mediators.</text>
    </passage>
  </document>
</collection>
