<?xml version="1.0" encoding="UTF-8"?>
<!DOCTYPE collection SYSTEM "BioC.dtd">
<collection>
  <source>BioC-API</source>
  <date>20250117</date>
  <key>collection.key</key>
  <document>
    <id>20194714</id>
    <infon key="tt_curatable">no</infon>
    <infon key="tt_version">0</infon>
    <infon key="tt_round">0</infon>
    <passage>
      <infon key="type">title</infon>
      <offset>0</offset>
      <text>Blockade of programmed death ligand 1 enhances the therapeutic efficacy of combination immunotherapy against melanoma.</text>
    </passage>
    <passage>
      <infon key="type">abstract</infon>
      <offset>119</offset>
      <text>Inhibition of antitumor T cell responses can be mediated by the productive interaction between the programmed death-1 (PD-1) receptor on T cells and its ligand PD-L1. PD-L1 is highly expressed on both murine bone marrow-derived dendritic cells (DCs) and B16 melanoma. In this study, in vitro blockade of PD-L1 interaction on DCs led to enhanced IFN-gamma production and cytotoxicity by Ag-specific T cells. In vivo, the systemic administration of anti-PD-L1 Ab plus melanoma peptide-pulsed DCs resulted in a higher number of melanoma peptide-specific CD8(+) T cells, but this combination was insufficient to delay the growth of established B16 melanoma. Although the addition of 600 rad of total body irradiation delayed tumor growth, further adoptive transfer of Ag-specific CD8(+) T cells was needed to achieve tumor regression and long-term survival of the treated mice. Lymphopenic mice treated with anti-PD-L1 Ab demonstrated increased activation and persistence of adoptively transferred T cells, including a higher number of CD8(+) T cells infiltrating the tumor mass. Together, these studies support the blocking of PD-L1 signaling as a means to enhance combined immunotherapy approaches against melanoma.</text>
    </passage>
  </document>
</collection>
