<?xml version="1.0" encoding="UTF-8"?>
<!DOCTYPE collection SYSTEM "BioC.dtd">
<collection>
  <source>BioC-API</source>
  <date>20250117</date>
  <key>collection.key</key>
  <document>
    <id>20195267</id>
    <infon key="tt_curatable">no</infon>
    <infon key="tt_version">0</infon>
    <infon key="tt_round">0</infon>
    <passage>
      <infon key="type">title</infon>
      <offset>0</offset>
      <text>Mechanisms of stress (Takotsubo) cardiomyopathy.</text>
    </passage>
    <passage>
      <infon key="type">abstract</infon>
      <offset>49</offset>
      <text>Stress cardiomyopathy, also referred to as Takotsubo cardiomyopathy, transient apical ballooning or broken heart syndrome, is a disorder associated with transient left ventricular dysfunction. Symptoms include acute chest pain and dyspnea accompanied by electrocardiographic changes, such as ST-segment elevation and T-wave inversions, minimal elevation of cardiac enzyme levels and transient wall-motion abnormalities in the absence of substantial coronary artery obstruction. Complete recovery of contractile function has been documented in nearly all cases, but the mechanisms of disease remain unclear and the cause has not been established. Coronary artery vasospasm, microcirculation dysfunction, and transient obstruction of the left ventricular outflow tract have been proposed as possible causes of this disorder. An excessive release of catecholamines also seems to have a pivotal role in the development of stress cardiomyopathy. This Review summarizes published data on stress cardiomyopathy, focusing primarily on the most likely causes of this cardiac entity.</text>
    </passage>
  </document>
</collection>
