<?xml version="1.0" encoding="UTF-8"?>
<!DOCTYPE collection SYSTEM "BioC.dtd">
<collection>
  <source>BioC-API</source>
  <date>20250117</date>
  <key>collection.key</key>
  <document>
    <id>20541719</id>
    <infon key="tt_curatable">no</infon>
    <infon key="tt_version">0</infon>
    <infon key="tt_round">0</infon>
    <passage>
      <infon key="type">title</infon>
      <offset>0</offset>
      <text>Takotsubo cardiomyopathy: a unique cardiomyopathy with variable ventricular morphology.</text>
    </passage>
    <passage>
      <infon key="type">abstract</infon>
      <offset>88</offset>
      <text>Takotsubo cardiomyopathy is an important differential diagnosis of acute coronary syndrome. It is characterized by normal (or near-normal) coronary arteries, regional wall motion abnormalities that extend beyond a single coronary vascular bed, and often, a precipitating stressor. Variants of the classical left ventricular apical ballooning, including mid- or basal left ventricular wall motion abnormalities, are increasingly recognized. Takotsubo cardiomyopathy is not rare, and heightened awareness of this unique cardiomyopathy likely will lead to a higher reported incidence. Diagnosis of takotsubo cardiomyopathy has important implications for clinical management at presentation and afterward. The long-term prognosis is generally favorable; however, a small subset has potentially life-threatening complications during the initial presentation. The pathophysiologic mechanism is unknown, but catecholamine excess likely has a central role.</text>
    </passage>
  </document>
</collection>
