<?xml version="1.0" encoding="UTF-8"?>
<!DOCTYPE collection SYSTEM "BioC.dtd">
<collection>
  <source>BioC-API</source>
  <date>20250117</date>
  <key>collection.key</key>
  <document>
    <id>20610741</id>
    <infon key="tt_curatable">no</infon>
    <infon key="tt_version">0</infon>
    <infon key="tt_round">0</infon>
    <passage>
      <infon key="type">title</infon>
      <offset>0</offset>
      <text>Myelin repair is accelerated by inactivating CXCR2 on nonhematopoietic cells.</text>
    </passage>
    <passage>
      <infon key="type">abstract</infon>
      <offset>78</offset>
      <text>Multiple sclerosis (MS) is an inflammatory demyelinating disease of the CNS and remyelination in MS ultimately fails. Although strategies to promote myelin repair are eagerly sought, mechanisms underlying remyelination in vivo have been elusive. CXCR2 is expressed on neutrophils and oligodendrocyte lineage cells in the CNS. CXCR2-positive neutrophils facilitate inflammatory demyelination in demyelination models such as experimental autoimmune encephalomyelitis (EAE) and cuprizone intoxication. Systemic injection of a small molecule CXCR2 antagonist at the onset of EAE decreased demyelinated lesions. These results left the cellular target of the CXCR2 antagonist uncertain and did not clarify whether CXCR2 blockade prevented demyelination or promoted remyelination. Here, we show that the actions of CXCR2 on nonhematopoietic cells unexpectedly delay myelin repair. Bone marrow chimeric mice (Cxcr2(+/-)--&gt;Cxcr2(-/-) and Cxcr2(+/-)--&gt;Cxcr2(+/+)) were subjected to two distinct models of myelin injury. In all cases, myelin repair was more efficient in Cxcr2(+/-)--&gt;Cxcr2(-/-) animals. Oligodendrocyte progenitor cells (OPCs) in demyelinated lesions of Cxcr2(+/-)--&gt;Cxcr2(-/-) mice proliferated earlier and more vigorously than in tissues from Cxcr2(+/-)--&gt; Cxcr2(+/+) animals. In vitro demyelinated CNS slice cultures also showed better myelin repair when CXCR2 was blocked with neutralizing antibodies or was genetically deleted. Our results suggest that CXCR2 inactivation permits optimal spatiotemporal positioning of OPCs in demyelinating lesions to receive local proliferative and differentiating signals. Given that CXCR2 exerts dual functions that promote demyelination and decrease remyelination by actions toward hematopoietic cells and nonhematopoietic cells, respectively, our findings identify CXCR2 as a promising drug target for clinical demyelinating disorders.</text>
    </passage>
  </document>
</collection>
