<?xml version="1.0" encoding="UTF-8"?>
<!DOCTYPE collection SYSTEM "BioC.dtd">
<collection>
  <source>BioC-API</source>
  <date>20250117</date>
  <key>collection.key</key>
  <document>
    <id>21339489</id>
    <infon key="tt_curatable">no</infon>
    <infon key="tt_version">0</infon>
    <infon key="tt_round">0</infon>
    <passage>
      <infon key="type">title</infon>
      <offset>0</offset>
      <text>Sphingosine 1-phosphate (S1P): Physiology and the effects of S1P receptor modulation.</text>
    </passage>
    <passage>
      <infon key="type">abstract</infon>
      <offset>86</offset>
      <text>Sphingosine 1-phosphate (S1P) and 5 specific high-affinity S1P receptor (S1PR) subtypes, S1P(1-5), have important regulatory functions in normal physiology and disease processes, particularly involving the immune, central nervous, and cardiovascular systems. Within the immune system, downmodulation of S1P(1) prevents the egress of B and T cells from lymph nodes (LN) into the lymphatic circulation. This is especially relevant in certain autoimmune diseases, including multiple sclerosis (MS), in which demyelination and brain atrophy occur due to the presence of autoreactive lymphocytes within the CNS. Accordingly, S1P(1)-directed pharmacologic interventions that aim to retain these autoreactive lymphocytes in the LN and thus prevent their recirculation and subsequent infiltration into the CNS have been investigated as a means of preventing disease progression in patients with MS. Fingolimod (FTY720), a structural analog of sphingosine, is phosphorylated in vivo into fingolimod phosphate by sphingosine kinase-2. Fingolimod phosphate, which binds to S1PRs, has been shown to modulate the activity of S1P(1) in patients with MS and to reduce immune cell infiltration into the CNS, consistent with its previously established effects in animal models of the disease. Preclinical studies also suggest that fingolimod has beneficial effects within the CNS that are independent of its immune cell trafficking activity. This review highlights the normal physiologic processes modulated by S1P and S1PRs, and the therapeutic effects of S1PR modulation in the immune, central nervous, and cardiovascular systems.</text>
    </passage>
  </document>
</collection>
