<?xml version="1.0" encoding="UTF-8"?>
<!DOCTYPE collection SYSTEM "BioC.dtd">
<collection>
  <source>BioC-API</source>
  <date>20250117</date>
  <key>collection.key</key>
  <document>
    <id>21940679</id>
    <infon key="tt_curatable">no</infon>
    <infon key="tt_version">0</infon>
    <infon key="tt_round">0</infon>
    <passage>
      <infon key="type">title</infon>
      <offset>0</offset>
      <text>The NF-κB transcription factor c-Rel is required for Th17 effector cell development in experimental autoimmune encephalomyelitis.</text>
    </passage>
    <passage>
      <infon key="type">abstract</infon>
      <offset>134</offset>
      <text>Experimental autoimmune encephalomyelitis (EAE) is a T cell-mediated autoimmune disease involving effector Th subsets such as Th1 and Th17. In this study, we demonstrate that mice lacking the NF-κB transcription factor family member c-Rel (rel(-/-)), which are known to be resistant to EAE, show impaired Th17 development. Mixed bone marrow chimeras and EAE adoptive transfer experiments show that the deficiency of effector Th17 cells in rel(-/-) mice is T cell intrinsic. Consistent with this finding, c-Rel was activated in response to TCR signaling in the early stages of Th17 development and controlled the expression of Rorc, which encodes the Th17 transcription factor retinoic acid-related orphan receptor γt. CD28, but not IL-2, repression of Th17 development was dependent on c-Rel, implicating a dual role for c-Rel in modulating Th17 development. Adoptive transfer experiments also suggested that c-Rel control of regulatory T cell differentiation and homeostasis influences EAE development and severity by influencing the balance between Th17 and regulatory T cells. Collectively, our findings indicate that in addition to promoting Th1 differentiation, c-Rel regulates the development and severity of EAE via multiple mechanisms that impact on the generation of Th17 cells.</text>
    </passage>
  </document>
</collection>
