<?xml version="1.0" encoding="UTF-8"?>
<!DOCTYPE collection SYSTEM "BioC.dtd">
<collection>
  <source>BioC-API</source>
  <date>20250117</date>
  <key>collection.key</key>
  <document>
    <id>22373082</id>
    <infon key="tt_curatable">no</infon>
    <infon key="tt_version">0</infon>
    <infon key="tt_round">0</infon>
    <passage>
      <infon key="type">title</infon>
      <offset>0</offset>
      <text>Focal adhesion kinase contributes to proliferative potential of ErbB2 mammary tumour cells but is dispensable for ErbB2 mammary tumour induction in vivo.</text>
    </passage>
    <passage>
      <infon key="type">abstract</infon>
      <offset>154</offset>
      <text>INTRODUCTION: Activation of focal adhesion kinase (FAK) is hypothesized to play an important role in the pathogenesis of human breast cancer. METHODS: To directly evaluate the role of FAK in mammary tumour progression, we have used a conditional FAK mouse model and mouse mammary tumour virus (MMTV)-driven Cre recombinase strain to inactivate FAK in the mammary epithelium of a transgenic mouse model of ErbB2 breast cancer. RESULTS: Although mammary epithelial disruption of FAK in this model resulted in both a delay in onset and a decrease in the number of neoplastic lesions, mammary tumours occurred in 100% of virgin female mice. All of the tumours and derived metastases that developed were proficient for FAK due to the absence of Cre recombinase expression. The hyperplastic epithelia where Cre-mediated recombination of FAK could be detected exhibited a profound proliferative defect. Consistent with these observations, disruption of FAK in established tumour cells resulted in reduced tumour growth that was associated with impaired proliferation. To avoid the selection for FAK-proficient ErbB2 tumour epithelia through escape of Cre-mediated recombination, we next intercrossed the FAK conditional mice with a separate MMTV-driven ErbB2 strain that co-expressed ErbB2 and Cre recombinase on the same transcriptional unit. CONCLUSIONS: While a delay in tumour induction was noted, FAK-deficient tumours arose in 100% of female animals indicating that FAK is dispensable for ErbB2 tumour initiation. In addition, the FAK-null ErbB2 tumours retained their metastatic potential. We further demonstrated that the FAK-related Pyk2 kinase is still expressed in these tumours and is associated with its downstream regulator p130Cas. These observations indicate that Pyk2 can functionally substitute for FAK in ErbB2 mammary tumour progression.</text>
    </passage>
  </document>
</collection>
