<?xml version="1.0" encoding="UTF-8"?>
<!DOCTYPE collection SYSTEM "BioC.dtd">
<collection>
  <source>BioC-API</source>
  <date>20250117</date>
  <key>collection.key</key>
  <document>
    <id>22718407</id>
    <infon key="tt_curatable">no</infon>
    <infon key="tt_version">0</infon>
    <infon key="tt_round">0</infon>
    <passage>
      <infon key="type">title</infon>
      <offset>0</offset>
      <text>[Basic mechanisms of action of fingolimod in relation to multiple sclerosis].</text>
    </passage>
    <passage>
      <infon key="type">abstract</infon>
      <offset>78</offset>
      <text>INTRODUCTION: Fingolimod has recently been approved for the therapy of relapsing multiple sclerosis. This drug binds to different sphingosine-1-phosphate receptors. AIM: To analyze basic mechanisms of action that can account for the efficacy of this drug in multiple sclerosis. DEVELOPMENT: Fingolimod acts as an inverse agonist on sphingosine-1-phosphate receptors, inducing degradation of receptors. On lymphoid circulation, this effect causes retention in lymph nodes of naive and central memory T cells, including Th17 T lymphocytes, bearing CCR7 and CD62L receptors. As a result, the level of circulating T cells is markedly decreased. B ell circulation is impaired and complex effects on other immune cells are also induced. Fingolimod enters the central nervous system and binds to receptors on glial cells and neurons. In experimental autoimmune encephalomyelitis, the therapeutic efficacy of fingolimod is not only associated with a reduced entry of inflammatory cells into the nervous system, but also with a direct effect mostly on astroglial cells. CONCLUSIONS: In multiple sclerosis patients, the available evidence indicates that fingolimod efficacy is directly associated with impairment of circulation of several T cell subsets and possibly B cells. Animal studies raise the possibility that an additional effect on glial cells might also contribute to the clinical efficacy.</text>
    </passage>
  </document>
</collection>
