<?xml version="1.0" encoding="UTF-8"?>
<!DOCTYPE collection SYSTEM "BioC.dtd">
<collection>
  <source>BioC-API</source>
  <date>20250117</date>
  <key>collection.key</key>
  <document>
    <id>23001131</id>
    <infon key="tt_curatable">no</infon>
    <infon key="tt_version">0</infon>
    <infon key="tt_round">0</infon>
    <passage>
      <infon key="type">title</infon>
      <offset>0</offset>
      <text>Transglutaminase 2 exacerbates experimental autoimmune encephalomyelitis through positive regulation of encephalitogenic T cell differentiation and inflammation.</text>
    </passage>
    <passage>
      <infon key="type">abstract</infon>
      <offset>162</offset>
      <text>The increased activity of transglutaminase 2 (TG2) in various inflammatory and fibrotic conditions results in the development of numerous disease processes. Experimental autoimmune encephalomyelitis (EAE), an animal model of multiple sclerosis, is an inflammatory and demyelinating disease of the central nervous system and is mediated by many inflammatory cytokines and mediators. We examined the role of TG2 in encephalitogenic CD4(+) T cell responses and EAE development using mice lacking TG2 (TG2(-/-)). TG2(-/-) mice showed decreased disease severity as compared with wild-type (WT) mice. Treatment with cysteamine, a TG2 inhibitor, ameliorated disease severity in WT mice. Exacerbated disability in WT mice resulted from the increased infiltration of cytokine-producing CD4(+) T cells and sustained expression of inflammatory cytokines and mediators in the lesion. The increased number of IL-17- and IFN-γ-producing cells in the spinal cord resulted from peripheral expansion of these cells after immunization with myelin-derived antigen. In vitro differentiation of WT and TG2(-/-) splenocytes revealed that proliferation and activation-induced cell death did not differ, but differentiation into IL-17- or IFN-γ-producing cells was increased in WT mice. Adoptive transfer experiments revealed that pathogenic CD4(+) T cell differentiation and disease progression were caused by both the T cell-intrinsic and -extrinsic effects of TG2. This study is the first to report a pathogenic role for TG2 in the EAE progress and suggests that therapeutic targeting of TG2 may be effective against multiple sclerosis.</text>
    </passage>
  </document>
</collection>
