<?xml version="1.0" encoding="UTF-8"?>
<!DOCTYPE collection SYSTEM "BioC.dtd">
<collection>
  <source>BioC-API</source>
  <date>20250117</date>
  <key>collection.key</key>
  <document>
    <id>23099354</id>
    <infon key="tt_curatable">no</infon>
    <infon key="tt_version">0</infon>
    <infon key="tt_round">0</infon>
    <passage>
      <infon key="type">title</infon>
      <offset>0</offset>
      <text>A mouse model reveals an important role for catecholamine-induced lipotoxicity in the pathogenesis of stress-induced cardiomyopathy.</text>
    </passage>
    <passage>
      <infon key="type">abstract</infon>
      <offset>133</offset>
      <text>AIM: Stress-induced cardiomyopathy (SIC), also known as takotsubo cardiomyopathy, is an acute cardiac syndrome with substantial morbidity and mortality. The unique hallmark of SIC is extensive ventricular dysfunction (akinesia) involving apical segments with preserved function in basal segments. Adrenergic overstimulation plays an important role in initiating SIC, but the pathomechanisms involved are unknown. We tested the hypothesis that excessive catecholamines cause perturbation of myocardial lipid metabolism and that cardiac lipotoxicity is responsible for the pathogenesis of SIC. METHODS AND RESULTS: A single dose injection of isoprenaline (ISO; 400 mg/kg) induced SIC-like regional akinesia in mice. Oil red O staining revealed severe lipid accumulation in the heart 2 h post-ISO. Both intramyocardial lipid accumulation and cardiac function were normalized within 1 week post-ISO and no significant amount of fibrosis was detected. We found that gene expression of lipid importers and exporters (ApoB lipoprotein) was depressed 2 h post-ISO. These results were confirmed by similar findings in SIC patients and in ISO/patient serum-stressed HL-1 cardiomyocytes. Moreover, overexpression of ApoB in the heart was found to protect against the development of ISO-induced cardiac toxicity and cardiac dysfunction. We also found that ISO-induced intramyocardial lipid accumulation caused electrophysiological disturbance and stunning in ISO/patient serum-stressed HL-1 cardiomyocytes. CONCLUSIONS: The present study demonstrates that lipotoxicity is closely associated with catecholamine-induced myocardial dysfunction, including neurogenic stunning, metabolic stunning, and electrophysiological stunning. Cardiac lipotoxicity may originate from direct inhibition of myocardial ApoB lipoprotein and subsequent decreased lipid export, caused by supraphysiological levels of catecholamines.</text>
    </passage>
  </document>
</collection>
