<?xml version="1.0" encoding="UTF-8"?>
<!DOCTYPE collection SYSTEM "BioC.dtd">
<collection>
  <source>BioC-API</source>
  <date>20250117</date>
  <key>collection.key</key>
  <document>
    <id>23549510</id>
    <infon key="tt_curatable">no</infon>
    <infon key="tt_version">0</infon>
    <infon key="tt_round">0</infon>
    <passage>
      <infon key="type">title</infon>
      <offset>0</offset>
      <text>An unusual reason for severe bradycardia leading to cardiac arrest during general anaesthesia: a case report.</text>
    </passage>
    <passage>
      <infon key="type">abstract</infon>
      <offset>110</offset>
      <text>BACKGROUND: Takotsubo cardiomyopathy also known as transient balooning syndrome is an increasingly reported phenomenon characterized by acute reversible apical or midventricular dysfunction. This stress- induced cardiomyopathy mimics myocardial infarction, but without significant coronary artery disease, and rarely presents in perioperative period. METHODS AND RESULTS: We report a case of postmenopausal woman scheduled to undergo elective cholecystectomy, with no history of coronary artery disease. She presented perioperatively with Takotsubo cardiomyopathy by unique manifestation-asystoly. This uncommon cause of cardiac arrest during anaesthesia was possibly induced by preoperative emotional stress. There was full recovery thanks to intensive management. In Takotsubo cardiomyopathy related cardiogenic shock we used the calcium sensitiser levosimendan successfully. CONCLUSION: Takotsubo cardiomyopathy has an excellent long-term prognosis and nearly all patients have full recovery of left ventricular function. We emphasize the importance of heavy premedication by stress compromised patients and the need of sufficiently deep anaesthesia and analgesia during surgeries.</text>
    </passage>
  </document>
</collection>
