<?xml version="1.0" encoding="UTF-8"?>
<!DOCTYPE collection SYSTEM "BioC.dtd">
<collection>
  <source>BioC-API</source>
  <date>20250117</date>
  <key>collection.key</key>
  <document>
    <id>23563994</id>
    <infon key="tt_curatable">no</infon>
    <infon key="tt_version">0</infon>
    <infon key="tt_round">0</infon>
    <passage>
      <infon key="type">title</infon>
      <offset>0</offset>
      <text>Nuclear transport modulation reduces hypercholesterolemia, atherosclerosis, and fatty liver.</text>
    </passage>
    <passage>
      <infon key="type">abstract</infon>
      <offset>93</offset>
      <text>BACKGROUND: Elevated cholesterol and triglycerides in blood lead to atherosclerosis and fatty liver, contributing to rising cardiovascular and hepatobiliary morbidity and mortality worldwide. METHODS AND RESULTS: A cell-penetrating nuclear transport modifier (NTM) reduced hyperlipidemia, atherosclerosis, and fatty liver in low-density lipoprotein receptor-deficient mice fed a Western diet. NTM treatment led to lower cholesterol and triglyceride levels in blood compared with control animals (36% and 53%, respectively; P&lt;0.005) and liver (41% and 34%, respectively; P&lt;0.05) after 8 weeks. Atherosclerosis was reduced by 63% (P&lt;0.0005), and liver function improved compared with saline-treated controls. In addition, fasting blood glucose levels were reduced from 209 to 138 mg/dL (P&lt;0.005), and body weight gain was ameliorated (P&lt;0.005) in NTM-treated mice, although food intake remained the same as that in control animals. The NTM used in this study, cSN50.1 peptide, is known to modulate nuclear transport of stress-responsive transcription factors such as nuclear factor kappa B, the master regulator of inflammation. This NTM has now been demonstrated to also modulate nuclear transport of sterol regulatory element-binding protein (SREBP) transcription factors, the master regulators of cholesterol, triglyceride, and fatty acid synthesis. NTM-modulated translocation of SREBPs to the nucleus was associated with attenuated transactivation of their cognate genes that contribute to hyperlipidemia. CONCLUSIONS: Two-pronged control of inflammation and dyslipidemia by modulating nuclear transport of their critical regulators offers a new approach to comprehensive amelioration of hyperlipidemia, atherosclerosis, fatty liver, and their potential complications.</text>
    </passage>
  </document>
</collection>
