<?xml version="1.0" encoding="UTF-8"?>
<!DOCTYPE collection SYSTEM "BioC.dtd">
<collection>
  <source>BioC-API</source>
  <date>20250117</date>
  <key>collection.key</key>
  <document>
    <id>23658368</id>
    <infon key="tt_curatable">no</infon>
    <infon key="tt_version">0</infon>
    <infon key="tt_round">0</infon>
    <passage>
      <infon key="type">title</infon>
      <offset>0</offset>
      <text>Synergistic induction of adaptive antitumor immunity by codelivery of antigen with α-galactosylceramide on exosomes.</text>
    </passage>
    <passage>
      <infon key="type">abstract</infon>
      <offset>121</offset>
      <text>Exosomes and the invariant NKT (iNKT) immune cell ligand α-galactosylceramide (αGC) may offer novel tools for cancer immunotherapy. In this study, we investigated whether exosomes loaded with αGC can activate iNKT cells and potentiate a cancer-specific adaptive immune response. αGC loaded exosomes readily activated iNKT cells both in vitro and in vivo. Exosomes loaded with αGC plus the model antigen ovalbumin (OVA) induced potent NK and γδ T-cell innate immune responses, and they also synergistically amplified T- and B-cell responses that were OVA specific. In contrast to soluble αGC, which anergizes iNKT cells, we found that αGC/OVA-loaded exosomes did not induce iNKT cell anergy but were more potent than soluble αGC + OVA in inducing adaptive immune responses. In an OVA-expressing mouse model of melanoma, treatment of tumor-bearing mice with αGC/OVA-loaded exosomes decreased tumor growth, increased antigen-specific CD8(+) T-cell tumor infiltration, and increased median survival, relative to control mice immunized with soluble αGC + OVA alone. Notably, an additional injection of αGC/OVA-loaded exosomes further augmented the treatment effects. Our findings show that exosomes loaded with protein antigen and αGC will activate adaptive immunity in the absence of triggering iNKT-cell anergy, supporting their application in the design of a broad variety of cancer immunotherapy trials.</text>
    </passage>
  </document>
</collection>
