<?xml version="1.0" encoding="UTF-8"?>
<!DOCTYPE collection SYSTEM "BioC.dtd">
<collection>
  <source>BioC-API</source>
  <date>20250117</date>
  <key>collection.key</key>
  <document>
    <id>23791935</id>
    <infon key="tt_curatable">no</infon>
    <infon key="tt_version">0</infon>
    <infon key="tt_round">0</infon>
    <passage>
      <infon key="type">title</infon>
      <offset>0</offset>
      <text>Proteome analysis of post-transplantation recovery mechanisms of an EAE model of multiple sclerosis treated with embryonic stem cell-derived neural precursors.</text>
    </passage>
    <passage>
      <infon key="type">abstract</infon>
      <offset>160</offset>
      <text>Multiple sclerosis (MS) is a chronic inflammatory and progressive disorder of the central nervous system (CNS), which ultimately causes demyelination and subsequent axonal injury. Experimental autoimmune encephalomyelitis (EAE) is a well-characterized animal model to study the etiology and pathogenesis of MS. This model can also be used to investigate various therapeutic approaches for MS. Herein; we have treated a score 3 EAE mouse model with an embryonic stem cell-derived neural precursor. Clinical analysis showed recovery of the EAE model of MS following transplantation. We analyzed the proteome of spinal cords of healthy and EAE samples before and after transplantation. Proteome analysis revealed that expressions of 86 spinal cord protein spots changed in the EAE or transplanted mouse compared to controls. Mass spectrometry resulted in identification of 72 proteins. Of these, the amounts of 27 differentially expressed proteins in EAE samples returned to sham levels after transplantation, suggesting a possible correlation between changes at the proteome level and clinical signs of EAE in transplanted mice. The recovered proteins belonged to various functional groups that included disturbances in ionic and neurotransmitter release, apoptosis, iron hemostasis, and signal transduction. Our results provided a proteomic view of the molecular mechanisms of EAE recovery after stem cell transplantation. BIOLOGICAL SIGNIFICANCE: In this study, we applied proteomics to analyze the changes in proteome pattern of EAE mouse model after embryonic stem cell-derived neural precursor transplantation. Our proteome results clearly showed that the expression levels of several differentially expressed proteins in EAE samples returned to sham levels after transplantation, which suggested a possible correlation between changes at the proteome level and decreased clinical signs of EAE in transplanted mice. These results will serve as a basis to address new questions and design new experiments to elucidate the biology of EAE and recovery after transplantation. A thorough understanding of stem cell-mediated therapeutic mechanisms might result in the development of more efficacious therapies for MS than are currently available.</text>
    </passage>
  </document>
</collection>
