<?xml version="1.0" encoding="UTF-8"?>
<!DOCTYPE collection SYSTEM "BioC.dtd">
<collection>
  <source>BioC-API</source>
  <date>20250117</date>
  <key>collection.key</key>
  <document>
    <id>23871716</id>
    <infon key="tt_curatable">no</infon>
    <infon key="tt_version">0</infon>
    <infon key="tt_round">0</infon>
    <passage>
      <infon key="type">title</infon>
      <offset>0</offset>
      <text>Inhibition of glycogen synthase kinase-3β by lithium chloride suppresses 6-hydroxydopamine-induced inflammatory response in primary cultured astrocytes.</text>
    </passage>
    <passage>
      <infon key="type">abstract</infon>
      <offset>156</offset>
      <text>An increasing amount of evidence has emerged to suggest that neuroinflammatory process is involved in the pathogenesis of Parkinson's disease (PD). Activated microglia and astrocytes are found in the substantia nigra (SN) of Parkinson's disease brains as well as in animal models of Parkinson's disease. Although reactive astrocytes are involved in the progression of PD, the role of reactive astrocytes in neuroinflammation of PD has received limited attention to date. Recently, Glycogen synthase kinase-3β (GSK-3β) was identified as a crucial regulator of the inflammatory response. The purpose of this study was to explore the mechanism by which 6-hydroxydopamine (6-OHDA) induces inflammatory response in astrocytes and observe the anti-inflammatory effect of lithium chloride (LiCl) on 6-OHDA-treated astrocytes. In the present study, we found that glial fibrillary acidic protein (GFAP) was markedly upregulated in the presence of 6-OHDA. Moreover, our results revealed that proinflammatory molecules including inducible nitric oxide synthase (iNOS), nitric oxide (NO), cyclooxygenase-2(COX-2), prostaglandins E2 (PGE2), and tumor necrosis factor-α (TNF-α) were obviously increased in astrocytes exposed to 6-OHDA. Western blot analysis revealed that 6-OHDA significantly increased dephosphorylation/activation of GSK-3β as well as the nuclear translocation of nuclear factor-κB (NF-κB) p65. Besides, GSK-3β inhibitor LiCl and SB415286 inhibited the GSK-3β/NF-κB signaling pathway, leading to the reduction of proinflammatory molecules in 6-OHDA-activated astrocytes. These results confirmed that GSK-3β inhibitor LiCl and SB415286 provide protection against neuroinflammation in 6-OHDA-treated astrocytes. Therefore, GSK-3β may be a potential therapeutic target for the treatment of PD. </text>
    </passage>
  </document>
</collection>
