<?xml version="1.0" encoding="UTF-8"?>
<!DOCTYPE collection SYSTEM "BioC.dtd">
<collection>
  <source>BioC-API</source>
  <date>20250117</date>
  <key>collection.key</key>
  <document>
    <id>24275598</id>
    <infon key="tt_curatable">no</infon>
    <infon key="tt_version">0</infon>
    <infon key="tt_round">0</infon>
    <passage>
      <infon key="type">title</infon>
      <offset>0</offset>
      <text>Treating inflammation by blocking interleukin-1 in humans.</text>
    </passage>
    <passage>
      <infon key="type">abstract</infon>
      <offset>59</offset>
      <text>IL-1 is a master cytokine of local and systemic inflammation. With the availability of specific IL-1 targeting therapies, a broadening list of diseases has revealed the pathologic role of IL-1-mediated inflammation. Although IL-1, either IL-1α or IL-1β, was administered to patients in order to improve bone marrow function or increase host immune responses to cancer, these patients experienced unacceptable toxicity with fever, anorexia, myalgias, arthralgias, fatigue, gastrointestinal upset and sleep disturbances; frank hypotension occurred. Thus it was not unexpected that specific pharmacological blockade of IL-1 activity in inflammatory diseases would be beneficial. Monotherapy blocking IL-1 activity in a broad spectrum of inflammatory syndromes results in a rapid and sustained reduction in disease severity. In common conditions such as heart failure and gout arthritis, IL-1 blockade can be effective therapy. Three IL-1blockers have been approved: the IL-1 receptor antagonist, anakinra, blocks the IL-1 receptor and therefore reduces the activity of IL-1α and IL-1β. A soluble decoy receptor, rilonacept, and a neutralizing monoclonal anti-interleukin-1β antibody, canakinumab, are also approved. A monoclonal antibody directed against the IL-1 receptor and a neutralizing anti-IL-1α are in clinical trials. By specifically blocking IL-1, we have learned a great deal about the role of this cytokine in inflammation but equally important, reducing IL-1 activity has lifted the burden of disease for many patients. </text>
    </passage>
  </document>
</collection>
