<?xml version="1.0" encoding="UTF-8"?>
<!DOCTYPE collection SYSTEM "BioC.dtd">
<collection>
  <source>BioC-API</source>
  <date>20250117</date>
  <key>collection.key</key>
  <document>
    <id>24485636</id>
    <infon key="tt_curatable">no</infon>
    <infon key="tt_version">0</infon>
    <infon key="tt_round">0</infon>
    <passage>
      <infon key="type">title</infon>
      <offset>0</offset>
      <text>Inhibition of high-mobility group box 1 improves myocardial fibrosis and dysfunction in diabetic cardiomyopathy.</text>
    </passage>
    <passage>
      <infon key="type">abstract</infon>
      <offset>113</offset>
      <text>BACKGROUND: High-mobility group box 1 (HMGB1) is an important mediator of the inflammatory response. Its expression is increased in diabetic cardiomyopathy (DCM), but its role is unclear. We investigated the potential role and mechanism of HMGB1 in diabetes-induced myocardial fibrosis and dysfunction in mice. METHODS: In vivo, type 1 diabetes was induced by streptozotocin (STZ) in mice. HMGB1 expression was knocked down by lentivirus-mediated short-hairpin RNA (shRNA). Cardiac function was assessed by echocardiography. Total collagen deposition was assessed by Masson's trichrome and Picrosirius red staining. HMGB1, collagen I and III, and transforming growth factor β1 (TGF-β1) expression was quantified by immunostaining and western bolt analysis. In vitro, isolated neonatal cardiac fibroblasts were treated with high glucose (HG) or recombinant HMGB1 (rHMGB1). Pharmacologic (neutralizing anti-HMGB1 antibody) or genetic (shRNA-HMGB1) inhibition of HMGB1 was used to investigate the role of HMGB1 in HG-induced functional changes of cardiac fibroblasts. RESULTS: In vivo, HMGB1 was diffusely expressed in the myocardium of diabetic mice. HMGB1 silencing ameliorated left ventricular dysfunction and remodeling and decreased collagen deposition in diabetic mice. In vitro, HG induced HMGB1 translocation and secretion in both viable cardiomyocytes and fibroblasts. Administration of rHMGB1 dose-dependently increased the expression of collagens I and III and TGF-β1 in cardiac fibroblasts. HMGB1 inhibition reduced HG-induced collagen production, matrix metalloproteinase (MMP) activities, proliferation, and activated mitogen-activated protein kinase signaling in cardiac fibroblasts. CONCLUSIONS: HMGB1 inhibition could alleviate cardiac fibrosis and remodeling in diabetic cardiomyopathy. Inhibition of HMGB1 might have therapeutic potential in the treatment of the disease.</text>
    </passage>
  </document>
</collection>
