<?xml version="1.0" encoding="UTF-8"?>
<!DOCTYPE collection SYSTEM "BioC.dtd">
<collection>
  <source>BioC-API</source>
  <date>20250117</date>
  <key>collection.key</key>
  <document>
    <id>24522920</id>
    <infon key="tt_curatable">no</infon>
    <infon key="tt_version">0</infon>
    <infon key="tt_round">0</infon>
    <passage>
      <infon key="type">title</infon>
      <offset>0</offset>
      <text>MicroRNA 155 regulates Japanese encephalitis virus-induced inflammatory response by targeting Src homology 2-containing inositol phosphatase 1.</text>
    </passage>
    <passage>
      <infon key="type">abstract</infon>
      <offset>144</offset>
      <text>UNLABELLED: MicroRNAs (miRNAs) are single-stranded small RNA molecules that regulate various cellular processes. miRNA 155 (miR-155) regulates various aspects of innate and adaptive immune responses and plays a key role in various viral infections and the resulting neuroinflammation. The present study evaluated the involvement of miR-155 in modulating Japanese encephalitis virus (JEV)-induced neuroinflammation. We observed that miR-155 expression was upregulated during JEV infection of mouse primary microglia, the BV-2 microglia cell line, and in both mouse and human brains. In vitro and in vivo knockdown of miR-155 minimized JEV-induced inflammatory responses. In the present study, we confirmed targeting of the Src homology 2-containing inositol phosphatase 1 (SHIP1) 3' untranslated region (UTR) by miR-155 in the context of JEV infection. Inhibition of SHIP1 by miR-155 resulted in higher beta interferon (IFN-β) and proinflammatory cytokine production through activation of TANK-binding kinase 1 (TBK-1). Based on these observations, we conclude that miR-155 modulates the neuroinflammatory response during JEV infection via negative regulation of SHIP1 expression. Thus, modulation of miR-155 could be a novel strategy to regulate JEV-induced neuroinflammation. IMPORTANCE: Japanese encephalitis virus (JEV), a member of the family Flaviviridae that causes Japanese encephalitis (JE), is the most common mosquito-borne encephalitis virus in the Asia-Pacific region. The disease is feared, as currently there are no specific antiviral drugs available. JEV targets the central nervous system, leading to high mortality and neurological and psychiatric sequelae in some of those who survive. The level of inflammation correlates well with the clinical outcome in patients. Recently, microRNA (miRNA), a single-stranded noncoding RNA, has been implicated in various brain disorders. The present study investigates the role of miRNA in JEV-induced neuroinflammation. Our results show that miRNA 155 (miR-155) targets the Src homology 2-containing inositol phosphatase 1 (SHIP1) protein and promotes inflammation by regulating the NF-κB pathway, increasing the expression of various proinflammatory cytokines and the antiviral response. Thus, miR-155 is a potential therapeutic target to develop antivirals in JE and other brain disorders where inflammation plays a significant role in disease progression.</text>
    </passage>
  </document>
</collection>
