<?xml version="1.0" encoding="UTF-8"?>
<!DOCTYPE collection SYSTEM "BioC.dtd">
<collection>
  <source>BioC-API</source>
  <date>20250117</date>
  <key>collection.key</key>
  <document>
    <id>24754972</id>
    <infon key="tt_curatable">no</infon>
    <infon key="tt_version">0</infon>
    <infon key="tt_round">0</infon>
    <passage>
      <infon key="type">title</infon>
      <offset>0</offset>
      <text>Takotsubo syndrome (stress cardiomyopathy): an intriguing clinical condition in search of its identity.</text>
    </passage>
    <passage>
      <infon key="type">abstract</infon>
      <offset>104</offset>
      <text>Takotsubo syndrome is a relatively frequent clinical entity presenting typically as an acute coronary syndrome in the absence of obstructive coronary artery disease and characterized angiographically by transient left ventricular systolic dysfunction, sparing the basal segments of the left ventricle ("apical ballooning"). Takotsubo syndrome characteristically affects peri- or postmenopausal women, albeit recent series show that men also are at risk. Takotsubo syndrome is characteristically triggered by severe emotional or physical stress, which suggests a pathogenic role for increased sympathetic activity leading to myocardial perfusion abnormalities and ventricular dysfunction. The reasons why severe emotional and physical stress result in the development of takotsubo syndrome in certain individuals but not others is still a matter of speculation, but strongly suggests the existence of predisposing factors/mechanisms in certain subjects. The present article reviews the different factors that can play a role in the development of takotsubo syndrome in different patients. We propose that triggers (ie, emotional stressors, physical stressors, iatrogenic stressors, and neurologic triggers), pathogenic mechanisms (ie, increased catecholamine levels, coronary vasomotor abnormalities leading to myocardial ischemia), and predisposing factors (ie, cardiovascular risk factors, endothelial dysfunction, comorbidities) all interact in a complex fashion and possibly differently in different patients to cause takotsubo syndrome. Identifying these factors may help in preventing and managing the condition more effectively. </text>
    </passage>
  </document>
</collection>
