<?xml version="1.0" encoding="UTF-8"?>
<!DOCTYPE collection SYSTEM "BioC.dtd">
<collection>
  <source>BioC-API</source>
  <date>20250117</date>
  <key>collection.key</key>
  <document>
    <id>24903089</id>
    <infon key="tt_curatable">no</infon>
    <infon key="tt_version">0</infon>
    <infon key="tt_round">0</infon>
    <passage>
      <infon key="type">title</infon>
      <offset>0</offset>
      <text>Type-I interferon response affects an inoculation dose-independent mortality in mice following Japanese encephalitis virus infection.</text>
    </passage>
    <passage>
      <infon key="type">abstract</infon>
      <offset>134</offset>
      <text>BACKGROUND: The laboratory mouse model is commonly employed to study the pathogenesis of encephalitic flaviviruses such as Japanese encephalitis virus (JEV). However, it is known that some strains of these viruses do not elicit a typical mortality dose response curve from this organism after peripheral infection and the reason for it has not yet been fully understood. It is suggested that induction of more vigorous Type-I IFN (IFN-I) response might control early virus dissemination following increasing infectious challenge doses of the virus. Thus, the objective of this study was to examine this suggested role of IFN-I in the mortality of mice infected with various doses of JEV. METHODS: Inbred 129 mice and their IFNAR KO (A129) mice were subcutaneously inoculated with 100, 102, 104 or 106 pfu of JaOArS982 strain of JEV. Mice were weighed daily and observed for clinical signs. Virus titers in the brains and spleens of JEV-infected mice were determined by plaque forming assays. The upregulated mRNA levels of genes related to IFN-I response of mice were examined by real-time PCR. RESULTS: The mortality rates of 129 mice infected with JaOArS982 did not significantly increase despite the increase in inoculation dose and no significant difference of viral loads was observed between their brains. However, there was clear elevation of the mRNA levels of interferon regulatory factor (IRF)3, IRF7, IRF9, MDA5 and RIG-I at 24 hours post-infection depending on the inoculation dose. In A129 mice, length of survival days and the viral loads of spleen and brain were observed to be inoculation dose-dependent. CONCLUSIONS: From these results, it is suggested that early IFN-I response elicited by high inoculation doses of JEV provides an anti-viral effect during the early phase of infection. Accordingly, virus replication is counteracted by IFN-I response at each increasing inoculation dose resulting in the interference of impending severe disease course or fatal outcome; hence, this might explain the inoculation dose-independent mortality in mice caused by Japanese encephalitis virus.</text>
    </passage>
  </document>
</collection>
