<?xml version="1.0" encoding="UTF-8"?>
<!DOCTYPE collection SYSTEM "BioC.dtd">
<collection>
  <source>BioC-API</source>
  <date>20250117</date>
  <key>collection.key</key>
  <document>
    <id>24911892</id>
    <infon key="tt_curatable">no</infon>
    <infon key="tt_version">0</infon>
    <infon key="tt_round">0</infon>
    <passage>
      <infon key="type">title</infon>
      <offset>0</offset>
      <text>Mesenchymal stem cells differentially modulate effector CD8+ T cell subsets and exacerbate experimental autoimmune encephalomyelitis.</text>
    </passage>
    <passage>
      <infon key="type">abstract</infon>
      <offset>134</offset>
      <text>Mesenchymal stem cells (MSC) have emerged as a promising candidate for inflammatory suppression and disease amelioration, especially of neuro-inflammatory diseases such as multiple sclerosis (MS). Auto-reactive CD4+ and CD8+ T cells acquire pathogenic IFNγ-producing- (Type I) and IL-17A-producing- (Type 17) effector phenotypes in MS and its animal model experimental autoimmune encephalomyelitis (EAE). Although MSC have been extensively demonstrated to suppress pathogenic effector CD4+ T cells and CD4+ T cell-mediated EAE, surprisingly few studies have addressed their modulation of effector CD8+ T cells represented in MS or their impact on CD8+ T cell-mediated EAE. We find that MSC differentially modulate CD8+ T cell development depending on effector T cell subtype. MSC drive activated low-IFNγ producers toward an enhanced high-IFNγ Tc1-like phenotype but strongly inhibit the production of IL-17A and Tc17 polarization in vitro. These observations are underscored by differential MSC modulation of T cell activation, proliferation, and signature transcription factor up-regulation. In addition, effector CD8+ T cells co-cultured with MSC exhibited increased production of IL-2, a molecule known to enhance IFNγ, yet suppress IL-17A, production. Based on these in vitro effects on CD8+ T cells, we next evaluated their impact on the severity of EAE. To better evaluate CD8+ T cells, we immunized mice with MOG37-50 , which is a CD8-targeted epitope. Our results revealed a worsening of disease, consistent with their in vitro stimulation of Tc1 cells. These findings highlight the emerging duality of MSC in immune modulation and provide implications for their future use in immune-related diseases.</text>
    </passage>
  </document>
</collection>
