<?xml version="1.0" encoding="UTF-8"?>
<!DOCTYPE collection SYSTEM "BioC.dtd">
<collection>
  <source>BioC-API</source>
  <date>20250117</date>
  <key>collection.key</key>
  <document>
    <id>25043204</id>
    <infon key="tt_curatable">no</infon>
    <infon key="tt_version">0</infon>
    <infon key="tt_round">0</infon>
    <passage>
      <infon key="type">title</infon>
      <offset>0</offset>
      <text>Fingolimod may support neuroprotection via blockade of astrocyte nitric oxide.</text>
    </passage>
    <passage>
      <infon key="type">abstract</infon>
      <offset>79</offset>
      <text>OBJECTIVE: Although astrocytes participate in glial scar formation and tissue repair, dysregulation of the NFκB pathway and of nitric oxide (NO) production in these glia cells contributes to neuroinflammation and neurodegeneration. Here we investigated the role of the crosstalk between sphingosine-1-phosphate (S1P) and cytokine signaling cascades in astrocyte activation and inflammation-mediated neurodegeneration, and addressed the effects of fingolimod on astrocyte-neuron interaction and NO synthesis in vivo. METHODS: Immunohistochemistry, immunofluorescence, and confocal microscopy were used to detect S1P receptors, interleukin (IL) 1R, IL17RA, and nitrosative stress in multiple sclerosis (MS) plaques, experimental autoimmune encephalomyelitis (EAE) spinal cord, and the spinal cord of fingolimod-treated EAE mice. An in vitro model was established to study the effects of S1P, IL1, and IL17 stimulation on NFkB translocation and NO production in astrocytes, on spinal neuron survival, and on astrocyte-neuron interaction. Furthermore, fingolimod efficacy in blocking astrocyte-mediated neurodegeneration was evaluated. RESULTS: We found coordinated upregulation of IL1R, IL17RA, S1P1, and S1P3 together with nitrosative markers in astrocytes within MS and EAE lesions. In vitro studies revealed that S1P, IL17, and IL1 induced NFκB translocation and NO production in astrocytes, and astrocyte conditioned media triggered neuronal death. Importantly, fingolimod blocked the 2 activation events evoked in astrocytes by either S1P or inflammatory cytokines, resulting in inhibition of astrocyte-mediated neurodegeneration. Finally, therapeutic administration of fingolimod to EAE mice hampered astrocyte activation and NO production. INTERPRETATION: A neuroprotective effect of fingolimod in vivo may result from its inhibitory action on key astrocyte activation steps.</text>
    </passage>
  </document>
</collection>
