<?xml version="1.0" encoding="UTF-8"?>
<!DOCTYPE collection SYSTEM "BioC.dtd">
<collection>
  <source>BioC-API</source>
  <date>20250117</date>
  <key>collection.key</key>
  <document>
    <id>25109355</id>
    <infon key="tt_curatable">no</infon>
    <infon key="tt_version">0</infon>
    <infon key="tt_round">0</infon>
    <passage>
      <infon key="type">title</infon>
      <offset>0</offset>
      <text>Interleukin‑15: a potent adjuvant enhancing the efficacy of an autologous whole‑cell tumor vaccine against Lewis lung carcinoma.</text>
    </passage>
    <passage>
      <infon key="type">abstract</infon>
      <offset>133</offset>
      <text>Lung cancer is a major cause of cancer‑associated mortality worldwide due to its limited response rate to current chemotherapy and radiation, thus immunotherapy is rapidly becoming the most promising approach. Although the highly specific tumor‑associated antigen of lung cancer has been found, autologous whole‑cell tumor vaccines remain indispensable in the development of therapeutic cancer vaccines. Interleukin (IL)‑15 is a T helper type 1 cytokine that has been demonstrated to have a marked antitumor immune response and the potential ability to reverse the host tolerance of tumor antigens in certain preclinical trials. In the present study, a cationic liposome encapsulating IL‑15 gene‑loaded plasmid acted as an adjuvant of an autologous whole‑cell tumor vaccine by subcutaneous injection. The combination immunotherapy resulted in significant inhibition of tumor growth without side effects in the preventive tumor inhibition and adoptive therapy study. Cytotoxic lymphocyte assay detection of the serum antigen and cytokines using an enzyme‑linked immunosorbent assay suggested that the IL‑15 gene can significantly improve the cellular immune response and humoral immune response provoked by autologous whole‑cell tumor vaccines. These results demonstrated that the IL‑15 gene was an effective adjuvant of autologous whole‑cell tumor vaccines against mouse lung cancer and may provide an attractive vaccine strategy for cancer immunotherapy.</text>
    </passage>
  </document>
</collection>
