<?xml version="1.0" encoding="UTF-8"?>
<!DOCTYPE collection SYSTEM "BioC.dtd">
<collection>
  <source>BioC-API</source>
  <date>20250117</date>
  <key>collection.key</key>
  <document>
    <id>25128713</id>
    <infon key="tt_curatable">no</infon>
    <infon key="tt_version">0</infon>
    <infon key="tt_round">0</infon>
    <passage>
      <infon key="type">title</infon>
      <offset>0</offset>
      <text>Age-associated changes in rat immune system: lessons learned from experimental autoimmune encephalomyelitis.</text>
    </passage>
    <passage>
      <infon key="type">abstract</infon>
      <offset>109</offset>
      <text>Aging is associated with the decline in immune response to infectious agents and tumors and increasing risk of autoimmunity, but the incidence of autoimmune diseases does not increase in the elderly. To elucidate the cellular and molecular mechanisms influencing clinical expression of autoimmunity in aged animals, the phenotypic and functional characteristics of mononuclear cells isolated from the spinal cords of 3-month-old (young) and 26-month-old (aged) Dark Agouti rats immunized to induce experimental autoimmune encephalomyelitis (EAE) - the model of multiple sclerosis, the most common autoimmune disease of the central nervous system, were examined. Aged rats were less susceptible to EAE induction, and the neurological and histological picture was milder in those rats which developed the clinically manifested disease. At the peak of the disease, several times fewer mononuclear cells and T lymphocytes were isolated from the spinal cords of aged rats compared with the young ones. The frequency of CD4+ cells among TCRαβ+ lymphocytes, as well as that of reactivated CD134(OX40)+ cells within its CD4+ T-lymphocyte subpopulation, was less in spinal cords of aged compared with young rats. Additionally, CD134 surface density on CD4+ lymphocytes was decreased in the spinal cord of aged rats. The changes in CD134 expression most likely reflected in part age-related intrinsic changes in CD4+ lymphocytes as the expression of this molecule was also impaired on in vitro stimulated naïve CD4+ splenocytes from aged rats compared with young animals. In addition, greater frequency of CD8+ lymphocytes with regulatory phenotypes could also contribute to impaired CD4+ cell reactivation in aged rats. The increased apoptosis of CD4+ cells from aged rats was consistent with their impaired reactivation and it was accompanied by the greater frequency of CD4+CD11b+CD45(int/high) cells, which are supposed to be actively engaged in apoptotic cell phagocytosis and to have immunoregulatory properties. Compared with young rats, following short-term PMA and ionomycin stimulation in vitro, the frequency of IL-17+ and IFN-γ+CD4+ T lymphocytes among the spinal cord mononuclear cells from aged rats and the cytokine expression density on a per lymphocyte basis were reduced. Additionally, the increase in the proportion of autoregulatory IL-17+IL-10+ cells on the account of proinflammatory IL-17+IFN-γ+ cells within IL-17+ lymphocytes suggested their lower pathogenic capacity in aged rats. This most likely reflected alterations in the aged rat spinal cord cytokine milieu, which were mirrored in a diminished expression of IL-1β mRNA followed by an enhanced expression of IL-6 and TGF-β mRNA. Overall, the study points to age-related changes in T lymphocytes and other cells from the spinal cord infiltrate which could contribute to the decreased susceptibility of aged rats to the induction of EAE. </text>
    </passage>
  </document>
</collection>
