<?xml version="1.0" encoding="UTF-8"?>
<!DOCTYPE collection SYSTEM "BioC.dtd">
<collection>
  <source>BioC-API</source>
  <date>20250117</date>
  <key>collection.key</key>
  <document>
    <id>25243644</id>
    <infon key="tt_curatable">no</infon>
    <infon key="tt_version">0</infon>
    <infon key="tt_round">0</infon>
    <passage>
      <infon key="type">title</infon>
      <offset>0</offset>
      <text>Protein 4.1R attenuates autoreactivity in experimental autoimmune encephalomyelitis by suppressing CD4(+) T cell activation.</text>
    </passage>
    <passage>
      <infon key="type">abstract</infon>
      <offset>125</offset>
      <text>Immune synapse components contribute to multiple sclerosis (MS) and experimental autoimmune encephalomyelitis (EAE) pathogenesis as they play important role in autoreactive T cell activation. Protein 4.1R, a red cell membrane cytoskeletal protein, recently was identified as an important component of immunological synapse (IS) and acted as the negative regulator of CD4(+) T cell activation. However, the pathological role of 4.1R in the MS/EAE pathogenesis is still not elucidated. In this study, we investigated the potential role of protein 4.1R in pathologic processes of EAE by using 4.1R knockout mouse model. Our results suggest that 4.1R can prevent pathogenic autoimmunity in MS/EAE progression by suppressing the CD4(+) T cell activation. </text>
    </passage>
  </document>
</collection>
