<?xml version="1.0" encoding="UTF-8"?>
<!DOCTYPE collection SYSTEM "BioC.dtd">
<collection>
  <source>BioC-API</source>
  <date>20250117</date>
  <key>collection.key</key>
  <document>
    <id>25362182</id>
    <infon key="tt_curatable">no</infon>
    <infon key="tt_version">0</infon>
    <infon key="tt_round">0</infon>
    <passage>
      <infon key="type">title</infon>
      <offset>0</offset>
      <text>SLAM-SAP signaling promotes differentiation of IL-17-producing T cells and progression of experimental autoimmune encephalomyelitis.</text>
    </passage>
    <passage>
      <infon key="type">abstract</infon>
      <offset>133</offset>
      <text>IL-17 plays critical roles in host defenses, combating bacterial and fungal infections, as well as the pathogenesis of autoimmune diseases such as experimental autoimmune encephalomyelitis (EAE). The signaling adaptor SAP is essential for normal immune homeostasis and mutations within SH2D1A, the locus encoding this protein, result in serious and sometimes fatal syndromes, including X-linked lymphoproliferative disease and severe cases of common variable immunodeficiency. However, the precise cellular basis of how SAP deficiency contributes to immune dysfunction remains incompletely understood. In this study, we found that CD4 and CD8 T cells lacking SAP had a diminished capacity to differentiate into IL-17-producing Th17 and T cytotoxic (Tc17) cells relative to wild-type lymphocytes. The use of costimulating SLAM Abs was found to augment the differentiation of IL-17-secreting effectors in wild-type but not Sh2d1a(-/-) splenic T cells under IL-17-polarizing conditions. In addition, SAP's regulation of IL-17-secreting T cells was shown to be a T cell-intrinsic role, as purified naive Sh2d1a(-/-) CD4 and CD8 T cells were inherently defective at converting into Th17 and Tc17 cells in vitro and in vivo. Furthermore, Sh2d1a(-/-) mice were protected from EAE and exhibited greatly decreased numbers of CNS-infiltrating Th17 and Tc17 effector T cells and reduced disease severity. Collectively, these results suggest that SLAM-SAP signaling drives the differentiation and function of Th17 and Tc17 cells in vitro and in vivo and contributes to the pathogenesis of autoimmunity in EAE. </text>
    </passage>
  </document>
</collection>
