<?xml version="1.0" encoding="UTF-8"?>
<!DOCTYPE collection SYSTEM "BioC.dtd">
<collection>
  <source>BioC-API</source>
  <date>20250117</date>
  <key>collection.key</key>
  <document>
    <id>25758431</id>
    <infon key="tt_curatable">no</infon>
    <infon key="tt_version">0</infon>
    <infon key="tt_round">0</infon>
    <passage>
      <infon key="type">title</infon>
      <offset>0</offset>
      <text>EGFR inhibition protects cardiac damage and remodeling through attenuating oxidative stress in STZ-induced diabetic mouse model.</text>
    </passage>
    <passage>
      <infon key="type">abstract</infon>
      <offset>129</offset>
      <text>Diabetes mellitus is strongly associated with cardiomyopathy. The underlying mechanisms for the development of diabetic cardiomyopathy are complex and not completely understood. Recent studies showed that epidermal growth factor receptors (EGFRs) are involved in diabetes-induced cardiac injury. However, the role of EGFR in the diabetic heart has yet to be confirmed. The aim of the present study is to further determine the role of EGRF in the pathogenesis of diabetic heart injury. The type 1 diabetic mice induced by streptozotocin were treated with EGFR inhibitors (AG1478 and 451) for 8 weeks, respectively. It was observed that diabetes induced phospohorylation of EGFR and AKT, increased cardiac ROS levels, and ultimately led to cardiac remodeling including cardiac hypertrophy, disorganization, apoptosis, and fibrosis, while all these molecular and pathological alterations were attenuated by the treatment with EGFR inhibitors. In vitro, either pharmacological inhibition of EGFR/AKT or sh-RNA silencing of EGFR significantly inhibited high concentration glucose (HG)-induced ROS generation and subsequently cell apoptosis in both cardiac H9C2 cells and primary rat cardiomyocytes, respectively. The ROS reduction by EGFR inhibitor was associated with the decreased NADPH oxidase activity and expression in H9c2 cells. HG-induced cardiomyocyte injuries were also reduced by NAC, an inhibitor of ROS. This study provides evidence that EGFR has a key role in the pathogenesis of STZ-induced diabetic cardiac damage and remodeling via ROS generation, and suggests that EGFR may be a potential target in treating diabetic cardiomyopathy.</text>
    </passage>
  </document>
</collection>
