<?xml version="1.0" encoding="UTF-8"?>
<!DOCTYPE collection SYSTEM "BioC.dtd">
<collection>
  <source>BioC-API</source>
  <date>20250117</date>
  <key>collection.key</key>
  <document>
    <id>27008707</id>
    <infon key="tt_curatable">no</infon>
    <infon key="tt_version">0</infon>
    <infon key="tt_round">0</infon>
    <passage>
      <infon key="type">title</infon>
      <offset>0</offset>
      <text>Ascophyllan functions as an adjuvant to promote anti-cancer effect by dendritic cell activation.</text>
    </passage>
    <passage>
      <infon key="type">abstract</infon>
      <offset>97</offset>
      <text>Our previous study demonstrated that ascophyllan, a sulfated polysaccharide purified from brown alga, has immune-activating effects. In this study, we evaluated ascophyllan as an adjuvant for its therapeutic and preventive effect on tumor in a mouse melanoma model. Ascophyllan induced migration of DCs to spleen and tumor-draining lymph node (drLN) in a mouse B16 melanoma model. Moreover, ascophyllan induced activation of dendritic cells (DCs), and promoted IFN-γ- and TNF-α-producing Th1 immune responses in tumor-bearing mice. In addition, treatment with a combination of ascophyllan and ovalbumin (OVA) in the tumor-bearing mice promoted proliferation of OVA-specific CD4 and CD8 T cells and migration of those cells into the tumor, consequently inhibiting the tumor growth. Immunization with the combination of ascophyllan and OVA caused enhanced OVA-specific antibody production and memory T cell responses compared to OVA immunization alone, and almost completely prevented B16-OVA tumor growth upon subsequent tumor challenge. Finally, the combination of ascophyllan and OVA prevented B16-OVA tumor invasion and metastasis into the liver. Thus, these results demonstrate that ascophyllan can function as an adjuvant to induce DC activation, antigen specific CTL activation, Th1 immune response and antibody production, and hence may be useful as a therapeutic and preventive tumor vaccine. </text>
    </passage>
  </document>
</collection>
