<?xml version="1.0" encoding="UTF-8"?>
<!DOCTYPE collection SYSTEM "BioC.dtd">
<collection>
  <source>BioC-API</source>
  <date>20250117</date>
  <key>collection.key</key>
  <document>
    <id>27091895</id>
    <infon key="tt_curatable">no</infon>
    <infon key="tt_version">0</infon>
    <infon key="tt_round">0</infon>
    <passage>
      <infon key="type">title</infon>
      <offset>0</offset>
      <text>Pivotal Role of Regulator of G-protein Signaling 12 in Pathological Cardiac Hypertrophy.</text>
    </passage>
    <passage>
      <infon key="type">abstract</infon>
      <offset>89</offset>
      <text>Cardiac hypertrophy is a major predictor of heart failure and is regulated by diverse signaling pathways. As a typical multi-domain member of the regulator of G-protein signaling (RGS) family, RGS12 plays a regulatory role in various signaling pathways. However, the precise effect of RGS12 on cardiac hypertrophy remains largely unknown. In this study, we observed increased expression of RGS12 in the development of pathological cardiac hypertrophy and heart failure. We then generated genetically engineered mice and neonatal rat cardiomyocytes to investigate the effects of RGS12 during this pathological process. Four weeks after aortic banding, RGS12-deficient hearts showed decreased cardiomyocyte cross area (374.7±43.2 μm(2) versus 487.1±47.9 μm(2) in controls; P&lt;0.05) with preserved fractional shortening (43.0±3.4% versus 28.4±2.2% in controls; P&lt;0.05), whereas RGS12-overexpressing hearts exhibited increased cardiomyocyte cross area (582.4±46.7 μm(2) versus 474.8±40.0 μm(2) in controls; P&lt;0.05) and reduced fractional shortening (20.8±4.1% versus 28.6±3.2% in controls; P&lt;0.05). RGS12 also contributed to angiotensin II-induced hypertrophy in isolated cardiomyocytes. Mechanistically, our data indicated that the activation of MEK1/2-ERK1/2 signaling may be responsible for the prohypertrophic action of RGS12. In addition, the requirement of the MEK1/2-ERK1/2 signaling for RGS12-mediated cardiac hypertrophy was confirmed in rescue experiments using the MEK1/2-specific inhibitor U0126. In conclusion, our findings provide a novel diagnostic and therapeutic target for pathological cardiac hypertrophy and heart failure.</text>
    </passage>
  </document>
</collection>
