<?xml version="1.0" encoding="UTF-8"?>
<!DOCTYPE collection SYSTEM "BioC.dtd">
<collection>
  <source>BioC-API</source>
  <date>20250117</date>
  <key>collection.key</key>
  <document>
    <id>27174093</id>
    <infon key="tt_curatable">no</infon>
    <infon key="tt_version">0</infon>
    <infon key="tt_round">0</infon>
    <passage>
      <infon key="type">title</infon>
      <offset>0</offset>
      <text>Increased expression of NLRP3 inflammasome components and interleukin-18 in patients with bullous pemphigoid.</text>
    </passage>
    <passage>
      <infon key="type">abstract</infon>
      <offset>110</offset>
      <text>BACKGROUND: Bullous pemphigoid (BP) is the most common blistering autoimmune disease severely affecting older people. The complex interplay between innate and adaptive immunity is critical in the development of BP. Inflammasomes, which lead to cleavage-induced maturation of pro-inflammatory cytokines, have been shown to participate in a variety of autoimmune diseases. However, the role of inflammasomes in BP has not been delineated. OBJECTIVE: The present work aimed to investigate whether inflammasomes are involved in the pathogenesis and progression of BP. METHODS: Expressions of inflammasome components at the messenger RNA (mRNA) and protein levels in peripheral blood mononuclear cells (PBMCs) from patients with BP and from healthy controls were investigated by quantitative real-time PCR (qRT-PCR) and western blot, respectively. ELISA was employed to evaluate interleukin (IL)-1β, IL-18, lactate dehydrogenase (LDH), and high-mobility group-1 (HMGB1) levels in the serum and blister fluid of patients with BP. Immunohistochemical staining was used to detect IL-18 expression in the skin lesion of patients with BP. RESULTS: The mRNA levels of NLRP3 inflammasome components (NLRP3, pro-caspase-1, and pro-IL-18) in PBMCs were significantly up-regulated in BP patients compared with those in healthy controls, and were positively correlated with the autoantibody titers for BP180-NC16A. Western Blot analysis showed that the baseline expressions of NLRP3 inflammasome components were increased in PBMCs of BP patients compared with healthy controls, and we failed to observe the mature IL-1β and IL-18. Further analysis showed that IL-18 was elevated in serum, blister fluid and lesional skin from patients with BP, and the serum IL-18 level was positively correlated with the titers of anti-BP180-NC16A autoantibody in BP patient. Most importantly, we found that mRNA expressions of the NLRP3-caspase-1-IL-18 axis components and the serum IL-18 level in BP patients decreased dramatically after effective treatment, which indicated that the up-regulation of NLRP3 inflammasome was responsible, at least to a great degree, for the enhanced IL-18 level in BP patients. CONCLUSIONS: This study demonstrates that the expression of the NLRP3-caspase-1-IL-18 axis is highly expressed in the PBMCs of patients with BP, and correlated with disease activity, suggesting its involvement in the pathogenesis and progression of BP.</text>
    </passage>
  </document>
</collection>
