<?xml version="1.0" encoding="UTF-8"?>
<!DOCTYPE collection SYSTEM "BioC.dtd">
<collection>
  <source>BioC-API</source>
  <date>20250117</date>
  <key>collection.key</key>
  <document>
    <id>27292834</id>
    <infon key="tt_curatable">no</infon>
    <infon key="tt_version">0</infon>
    <infon key="tt_round">0</infon>
    <passage>
      <infon key="type">title</infon>
      <offset>0</offset>
      <text>[Takotsubo cardiomyopathy is an acute cardiac syndrome induced by stress].</text>
    </passage>
    <passage>
      <infon key="type">abstract</infon>
      <offset>75</offset>
      <text>Takotsubo cardiomyopathy (TTC) is an acute cardiac syndrome, characterized by transient left ventricular dysfunction often following a stressful event in post-menopausal women. Symptoms are indistinguishable from myocardial infarction. However, TTC patients do not have a culprit lesion on acute angiography, and regional akinesia is not limited to a single vascular territory. As opposed to other cardiomyopathies TTC is completely reversible, albeit with a 5% mortality rate as well as a 10% re-occurrence rate. This article summarizes the current knowledge about aetiology, diagnostics and treatment. </text>
    </passage>
  </document>
</collection>
