<?xml version="1.0" encoding="UTF-8"?>
<!DOCTYPE collection SYSTEM "BioC.dtd">
<collection>
  <source>BioC-API</source>
  <date>20250117</date>
  <key>collection.key</key>
  <document>
    <id>27460490</id>
    <infon key="tt_curatable">no</infon>
    <infon key="tt_version">0</infon>
    <infon key="tt_round">0</infon>
    <passage>
      <infon key="type">title</infon>
      <offset>0</offset>
      <text>Inhibitory effect of the extract of Phellodendron amurense ruprecht root on collagen-induced arthritis in mice.</text>
    </passage>
    <passage>
      <infon key="type">abstract</infon>
      <offset>112</offset>
      <text>OBJECTIVE: To investigate whether the dried root of Phellodendron amurense Ruprecht (Phellodendri cortex; PC) extract improves arthritic symptoms through anti-inflammatory and immune-modulatory effects in collagen-induced arthritis in mice. METHODS: Rheumatoid arthritis (RA) was induced in male DBA/1 mice by immunization with type II collagen (ColII). CIA mice were divided into 5 groups (n=10 per a group) with normal, CIA control, PC extract (50 mg/kg and 100 mg/kg)-treated, and meloxicam (50 mg/kg)-treated as the reference drug. The PC extract or meloxicam were administered orally in CIA mice once a day for 14 days after arthritis induction. Arthritic score, levels of anti-ColII IgG2a antibody, prostaglandin E2 (PGE2), tumor necrosis factor (TNF)-α, and interleukin (IL)-17 in the sera of CIA mice were measured. Histopathological changes in the ankle joints of CIA mice were also analyzed by staining with hematoxylin and eosin (H and E), safranin-O and immunohistochemistry using anti-TNF-α and anti-IL-17 antibodies. RESULTS: The arthritic score was increased in CIA mice in a time-dependent manner, as were the serum levels of anti-ColII IgG2a antibody, PGE2, TNF-α, and IL-17. However, the oral administration of PC extract at 50 and 100 mg/kg in CIA mice significantly decreased the arthritic scores, and the serum levels of anti-ColII IgG2a, PGE2, TNF-α, and IL-17 compared with those in the CIA group (P&lt;0.05 or P&lt;0.01). Furthermore, histopathological improvement of the joint architecture in CIA mice was observed after administration of PC extract. PC extract also significantly inhibited the expression of TNF-α and IL-17 in the joints of CIA mice by suppressing the expression of their mRNA and proteins. CONCLUSION: PC extract may improve the pathological progression of RA through the inhibition of joint destruction by synovial inflammation and immune-stimulation, therefore, it would be a potential anti-arthritic agent in RA.</text>
    </passage>
  </document>
</collection>
