<?xml version="1.0" encoding="UTF-8"?>
<!DOCTYPE collection SYSTEM "BioC.dtd">
<collection>
  <source>BioC-API</source>
  <date>20250117</date>
  <key>collection.key</key>
  <document>
    <id>28062415</id>
    <infon key="tt_curatable">no</infon>
    <infon key="tt_version">0</infon>
    <infon key="tt_round">0</infon>
    <passage>
      <infon key="type">title</infon>
      <offset>0</offset>
      <text>Cardiomyocyte-specific ablation of CD36 accelerates the progression from compensated cardiac hypertrophy to heart failure.</text>
    </passage>
    <passage>
      <infon key="type">abstract</infon>
      <offset>123</offset>
      <text>Previous studies have shown that loss of CD36 protects the heart from dysfunction induced by pressure overload in the presence of diet-induced insulin resistance and/or obesity. The beneficial effects of CD36 ablation in this context are mediated by preventing excessive cardiac fatty acid (FA) entry and reducing lipotoxic injury. However, whether or not the loss of CD36 can prevent pressure overload-induced cardiac dysfunction in the absence of chronic exposure to high circulating FAs is presently unknown. To address this, we utilized a tamoxifen-inducible cardiomyocyte-specific CD36 knockout (icCD36KO) mouse and genetically deleted CD36 in adulthood. Control mice (CD36 floxed/floxed mice) and icCD36KO mice were treated with tamoxifen and subsequently subjected to transverse aortic constriction (TAC) surgery to generate pressure overload-induced cardiac hypertrophy. Consistent with CD36 mediating a significant proportion of FA entry into the cardiomyocyte and subsequent FA utilization for ATP production, hearts from icCD36KO mice were metabolically inefficient and displayed signs of energetic stress, including activation of the energetic stress kinase, AMPK. In addition, impaired energetics in icCD36KO mice contributed to a rapid progression from compensated hypertrophy to heart failure. However, icCD36KO mice fed a medium-chain FA diet, whereby medium-chain FAs can enter into the cardiomyocyte independent from CD36, were protected from TAC-induced heart failure. Together these data suggest that limiting FA uptake and partial inhibition of FA oxidation in the heart via CD36 ablation may be detrimental for the compensated hypertrophic heart in the absence of sufficiently elevated circulating FAs to provide an adequate energy source.NEW &amp; NOTEWORTHY Limiting CD36-mediated fatty acid uptake in the setting of obesity and/or insulin resistance protects the heart from cardiac hypertrophy and dysfunction. However, cardiomyocyte-specific CD36 ablation in the absence of elevated circulating fatty acid levels accelerates the progression of pressure overload-induced cardiac hypertrophy to systolic heart failure.</text>
    </passage>
  </document>
</collection>
