<?xml version="1.0" encoding="UTF-8"?>
<!DOCTYPE collection SYSTEM "BioC.dtd">
<collection>
  <source>BioC-API</source>
  <date>20250117</date>
  <key>collection.key</key>
  <document>
    <id>28153881</id>
    <infon key="tt_curatable">no</infon>
    <infon key="tt_version">0</infon>
    <infon key="tt_round">0</infon>
    <passage>
      <infon key="type">title</infon>
      <offset>0</offset>
      <text>Prevention of Diet-Induced Metabolic Dysregulation, Inflammation, and Atherosclerosis in Ldlr-/- Mice by Treatment With the ATP-Citrate Lyase Inhibitor Bempedoic Acid.</text>
    </passage>
    <passage>
      <infon key="type">abstract</infon>
      <offset>168</offset>
      <text>OBJECTIVE: Bempedoic acid (ETC-1002, 8-hydroxy-2,2,14,14-tetramethylpentadecanedioic acid) is a novel low-density lipoprotein cholesterol-lowering compound. In animals, bempedoic acid targets the liver where it inhibits cholesterol and fatty acid synthesis through inhibition of ATP-citrate lyase and through activation of AMP-activated protein kinase. In this study, we tested the hypothesis that bempedoic acid would prevent diet-induced metabolic dysregulation, inflammation, and atherosclerosis. APPROACH AND RESULTS: Ldlr-/- mice were fed a high-fat, high-cholesterol diet (42% kcal fat, 0.2% cholesterol) supplemented with bempedoic acid at 0, 3, 10 and 30 mg/kg body weight/day. Treatment for 12 weeks dose-dependently attenuated diet-induced hypercholesterolemia, hypertriglyceridemia, hyperglycemia, hyperinsulinemia, fatty liver and obesity. Compared to high-fat, high-cholesterol alone, the addition of bempedoic acid decreased plasma triglyceride (up to 64%) and cholesterol (up to 50%) concentrations, and improved glucose tolerance. Adiposity was significantly reduced with treatment. In liver, bempedoic acid prevented cholesterol and triglyceride accumulation, which was associated with increased fatty acid oxidation and reduced fatty acid synthesis. Hepatic gene expression analysis revealed that treatment significantly increased expression of genes involved in fatty acid oxidation while suppressing inflammatory gene expression. In full-length aorta, bempedoic acid markedly suppressed cholesteryl ester accumulation, attenuated the expression of proinflammatory M1 genes and attenuated the iNos/Arg1 ratio. Treatment robustly attenuated atherosclerotic lesion development in the aortic sinus by 44%, with beneficial changes in morphology, characteristic of earlier-stage lesions. CONCLUSIONS: Bempedoic acid effectively prevents plasma and tissue lipid elevations and attenuates the onset of inflammation, leading to the prevention of atherosclerotic lesion development in a mouse model of metabolic dysregulation.</text>
    </passage>
  </document>
</collection>
