<?xml version="1.0" encoding="UTF-8"?>
<!DOCTYPE collection SYSTEM "BioC.dtd">
<collection>
  <source>BioC-API</source>
  <date>20250117</date>
  <key>collection.key</key>
  <document>
    <id>28507179</id>
    <infon key="tt_curatable">no</infon>
    <infon key="tt_version">0</infon>
    <infon key="tt_round">0</infon>
    <passage>
      <infon key="type">title</infon>
      <offset>0</offset>
      <text>Elevated Expression of the NLRP3 Inflammasome and Its Correlation with Disease Activity in Adult-onset Still Disease.</text>
    </passage>
    <passage>
      <infon key="type">abstract</infon>
      <offset>118</offset>
      <text>OBJECTIVE: The dysregulation of the NLRP3 (NLR containing a pyrin domain) inflammasome is involved in autoinflammatory diseases. Adult-onset Still disease (AOSD) is regarded as an autoinflammatory disease. However, the pathogenic involvement of NLRP3 inflammasome in AOSD remains unclear and NLRP3 activators in AOSD are currently unknown. METHODS: The mRNA expression of NLRP3 inflammasome signaling in peripheral blood mononuclear cells (PBMC) from 34 patients with AOSD and 14 healthy subjects was determined using quantitative-PCR (qPCR). The changes in mRNA and protein levels of NLRP3 inflammasome signaling in PBMC treated with the potential activator [imiquimod (IMQ)] or inhibitor of NLRP3 were evaluated using qPCR and immunoblotting, respectively. The supernatant levels of interleukin (IL)-1β and IL-18 were determined by ELISA. RESULTS: Significantly higher mRNA levels of NLRP3 inflammasome signaling were observed in patients with AOSD compared with healthy controls. NLRP3 expressions were positively correlated with disease activity in patients with AOSD. IMQ (an effective Toll-like receptor 7 ligand; 10 µg/ml and 25 µg/ml) stimulation of PBMC from patients with AOSD induced dose-dependent increases of mRNA expression of NLRP3 (mean ± standard error of the mean, 2.06 ± 0.46 and 6.05 ± 1.84, respectively), caspase-1 (1.81 ± 0.23 and 4.25 ± 0.48), IL-1β (5.68 ± 1.51 and 12.13 ± 3.71), and IL-18 (2.32 ± 0.37 and 4.81 ± 0.51) compared with controls (all p &lt; 0.005). IMQ stimulation of PBMC from patients similarly induced greater increases in protein expressions of NLRP3 inflammasome compared with controls. The protein expressions of NLRP3, IL-1β, and IL-18 on PBMC significantly decreased after treatment with NLRP3 inhibitor in patients with AOSD. CONCLUSION: Increased expression of NLRP3 inflammasome and its positive correlation with disease activity in AOSD suggest its involvement in disease pathogenesis. IMQ upregulated expressions of NLRP3 inflammasome signaling, and IMQ might be an activator of NLRP3 inflammasome in AOSD.</text>
    </passage>
  </document>
</collection>
