<?xml version="1.0" encoding="UTF-8"?>
<!DOCTYPE collection SYSTEM "BioC.dtd">
<collection>
  <source>BioC-API</source>
  <date>20250117</date>
  <key>collection.key</key>
  <document>
    <id>28653829</id>
    <infon key="tt_curatable">no</infon>
    <infon key="tt_version">0</infon>
    <infon key="tt_round">0</infon>
    <passage>
      <infon key="type">title</infon>
      <offset>0</offset>
      <text>Development and Characterization of a Hydroxyl-Sulfonamide Analogue, 5-Chloro-N-[2-(4-hydroxysulfamoyl-phenyl)-ethyl]-2-methoxy-benzamide, as a Novel NLRP3 Inflammasome Inhibitor for Potential Treatment of Multiple Sclerosis.</text>
    </passage>
    <passage>
      <infon key="type">abstract</infon>
      <offset>226</offset>
      <text>In our efforts to develop novel small-molecule inhibitors for the NOD-like receptor family pyrin-domain-containing 3 (NLRP3) inflammasome as potential disease-modifying agents to treat neurological disorders including multiple sclerosis (MS), a hydroxyl sulfonamide analogue JC-171 has been rationally designed and biologically characterized both in vitro and in vivo. Our studies established that JC-171 dose dependently inhibited LPS/ATP-induced interleukin-1β (IL-1β) release from J774A.1 macrophages with an IC50 of 8.45 ± 1.56 μM. Selective inhibition of the NLRP3 inflammasome induced IL-1β release by this compound was also confirmed using mouse bone-marrow-derived macrophages and LPS-challenged mice in vivo. Furthermore, immunoprecipitation study revealed that JC-171 interfered with NLRP3/ASC interaction induced by LPS/ATP stimulation. More importantly, JC-171 treatment delayed the progression and reduced the severity of experimental autoimmune encephalomyelitis (EAE), a mouse model of MS, in both prophylactic and therapeutic settings. This coincided with blocking of IL-1β production and a pathogenic Th17 response. Collectively, these results suggest that JC-171 is a selective NLRP3 inflammasome inhibitor with biological activity in vivo, thus strongly encouraging further development of this lead compound as a potential therapeutic agent for human MS.</text>
    </passage>
  </document>
</collection>
