<?xml version="1.0" encoding="UTF-8"?>
<!DOCTYPE collection SYSTEM "BioC.dtd">
<collection>
  <source>BioC-API</source>
  <date>20250117</date>
  <key>collection.key</key>
  <document>
    <id>29518749</id>
    <infon key="tt_curatable">no</infon>
    <infon key="tt_version">0</infon>
    <infon key="tt_round">0</infon>
    <passage>
      <infon key="type">title</infon>
      <offset>0</offset>
      <text>SGLT2 inhibition reduces atherosclerosis by enhancing lipoprotein clearance in Ldlr-/- type 1 diabetic mice.</text>
    </passage>
    <passage>
      <infon key="type">abstract</infon>
      <offset>109</offset>
      <text>BACKGROUND AND AIMS: Leukocytosis, particularly monocytosis, has been shown to promote atherosclerosis in both diabetic and non-diabetic mouse models. We previously showed that hyperglycemia independently promotes monocytosis and impairs the resolution of atherosclerosis. Since patients with chronic diabetes often develop dyslipidemia and also have increased risk for atherosclerosis, we sought to examine how controlling blood glucose affects atherosclerosis development in the presence of severe hyperlipidemia. METHODS: Diabetes was induced using streptozotocin (STZ) in low density lipoprotein receptor (Ldlr) knockout (Ldlr-/-) mice after which they were fed a high-cholesterol diet for 4 weeks. Control and diabetic mice were treated with vehicle or sodium glucose cotransporter inhibitor (SGLT2i, Phlorizin or Dapagliflozin) for the duration of the diet. RESULTS: Induction of diabetes resulted in a dramatic increase in plasma cholesterol (TC) and triglyceride (TG) levels. These mice also exhibited an increased number of circulating monocytes and neutrophils. Monocytosis was driven by increased proliferation of progenitor cells in the bone marrow. Tighter glycemic control by SGLT2i treatment not only reduced monocytosis and atherosclerosis but also improved plasma lipoprotein profile. Interestingly, improved lipoprotein profile was not due to decreased TG synthesis or clearance via low density lipoprotein receptor-related protein (Lrp) 1 or scavenger receptor class B member (Scarb1) pathways, but likely mediated by heparin sulfate proteoglycans (HSPG)-dependent clearance mechanisms in the liver. Further examination of the liver revealed an important role for bile acid transporters (Abcg5, Abcg8) and cytochrome P450 enzymes in the clearance of hepatic cholesterol. CONCLUSIONS: These data suggest that tighter glycemic control in diabetes can improve lipoprotein clearance exclusive of Ldlr, likely via HSPG and bile acid pathways, and has an overall net positive effect on atherosclerosis.</text>
    </passage>
  </document>
</collection>
