<?xml version="1.0" encoding="UTF-8"?>
<!DOCTYPE collection SYSTEM "BioC.dtd">
<collection>
  <source>BioC-API</source>
  <date>20250117</date>
  <key>collection.key</key>
  <document>
    <id>29551590</id>
    <infon key="tt_curatable">no</infon>
    <infon key="tt_version">0</infon>
    <infon key="tt_round">0</infon>
    <passage>
      <infon key="type">title</infon>
      <offset>0</offset>
      <text>Low-Protein Diet Induces IRE1α-Dependent Anticancer Immunosurveillance.</text>
    </passage>
    <passage>
      <infon key="type">abstract</infon>
      <offset>76</offset>
      <text>Dietary restriction (DR) was shown to impact on tumor growth with very variable effects depending on the cancer type. However, how DR limits cancer progression remains largely unknown. Here, we demonstrate that feeding mice a low-protein (Low PROT) isocaloric diet but not a low-carbohydrate (Low CHO) diet reduced tumor growth in three independent mouse cancer models. Surprisingly, this effect relies on anticancer immunosurveillance, as depleting CD8+ T cells, antigen-presenting cells (APCs), or using immunodeficient mice prevented the beneficial effect of the diet. Mechanistically, we established that a Low PROT diet induces the unfolded protein response (UPR) in tumor cells through the activation of IRE1α and RIG1 signaling, thereby resulting in cytokine production and mounting an efficient anticancer immune response. Collectively, our data suggest that a Low PROT diet induces an IRE1α-dependent UPR in cancer cells, enhancing a CD8-mediated T cell response against tumors.</text>
    </passage>
  </document>
</collection>
