<?xml version="1.0" encoding="UTF-8"?>
<!DOCTYPE collection SYSTEM "BioC.dtd">
<collection>
  <source>BioC-API</source>
  <date>20250117</date>
  <key>collection.key</key>
  <document>
    <id>29635128</id>
    <infon key="tt_curatable">no</infon>
    <infon key="tt_version">0</infon>
    <infon key="tt_round">0</infon>
    <passage>
      <infon key="type">title</infon>
      <offset>0</offset>
      <text>Naringin attenuates MLC phosphorylation and NF-κB activation to protect sepsis-induced intestinal injury via RhoA/ROCK pathway.</text>
    </passage>
    <passage>
      <infon key="type">abstract</infon>
      <offset>132</offset>
      <text>BACKGROUND: Sepsis is commonly associated with excessive stimulation of host immune system and result in multi-organ failure dysfunction. Naringin has been reported to exhibit a variety of biological effects. The present study aimed to investigate the protective effect of naringin on sepsis-induced injury of intestinal barrier function in vivo and in vitro. METHODS: Mice were randomly divided into 4 groups named sham (n = 20), CLP + vehicle (n = 20), CLP + NG (30 mg/kg) (n = 20) and CLP + NG (60 mg/kg) (n = 20) groups. Sepsis was induced by cecal ligation and puncture (CLP). H&amp;E staining and transmission electron microscopy (TEM) were performed to observe intestinal mucosal morphology. ELISA was used to determine the intestinal permeability and inflammatory response in vivo and in vitro. Western blot and RhoA activity assay were performed to determine the levels of tight junction proteins and the activation of indicated signaling pathways. MTT assay was used to determine cell viability. RESULTS: Naringin improved survival rate of CLP mice and alleviated sepsis-induced intestinal mucosal injury. Furthermore, naringin improved impaired intestinal permeability and inhibited the release of TNF-α and IL-6, while increased IL-10 level in CLP mice and lipopolysaccharide (LPS)-stimulated MODE-K cells in a dose-dependent manner. Naringin increased the expression of tight junction proteins ZO-1 and claudin-1 via RhoA/ROCK/NF-κB/MLCK/MLC signaling pathway in vivo and in vitro. CONCLUSION: Naringin improved sepsis-induced intestinal injury via RhoA/ROCK/NF-κB/MLCK/MLC signaling pathway in vivo and in vitro.</text>
    </passage>
  </document>
</collection>
