<?xml version="1.0" encoding="UTF-8"?>
<!DOCTYPE collection SYSTEM "BioC.dtd">
<collection>
  <source>BioC-API</source>
  <date>20250117</date>
  <key>collection.key</key>
  <document>
    <id>30018045</id>
    <infon key="tt_curatable">no</infon>
    <infon key="tt_version">0</infon>
    <infon key="tt_round">0</infon>
    <passage>
      <infon key="type">title</infon>
      <offset>0</offset>
      <text>Dual PD-1 and CTLA-4 Checkpoint Blockade Promotes Antitumor Immune Responses through CD4+Foxp3- Cell-Mediated Modulation of CD103+ Dendritic Cells.</text>
    </passage>
    <passage>
      <infon key="type">abstract</infon>
      <offset>148</offset>
      <text>Immunotherapy is widely accepted as a powerful new treatment modality for the treatment of cancer. The most successful form of immunotherapy to date has been the blockade of the immune checkpoints PD-1 and CTLA-4. Combining inhibitors of both PD-1 and CTLA-4 increases the proportion of patients who respond to immunotherapy. However, most patients still do not respond to checkpoint inhibitors, and prognostic biomarkers are currently lacking. Therefore, a better understanding of the mechanism by which these checkpoint inhibitors enhance antitumor immune responses is required to more accurately predict which patients are likely to respond and further enhance this treatment modality. Our current study of two mouse tumor models revealed that CD4+Foxp3- cells activated by dual PD-1/CTLA-4 blockade modulated the myeloid compartment, including activation of conventional CD103+ dendritic cells (DC) and expansion of a myeloid subset that produces TNFα and iNOS (TIP-DCs). CD4+Foxp3- T cell-mediated activation of CD103+ DCs resulted in enhanced IL12 production by these cells and IL12 enhanced the therapeutic effect of dual PD-1/CTLA-4 blockade. Given the importance of these myeloid subsets in the antitumor immune response, our data point to a previously underappreciated role of CD4+Foxp3- cells in modulating this arm of the antitumor immune response. Cancer Immunol Res; 6(9); 1069-81. ©2018 AACR.</text>
    </passage>
  </document>
</collection>
