<?xml version="1.0" encoding="UTF-8"?>
<!DOCTYPE collection SYSTEM "BioC.dtd">
<collection>
  <source>BioC-API</source>
  <date>20250117</date>
  <key>collection.key</key>
  <document>
    <id>30557668</id>
    <infon key="tt_curatable">no</infon>
    <infon key="tt_version">0</infon>
    <infon key="tt_round">0</infon>
    <passage>
      <infon key="type">title</infon>
      <offset>0</offset>
      <text>Alpha-mangostin: Anti-inflammatory and antioxidant effects on established collagen-induced arthritis in DBA/1J mice.</text>
    </passage>
    <passage>
      <infon key="type">abstract</infon>
      <offset>117</offset>
      <text>Rheumatoid arthritis (RA) is an autoimmune disease that causes physical disability in people worldwide. Despite progress made in RA treatment in the past decade, new drugs with high efficacy but few long-term adverse effects are still needed. This study focused on evaluating the therapeutic potential of α-mangostin on established collagen-induced arthritis (CIA) in DBA/1J mice. Arthritic DBA/1J mice were orally administered with two doses of α-mangostin (10 and 40 mg/kg) daily, for 33 days. Alpha-mangostin significantly decreased the clinical score in the short term at both doses and decreased the histopathological score at the higher dose. This improvement was accompanied by a reduction on serum levels of anti-collagen IgG2a autoantibodies and of the production of LIX/CXCL5, IP-10/CXCL10, MIG/CXCL9, RANTES/CCL5, IL-6 and IL-33 in the joints of CIA mice. Alpha-mangostin also exhibited an anti-oxidant effect decreasing the NADPH oxidase activity and lipid peroxidation and preserving the levels of reduced glutathione in the arthritic joints. In vitro this xanthone demonstrated modulatory properties on LPS-activated dendritic cells, although in Th1 and Th17-polarized lymphocytes promotes a pro-apoptotic phenotype. Altogether this study illustrates the capacity of α-mangostin to ameliorate the early clinical and histological signs of established CIA by reducing the inflammatory and oxidative responses.</text>
    </passage>
  </document>
</collection>
