<?xml version="1.0" encoding="UTF-8"?>
<!DOCTYPE collection SYSTEM "BioC.dtd">
<collection>
  <source>BioC-API</source>
  <date>20250117</date>
  <key>collection.key</key>
  <document>
    <id>30594691</id>
    <infon key="tt_curatable">no</infon>
    <infon key="tt_version">0</infon>
    <infon key="tt_round">0</infon>
    <passage>
      <infon key="type">title</infon>
      <offset>0</offset>
      <text>Myricetin inhibits NLRP3 inflammasome activation via reduction of ROS-dependent ubiquitination of ASC and promotion of ROS-independent NLRP3 ubiquitination.</text>
    </passage>
    <passage>
      <infon key="type">abstract</infon>
      <offset>157</offset>
      <text>Myricetin is a plant-derived flavonoid that exhibits diverse pharmacological properties. The NLRP3 (NLR family, pyrin domain-containing 3 protein) inflammasome is a cytosolic multiprotein complex that plays a critical role in the innate immune response and pathogenesis of multiple inflammatory disorders. The present study found that myricetin inhibited NLRP3 inflammasome assembly via promotion of reactive oxygen species (ROS)-independent ubiquitination of NLRP3 and reduction of ROS-dependent ubiquitination of ASC (apoptosis-associated speck-like protein containing a CARD), which disrupted the interaction between ASC and NLRP3 and inhibited ASC oligomerization. This effect was further confirmed in vivo using mouse models of lipopolysaccharide (LPS)-induced sepsis and alum-induced peritonitis. These results suggest the therapeutic value of myricetin by targeting NLRP3-driven inflammatory diseases.</text>
    </passage>
  </document>
</collection>
