<?xml version="1.0" encoding="UTF-8"?>
<!DOCTYPE collection SYSTEM "BioC.dtd">
<collection>
  <source>BioC-API</source>
  <date>20250117</date>
  <key>collection.key</key>
  <document>
    <id>30742405</id>
    <infon key="tt_curatable">no</infon>
    <infon key="tt_version">0</infon>
    <infon key="tt_round">0</infon>
    <passage>
      <infon key="type">title</infon>
      <offset>0</offset>
      <text>Broadening the Message: A Nanovaccine Co-loaded with Messenger RNA and α-GalCer Induces Antitumor Immunity through Conventional and Natural Killer T Cells.</text>
    </passage>
    <passage>
      <infon key="type">abstract</infon>
      <offset>160</offset>
      <text>Messenger RNA encoding tumor antigens has the potential to evoke effective antitumor immunity. This study reports on a nanoparticle platform, named mRNA Galsomes, that successfully co-delivers nucleoside-modified antigen-encoding mRNA and the glycolipid antigen and immunopotentiator α-galactosylceramide (α-GC) to antigen-presenting cells after intravenous administration. By co-formulating low doses of α-GC, mRNA Galsomes induce a pluripotent innate and adaptive tumor-specific immune response in mice, with invariant natural killer T cells (iNKT) as a driving force. In comparison, mRNA Galsomes exhibit advantages over the state-of-the-art cancer vaccines using unmodified ovalbumin (OVA)-encoding mRNA, as we observed up to seven times more tumor-infiltrating antigen-specific cytotoxic T cells, combined with a strong iNKT cell and NK cell activation. In addition, the presence of suppressive myeloid cells (myeloid-derived suppressor cells and tumor-associated macrophages) in the tumor microenvironment was significantly lowered. Owing to these antitumor effects, OVA mRNA Galsomes significantly reduced tumor growth in established E.G7-OVA lymphoma, with a complete tumor rejection in 40% of the animals. Moreover, therapeutic vaccination with mRNA Galsomes enhanced the responsiveness to treatment with a PD-L1 checkpoint inhibitor in B16-OVA melanoma, as evidenced by a synergistic reduction of tumor outgrowth and a significantly prolonged median survival. Taken together, these data show that intravenously administered mRNA Galsomes can provide controllable, multifaceted, and effective antitumor immunity, especially when combined with checkpoint inhibition.</text>
    </passage>
  </document>
</collection>
