<?xml version="1.0" encoding="UTF-8"?>
<!DOCTYPE collection SYSTEM "BioC.dtd">
<collection>
  <source>BioC-API</source>
  <date>20250117</date>
  <key>collection.key</key>
  <document>
    <id>30748104</id>
    <infon key="tt_curatable">no</infon>
    <infon key="tt_version">0</infon>
    <infon key="tt_round">0</infon>
    <passage>
      <infon key="type">title</infon>
      <offset>0</offset>
      <text>Long noncoding RNA Crnde attenuates cardiac fibrosis via Smad3-Crnde negative feedback in diabetic cardiomyopathy.</text>
    </passage>
    <passage>
      <infon key="type">abstract</infon>
      <offset>115</offset>
      <text>Diabetic cardiomyopathy (DCM)-ventricular dysfunction in the absence of underlying heart disease-is a common complication of diabetes and a leading cause of mortality associated with the disease. In DCM, cardiac fibrosis is the main cause of heart failure. Although it is well-established that the transforming growth factor-beta signaling pathway plays a part in inducing cardiac fibrosis in DCM, details of the molecular mechanism involved remain elusive. Therefore, it is crucial to study the gene reg;ulation of key signaling effectors in DCM-associated cardiac fibrosis. A recently emerged hotspot in the field of gene regulation is the role of long noncoding RNAs (lncRNAs). Recent evidence indicates that lncRNAs play a critical role in cardiac fibrosis; however, in DCM, the function of these regulatory RNAs have not been studied in depth. In this study, we identified a conserved cardiac-specific lncRNA named colorectal neoplasia differentially expressed (Crnde). By analyzing 376 human heart tissues, it was found that Crnde expression is negatively correlated with that of cardiac fibrosis marker genes. Moreover, Crnde expression was shown to be enriched in cardiac fibroblasts (CFs). Overexpression of Crnde attenuated cardiac fibrosis and enhanced cardiac function in mice with DCM. Further, in vitro experiments showed that Crnde negatively regulates the myofibroblast differentiation of CFs. The expression of Crnde was activated by SMAD family member 3 (Smad3), shedding light on the underlying molecular mechanism. Interestingly, Crnde also inhibited the transcriptional activation of Smad3 on target genes, thereby inhibiting the expression of myofibroblastic marker genes in CFs. Overall, our data provide valuable insights into the development of potential anti-cardiac fibrosis strategies centered on lncRNAs, for the treatment of DCM.</text>
    </passage>
  </document>
</collection>
