<?xml version="1.0" encoding="UTF-8"?>
<!DOCTYPE collection SYSTEM "BioC.dtd">
<collection>
  <source>BioC-API</source>
  <date>20250117</date>
  <key>collection.key</key>
  <document>
    <id>30824640</id>
    <infon key="tt_curatable">no</infon>
    <infon key="tt_version">0</infon>
    <infon key="tt_round">0</infon>
    <passage>
      <infon key="type">title</infon>
      <offset>0</offset>
      <text>Precipitation of Soluble Uric Acid Is Necessary for In Vitro Activation of the NLRP3 Inflammasome in Primary Human Monocytes.</text>
    </passage>
    <passage>
      <infon key="type">abstract</infon>
      <offset>126</offset>
      <text>OBJECTIVE: To investigate the effects of soluble uric acid (UA) on expression and activation of the NOD-like receptor (NLR) pyrin domain containing protein 3 (NLRP3) inflammasome in human monocytes to elucidate the role of hyperuricemia in the pathogenesis of gout. METHODS: Primary human monocytes and the THP-1 human monocyte cell line were used to determine the effects of short- and longterm exposure to UA on activation of the NLRP3 inflammasome and subsequent interleukin 1β (IL-1β) secretion by ELISA and cell-based assays. Expression of key NLRP3 components in monocytes from patients with a history of gout were analyzed by quantitative PCR. RESULTS: Precipitation of UA was required for activation of the NLRP3 inflammasome and subsequent release of IL-1β in human monocytes. Neither monosodium urate (MSU) crystals nor soluble UA had any effect on activation of the transcription factor, nuclear factor-κB. Prolonged exposure of monocytes to soluble UA did not alter these responses. However, both MSU crystals and soluble UA did result in a 2-fold increase in reactive oxygen species. Patients with gout (n = 15) had significantly elevated serum UA concentrations compared to healthy individuals (n = 16), yet secretion of IL-1β and expression of NLRP3 inflammasome components in monocytes isolated from these patients were not different from those of healthy controls. CONCLUSION: Despite reports indicating that soluble UA can prime and activate the NLRP3 inflammasome in human peripheral blood mononuclear cells, precipitation of soluble UA into MSU crystals is essential for in vitro NLRP3 signaling in primary human monocytes.</text>
    </passage>
  </document>
</collection>
