<?xml version="1.0" encoding="UTF-8"?>
<!DOCTYPE collection SYSTEM "BioC.dtd">
<collection>
  <source>BioC-API</source>
  <date>20250117</date>
  <key>collection.key</key>
  <document>
    <id>30948410</id>
    <infon key="tt_curatable">no</infon>
    <infon key="tt_version">0</infon>
    <infon key="tt_round">0</infon>
    <passage>
      <infon key="type">title</infon>
      <offset>0</offset>
      <text>Takotsubo twins.</text>
    </passage>
    <passage>
      <infon key="type">abstract</infon>
      <offset>17</offset>
      <text>Takotsubo syndrome is an intriguing condition of often stress induced reversible cardiac dysfunction mimicking myocardial infarction, but without explanatory coronary obstructions. The pathogenesis of the syndrome is not yet fully understood, though altered sympathetic regulation or response to cardiac sympathetic stimuli is likely to be involved. We present a unique and clinically detailed report of identical twin sisters, who both developed Takotsubo syndrome in association to mental stress shortly after menopause, also covering a potential relapse of disease in one of the twins, supporting the theory of a genetic contribution to the development of the syndrome proposed by previous case reports and small genetic studies.</text>
    </passage>
  </document>
</collection>
