<?xml version="1.0" encoding="UTF-8"?>
<!DOCTYPE collection SYSTEM "BioC.dtd">
<collection>
  <source>BioC-API</source>
  <date>20250117</date>
  <key>collection.key</key>
  <document>
    <id>31076547</id>
    <infon key="tt_curatable">no</infon>
    <infon key="tt_version">0</infon>
    <infon key="tt_round">0</infon>
    <passage>
      <infon key="type">title</infon>
      <offset>0</offset>
      <text>Immune Suppression by PD-L2 against Spontaneous and Treatment-Related Antitumor Immunity.</text>
    </passage>
    <passage>
      <infon key="type">abstract</infon>
      <offset>90</offset>
      <text>PURPOSE: To evaluate the detailed immunosuppressive role(s) of PD-L2 given that its detailed role(s) remains unclear in PD-1 signal blockade therapy in animal models and humans. EXPERIMENTAL DESIGN: We generated mouse cell lines harboring various status of PD-L1/PD-L2 and evaluated the tumor growth and phenotypes of tumor-infiltrated lymphocytes using several PD-1 signal blockades in animal models. In humans, the correlation between immune-related gene expression and CD274 (encoding PD-L1) or PDCD1LG2 (encoding PD-L2) was investigated using The Cancer Genome Atlas (TCGA) datasets. In addition, PD-L1 or PD-L2 expression in tumor cells and CD8+ T-cell infiltration were assessed by IHC. RESULTS: In animal models, we showed that PD-L2 expression alone or simultaneously expressed with PD-L1 in tumor cells significantly suppressed antitumor immune responses, such as tumor antigen-specific CD8+ T cells, and was involved in the resistance to treatment with anti-PD-L1 mAb alone. This resistance was overcome by anti-PD-1 mAb or combined treatment with anti-PD-L2 mAb. In clinical settings, antitumor immune responses were significantly correlated with PD-L2 expression in the tumor microenvironment in renal cell carcinoma (RCC) and lung squamous cell carcinoma (LUSC). CONCLUSIONS: We propose that PD-L2 as well as PD-L1 play important roles in evading antitumor immunity, suggesting that PD-1/PD-L2 blockade must be considered for optimal immunotherapy in PD-L2-expressing cancers, such as RCC and LUSC.</text>
    </passage>
  </document>
</collection>
