<?xml version="1.0" encoding="UTF-8"?>
<!DOCTYPE collection SYSTEM "BioC.dtd">
<collection>
  <source>BioC-API</source>
  <date>20250117</date>
  <key>collection.key</key>
  <document>
    <id>31167987</id>
    <infon key="tt_curatable">no</infon>
    <infon key="tt_version">0</infon>
    <infon key="tt_round">0</infon>
    <passage>
      <infon key="type">title</infon>
      <offset>0</offset>
      <text>Calhex231 Alleviates High Glucose-Induced Myocardial Fibrosis via Inhibiting Itch-Ubiquitin Proteasome Pathway in Vitro.</text>
    </passage>
    <passage>
      <infon key="type">abstract</infon>
      <offset>121</offset>
      <text>Diabetic cardiomyopathy (DCM) is a major complication of diabetes, and features myocardial fibrosis as its main pathological feature. Calcium sensing receptor (CaSR) is a G protein-coupled receptor, which involves in myocardial fibrosis by regulation of calcium homeostasis. Calhex231, the CaSR inhibitor, is not clear whether it regulates myocardial fibrosis in DCM. In the present study, type 1 diabetic (T1D) rats and primary neonatal rat cardiac fibroblasts were used to observe the role of Calhex231. In vivo experiments showed that in the T1D group, contractile dysfunction and the deposition of collagen I and III were obvious after 12 weeks. In vitro experiments, we found that high glucose (HG) could increase the expression of CaSR, α-smooth muscle actin (α-SMA), transforming growth factor-β1 (TGF-β1) collagen I/III, matrix metalloproteinase-2 (MMP-2), MMP9, along with cardiac fibroblast migration and proliferation. We further demonstrated that CaSR activation increased intracellular Ca2+ concentration and upregulated the expression of Itch (atrophin-1 interacting protein 4), which resulted in increasing the ubiquitination levels of Smad7 and upregulating the expression of p-Smad2, p-Smad3. However, treatment with Calhex231 clearly inhibited the above-mentioned changes. Collectively these results suggest that Calhex231 could inhibit Itch-ubiquitin proteasome and TGF-β1/Smads pathways, and then depress the proliferation of cardiac fibroblasts, along with the reduction deposition of collagen, alleviate glucose-induced myocardial fibrosis. Our findings indicate an important new mechanism for myocardial fibrosis, and suggest Calhex231 would be a new therapeutic agent for the treatment of DCM.</text>
    </passage>
  </document>
</collection>
