<?xml version="1.0" encoding="UTF-8"?>
<!DOCTYPE collection SYSTEM "BioC.dtd">
<collection>
  <source>BioC-API</source>
  <date>20250117</date>
  <key>collection.key</key>
  <document>
    <id>31295689</id>
    <infon key="tt_curatable">no</infon>
    <infon key="tt_version">0</infon>
    <infon key="tt_round">0</infon>
    <passage>
      <infon key="type">title</infon>
      <offset>0</offset>
      <text>Immunomodulatory effect of human umbilical cord mesenchymal stem cells on T lymphocytes in rheumatoid arthritis.</text>
    </passage>
    <passage>
      <infon key="type">abstract</infon>
      <offset>113</offset>
      <text>Rheumatoid arthritis (RA) is an autoimmune disease which is lack of effective therapies. Abnormal activation, proliferation, and differentiation of T lymphocytes are closely related to RA. Mesenchymal stem cells (MSCs) can be used for RA treatment due to their immunoregulatory effects. However, the specific molecular mechanisms have not been fully elucidated and the therapeutic effect has been inconsistent. This study investigated the immunomodulatory effect of human umbilical cord MSCs (hUCMSCs) on T lymphocytes in collagen-induced arthritis (CIA) rats and RA patients to clarify the possible mechanism of hUCMSCs in RA treatment. The effects of hUCMSCs on arthritis index, radiological and synovial pathological changes, T lymphocyte proliferation and apoptosis, RORγt and Foxp3 expression, Th17 and Treg cell ratios, and IL-17 and TGF-β levels were assessed in CIA rats. Further, we verified the effect of hUCMSCs in RA patients, and compared the effect of hUCMSCs with that of hUCMSC derived extracellular vesicles (EVs). The results showed that hUCMSCs inhibited the proliferation and promoted apoptosis in T lymphocytes, downregulated RORγt mRNA and protein expression, decreased Th17 cell ratio, upregulated Foxp3 mRNA and protein expression, and increased Treg cell ratio in the spleen. Furthermore, they downregulated RORγt and Foxp3 expression in the joints, and inhibited IL-17 and promoted TGF-β expression in the serum, thereby improving arthritis, delaying radiological progression, and inhibiting synovial hyperplasia in CIA rats. In vitro the effects of hUCMSCs and EVs were consistent with those in vivo. Therefore, hUCMSCs may be expected to serve as a new therapy for RA.</text>
    </passage>
  </document>
</collection>
