<?xml version="1.0" encoding="UTF-8"?>
<!DOCTYPE collection SYSTEM "BioC.dtd">
<collection>
  <source>BioC-API</source>
  <date>20250117</date>
  <key>collection.key</key>
  <document>
    <id>31484369</id>
    <infon key="tt_curatable">no</infon>
    <infon key="tt_version">0</infon>
    <infon key="tt_round">0</infon>
    <passage>
      <infon key="type">title</infon>
      <offset>0</offset>
      <text>Potential of Adult Endogenous Neural Stem/Progenitor Cells in the Spinal Cord to Contribute to Remyelination in Experimental Autoimmune Encephalomyelitis.</text>
    </passage>
    <passage>
      <infon key="type">abstract</infon>
      <offset>155</offset>
      <text>Demyelination and remyelination play pivotal roles in the pathological process of multiple sclerosis (MS) and experimental autoimmune encephalomyelitis (EAE), a well-established animal model of MS. Although increasing evidence shows that various stimuli can promote the activation/induction of endogenous neural stem/progenitor cells (NSPCs) in the central nervous system, the potential contributions of these cells to remyelination following inflammatory injury remain to be fully investigated. In the present study, using an adult mouse model of EAE induced by myelin oligodendrocyte glycoprotein (MOG) peptide, we investigated whether adult NSPCs in the spinal cord can lead to remyelination under inflammatory conditions. Immunohistochemistry showed that cells expressing the NSPC marker Nestin appeared after MOG peptide administration, predominantly at the sites of demyelination where abundant inflammatory cells had accumulated, whereas Nestin+ cells were rarely present in the spinal cord of PBS-treated control mice. In vitro, Nestin+ NSPCs obtained from EAE mice spinal cords could differentiate into multiple neural lineages, including neurons, astrocytes, and myelin-producing oligodendrocytes. Using the Cre-LoxP system, we established a mouse strain expressing yellow fluorescent protein (YFP) under the control of the Nestin promoter and investigated the expression patterns of YFP-expressing cells in the spinal cord after EAE induction. At the chronic phase of the disease, immunohistochemistry showed that YFP+ cells in the injured regions expressed markers for various neural lineages, including myelin-forming oligodendrocytes. These results show that adult endogenous NSPCs in the spinal cord can be subject to remyelination under inflammatory conditions, such as after EAE, suggesting that endogenous NSPCs represent a therapeutic target for MS treatment.</text>
    </passage>
  </document>
</collection>
