<?xml version="1.0" encoding="UTF-8"?>
<!DOCTYPE collection SYSTEM "BioC.dtd">
<collection>
  <source>BioC-API</source>
  <date>20250117</date>
  <key>collection.key</key>
  <document>
    <id>31672578</id>
    <infon key="tt_curatable">no</infon>
    <infon key="tt_version">0</infon>
    <infon key="tt_round">0</infon>
    <passage>
      <infon key="type">title</infon>
      <offset>0</offset>
      <text>Amlexanox reversed non-alcoholic fatty liver disease through IKKε inhibition of hepatic stellate cell.</text>
    </passage>
    <passage>
      <infon key="type">abstract</infon>
      <offset>109</offset>
      <text>AIMS: Amlexanox, an inhibitor of nuclear factor κB kinase epsilon (IKKε) and TANK-binding kinase 1(TBK1), was demonstrated to be effective in diabetes and obesity. The aim of this study was to explore the molecular mechanisms of its role in non-alcoholic fatty liver disease (NAFLD). MAIN METHODS: NAFLD mouse models were established by using eight-week-old male C57BL/6 mice fed with high-fat diet (HFD) or (and) lipopolysaccharide (LPS) for 18 weeks. From the beginning of HFD, HFD-induced mice were subjected to amlexanox or vehicle for 18 weeks. HFD + LPS-induced mice were treated with amlexanox or vehicle for the last 6 weeks. Blood biochemistry parameters were determined using automatic biochemistry analyzer. Histological changes of liver tissue were observed by hematoxylin-eosin (H&amp;E) staining and Oil Red O staining. The expressions of IKKε and smooth muscle actin-α (α-SMA) were evaluated through immunohistochemistry. Serum inflammatory mediator was determined by enzyme linked immunosorbent assay (ELISA). Gene expressions involved in glucose and lipid metabolism, insulin signaling pathway were examined using quantitative RT-PCR or Western blotting. KEY FINDINGS: This study demonstrated that amlexanox reversed glucose and lipid metabolic disturbance and hepatic steatosis in NAFLD mice model. IKKε was specific expressed in hepatic stellate cells (HSCs) instead of hepatocytes. This study also found that amlexanox improved insulin signaling (Insulin-IRS-1-Akt) in hepatocytes through inhibiting inflammation (IKKε-NF-κB-TNF-α/IL-1α) in HSCs. SIGNIFICANCE: The present study confirmed that IKKε was specific expressed in HSCs. Inhibition of activated HSCs was responsible for effects of amlexanox on NAFLD, with improving insulin signal pathway in hepatocytes.</text>
    </passage>
  </document>
</collection>
