<?xml version="1.0" encoding="UTF-8"?>
<!DOCTYPE collection SYSTEM "BioC.dtd">
<collection>
  <source>BioC-API</source>
  <date>20250117</date>
  <key>collection.key</key>
  <document>
    <id>31697998</id>
    <infon key="tt_curatable">no</infon>
    <infon key="tt_version">0</infon>
    <infon key="tt_round">0</infon>
    <passage>
      <infon key="type">title</infon>
      <offset>0</offset>
      <text>Amlexanox ameliorates acetaminophen-induced acute liver injury by reducing oxidative stress in mice.</text>
    </passage>
    <passage>
      <infon key="type">abstract</infon>
      <offset>101</offset>
      <text>Amlexanox, a clinically approved small-molecule therapeutic presently used to treat allergic rhinitis, ulcer, and asthma, is an inhibitor of the noncanonical IkB kinase-ε (IKKε) and TANK-binding kinase 1 (TBK1). This study was to investigate the protective mechanism of amlexanox in acetaminophen (APAP)-induced acute liver injury (ALI). Mice were intraperitoneally injected with APAP (300 mg/kg, 12 h) to induce ALI and were orally administrated with amlexanox (25, 50 and 100 mg/kg) one hour after APAP treatment. Inhibition of IKKε and TBK1 by treatment of amlexanox attenuated APAP-induced ALI as confirmed by decreased serum levels of aspartate aminotransferase and alanine aminotransferase. Furthermore, amlexanox significantly decreased hepatocellular apoptosis in injured livers of mice as evidenced by histopathologic observation. Consistently, reduced oxidative stress by amlexanox was observed by increased hepatic glutathione concomitant with decreased levels of malondialdehyde. Amlexanox also enhanced expression levels of nuclear factor erythroid 2-related factor 2 (Nrf2) target genes including heme oxygenase 1, NAD(P)H:quinone oxidoreductase 1, and glutamate-cysteine ligase in injured livers of mice. Mechanistic insights into the mode of action of amlexanox against APAP-induced hepatotoxicity were involved in increasing phosphorylation of AMP-activated protein kinase (AMPK) and nuclear translocation of Nrf2, both in vivo and in vitro. Furthermore, the protective effects of amlexanox on APAP-induced hepatotoxicity were abolished by compound C, an AMPK inhibitor. Taken together, our findings suggest that amlexanox exerts antioxidative activities against APAP-mediated hepatotoxicity via AMPK/Nrf2 pathway.</text>
    </passage>
  </document>
</collection>
