<?xml version="1.0" encoding="UTF-8"?>
<!DOCTYPE collection SYSTEM "BioC.dtd">
<collection>
  <source>BioC-API</source>
  <date>20250117</date>
  <key>collection.key</key>
  <document>
    <id>31732449</id>
    <infon key="tt_curatable">no</infon>
    <infon key="tt_version">0</infon>
    <infon key="tt_round">0</infon>
    <passage>
      <infon key="type">title</infon>
      <offset>0</offset>
      <text>LXW7 attenuates inflammation via suppressing Akt/nuclear factor kappa B and mitogen-activated protein kinases signaling pathways in lipopolysaccharide-stimulated BV2 microglial cells.</text>
    </passage>
    <passage>
      <infon key="type">abstract</infon>
      <offset>184</offset>
      <text>Microglia activation is closely linked to ischemia, various chronic neurodegenerative diseases (e.g., Alzheimer's disease, Parkinson's disease, multiple sclerosis, amyotrophic lateral sclerosis), and many other central nervous system diseases. Accumulating evidence suggests that depressing the microglial inflammatory response could be an effective treatment for inflammatory disorders. The integrin αvβ3 inhibitor LXW7 has a neuroprotective effect; however, its anti-inflammatory effects and underlying mechanism remain unclear. Thus, we examined whether LXW7 would inhibit inflammatory cytokines and mediators, and we evaluated the potential mechanisms of its neuroprotective effects. Nitrite analysis revealed LXW7 reduced the nitric oxide (NO) level. Reverse transcription quantitative polymerase chain reaction (RT-qPCR) suggested that LXW7 suppressed the expression of proinflammatory genes for tumor necrosis factor-alpha (TNF-α), interleukin 1-beta (IL-1β), inducible nitric oxide synthase (iNOS), cyclooxygenase 2 (COX-2), and anti-inflammatory gene interleukin 10 (IL-10) at the messenger ribonucleic acid level. Enzyme-linked immunosorbent assay results demonstrated that LXW7 treatment reduced the expression of prostaglandin E2 (PGE2), TNF-α, IL-1β and IL-10 at the protein level. Western blotting was conducted to confirm the upregulation of inflammatory factors, including iNOS and COX-2 at the protein level. LXW7 inhibited major genes in the Akt/NF-κB and c-Jun NH2-terminal kinase/ mitogen-activated protein kinases (JNK/MAPK) signaling pathways. Immunofluorescence revealed that LXW7 inhibited the nuclear translocation of nuclear factor kappa B (NF-κB). Thus, LXW7 effectively alleviated LPS-induced inflammatory damage and had neuroprotective effects. The anti-inflammatory effects of LXW7 may be associated with the inhibition of microglial activation via Akt/NF-κB and JNK/MAPK signaling pathways by blocking integrin αvβ3 receptor. The present study's findings suggest that LXW7 has a substantial therapeutic potential for treating inflammatory and neurodegenerative diseases.</text>
    </passage>
  </document>
</collection>
