<?xml version="1.0" encoding="UTF-8"?>
<!DOCTYPE collection SYSTEM "BioC.dtd">
<collection>
  <source>BioC-API</source>
  <date>20250117</date>
  <key>collection.key</key>
  <document>
    <id>31841011</id>
    <infon key="tt_curatable">no</infon>
    <infon key="tt_version">0</infon>
    <infon key="tt_round">0</infon>
    <passage>
      <infon key="type">title</infon>
      <offset>0</offset>
      <text>Fully Synthetic Invariant NKT Cell-Dependent Self-Adjuvanting Antitumor Vaccines Eliciting Potent Immune Response in Mice.</text>
    </passage>
    <passage>
      <infon key="type">abstract</infon>
      <offset>123</offset>
      <text>Constructing an effective therapeutic cancer vaccine is very attractive and promising for cancer immunotherapy. However, the poor immunogenicity of tumor antigens and suppression of the immune system in the tumor microenvironment are two major obstacles for developing effective cancer vaccines. Invariant NKT cells (iNKT cells), which are essential bridges between the innate and adaptive immune systems, can be rapidly activated by their agonists and, consequently, evoke whole immune systems. Herein, we conjugated a potent agonist of the iNKT cell, α-galactosylceramide (α-GalCer), with the tumor-associated MUC1 glycopeptide antigens as novel self-adjuvanting cancer vaccines through click chemistry. Immunological studies revealed that the mouse immune system was potently evoked and that high levels of tumor-specific IgG antibodies were elicited by vaccine conjugates without an external adjuvant. The produced antibodies could specifically recognize and bind to antigen-expressing cancer cells and, subsequently, induce cytotoxicity through complement-dependent cytotoxicity. Thus, the insertion of α-GalCer significantly improved the immunogenicity of the MUC1 glycopeptide and induced strong antigen-specific antitumor responses, indicating that α-GalCer is an effective built-in adjuvant for constructing potent chemical synthetic antitumor vaccines.</text>
    </passage>
  </document>
</collection>
