<?xml version="1.0" encoding="UTF-8"?>
<!DOCTYPE collection SYSTEM "BioC.dtd">
<collection>
  <source>BioC-API</source>
  <date>20250117</date>
  <key>collection.key</key>
  <document>
    <id>31907992</id>
    <infon key="tt_curatable">no</infon>
    <infon key="tt_version">0</infon>
    <infon key="tt_round">0</infon>
    <passage>
      <infon key="type">title</infon>
      <offset>0</offset>
      <text>Targeting exosome-associated human antigen R attenuates fibrosis and inflammation in diabetic heart.</text>
    </passage>
    <passage>
      <infon key="type">abstract</infon>
      <offset>101</offset>
      <text>RNA-binding proteins like human antigen R (HuR) are key regulators in post-transcriptional control of gene expression in several pathophysiological conditions. Diabetes adversely affects monocyte/macrophage biology and function. It is not known whether diabetic milieu affects cellular/exosome-HuR and its implications on cardiac inflammation and fibrosis. Here, we evaluate in vitro and in vivo effects of diabetic milieu on macrophage cellular/exosome-HuR, alterations in intercellular cross talk with fibroblasts, and its impact on cardiac remodeling. Human failing hearts show higher HuR levels. Diabetic milieu activates HuR expression in cardiac- and cultured bone marrow-derived macrophages (BMMØ) and stimulates HuR nuclear-to-cytoplasmic translocation and exosome transfer. Exosomes from macrophages exposed to diabetic milieu (high glucose or db/db mice) significantly increase inflammatory and profibrogenic responses in fibroblast (in vitro) and cardiac fibrosis in mice. Intriguingly, Exo-HuR deficiency (HuR knockdown in macrophage) abrogates the above effects. In diabetic mice, macrophage depletion followed by reconstitution with BMMØ-derived HuR-deficient exosomes inhibits angiotensin II-induced cardiac fibrosis response and preserves left ventricle function as compared to control-exosome administration. To the best of our knowledge, this is the first study to demonstrate that diabetes activates BMMØ HuR expression and its transfer into exosome. The data suggest that HuR might be targeted to alleviate macrophage dysfunction and pathological fibrosis in diabetes.</text>
    </passage>
  </document>
</collection>
