<?xml version="1.0" encoding="UTF-8"?>
<!DOCTYPE collection SYSTEM "BioC.dtd">
<collection>
  <source>BioC-API</source>
  <date>20250117</date>
  <key>collection.key</key>
  <document>
    <id>32106388</id>
    <infon key="tt_curatable">no</infon>
    <infon key="tt_version">0</infon>
    <infon key="tt_round">0</infon>
    <passage>
      <infon key="type">title</infon>
      <offset>0</offset>
      <text>Paricalcitol improves experimental autoimmune encephalomyelitis (EAE) by suppressing inflammation via NF-κB signaling.</text>
    </passage>
    <passage>
      <infon key="type">abstract</infon>
      <offset>123</offset>
      <text>Multiple sclerosis (MS) is known as an autoimmune disease in the central nervous system (CNS) characterized by motor deficits, pain, fatigue, cognitive impairment, and sensory and visual dysfunction. MS is considered to be resulted from significant inflammatory response. Paricalcitol (Pari) is a vitamin D2 analogue, which has been indicated to show anti-inflammatory activities in kidney and heart diseases. In the present study, if Pari could ameliorate the experimental autoimmune encephalomyelitis (EAE) was investigated. Here, the C57BL/6 mice were immunized using myelin oligodendrocyte glycoprotein 35-55 (MOG35-55). Subsequently, Pari was intraperitoneally injected into the mice. As for in vitro analysis, RAW264.7 and Jurkat cells were incubated with Pari together with corresponding stimulus. The results indicated that Pari administration reduced the paralytic severity, neuropathology and apoptosis in MOG-treated mice compared to the MOG single group. Pari also exhibited a significantly inhibitory effect on immune cell infiltration, glial cell activation, expression of pro-inflammatory factors and the activation of nuclear factor κB (NF-κB). The expression of pro-inflammatory regulators and the translocation of NF-κB from cytoplasm into nuclear in RAW264.7 and Jurkat cells under specific stimulation was clearly down-regulated by Pari incubation. Furthermore, we found that suppressing NF-κB with its inhibitor combined with Pari could further reduce the expression of pro-inflammatory factors and associated proteins. These data illustrated that Pari could diminish MOG-triggered EAE, as well as macrophages and T cells activation through blocking NF-κB activation. Collectively, Pari might have therapeutic effects in mouse models with MS.</text>
    </passage>
  </document>
</collection>
