<?xml version="1.0" encoding="UTF-8"?>
<!DOCTYPE collection SYSTEM "BioC.dtd">
<collection>
  <source>BioC-API</source>
  <date>20250117</date>
  <key>collection.key</key>
  <document>
    <id>32736194</id>
    <infon key="tt_curatable">no</infon>
    <infon key="tt_version">0</infon>
    <infon key="tt_round">0</infon>
    <passage>
      <infon key="type">title</infon>
      <offset>0</offset>
      <text>Acetylase inhibitor SI-2 is a potent anti-inflammatory agent by inhibiting NLRP3 inflammasome activation.</text>
    </passage>
    <passage>
      <infon key="type">abstract</infon>
      <offset>106</offset>
      <text>Aberrant activation of Nod-like receptor family pyrin domain-containing-3 (NLRP3) inflammasome is implicated in a variety of inflammatory diseases. Targeting NLRP3 inflammasome represents a promising therapy to cure such diseases. We and others recently demonstrated that acetylation of NLRP3 promotes the inflammasome activity and also suggested lysine acetyltransferases inhibitors could be a kind of promising agents for treating NLRP3 associated disorders. In this study, by searching for kinds of lysine acetyltransferases inhibitors, we showed that SI-2 hydrochloride (SI-2), a specific inhibitor of lysine acetyltransferase KAT13B (lysine acetyltransferases 13B), specifically blocks NLRP3 inflammasome activation both in mice in vivo and in human cells ex vivo. Intriguingly, SI-2 does not affect the acetylation of NLRP3. Instead, it disrupts the interaction between NLRP3 and adaptor apoptosis-associated speck-like protein containing CARD (ASC), then blocks the formation of ASC speck. Thus, our study identified a specific inhibitor for NLRP3 inflammasome and suggested SI-2 as a potential inhibitory agent for the therapy of NLRP3-driven diseases.</text>
    </passage>
  </document>
</collection>
