<?xml version="1.0" encoding="UTF-8"?>
<!DOCTYPE collection SYSTEM "BioC.dtd">
<collection>
  <source>BioC-API</source>
  <date>20250117</date>
  <key>collection.key</key>
  <document>
    <id>33385416</id>
    <infon key="tt_curatable">no</infon>
    <infon key="tt_version">0</infon>
    <infon key="tt_round">0</infon>
    <passage>
      <infon key="type">title</infon>
      <offset>0</offset>
      <text>MiR-21-3p triggers cardiac fibroblasts pyroptosis in diabetic cardiac fibrosis via inhibiting androgen receptor.</text>
    </passage>
    <passage>
      <infon key="type">abstract</infon>
      <offset>113</offset>
      <text>AIMS/HYPOTHESIS: MicroRNA-21 has been implicated in diabetic complication, including diabetic cardiomyopathy. However, there is limited information regarding the biological role of the miR-21 passenger strand (miR-21-3p) in diabetic cardiac fibrosis. The aim of this study was to investigate the role of miR-21-3p and its target androgen receptor in STZ-induced diabetic cardiac fibrosis. METHODS: The pathological changes and collagen depositions was analyzed by HE, Sirius Red staining and Masson's Trichrome Staining. MiR-21-3p, AR, NLRP3, caspase1 and collagen I expression were analyzed by western blotting, immunohistochemistry, immunofluorescence, qRT-PCR, miR one step qRT-PCR, respectively. A luciferase reporter assay was used to verify the interaction between miR-21 and the 3' untranslated region (3'UTR) of AR. RESULTS: Our results indicated that miR-21-3p level was up-regulated, while AR was decreased in STZ-induced diabetic cardiac fibrosis tissues and cardiac fibroblast. High glucose triggers cardiac fibroblasts pyroptosis and collagen deposition. Gain-of-function and loss-of-function assays demonstrated that miR-21-3p mediated the crucial role in diabetic cardiac fibrosis. Our results show that miR-21-3p bound to the 3'UTR of AR post-transcriptionally repressed its expression. We also found AR, which regulates cardiac fibroblasts pyroptosis and collagen deposition through caspase1 signaling. CONCLUSIONS: /interpretation: Taken together, our study showed that miR-21-3p aggravates STZ-induced diabetic cardiac fibrosis through the caspase1 pathways by suppressing AR expression.</text>
    </passage>
  </document>
</collection>
