<?xml version="1.0" encoding="UTF-8"?>
<!DOCTYPE collection SYSTEM "BioC.dtd">
<collection>
  <source>BioC-API</source>
  <date>20250117</date>
  <key>collection.key</key>
  <document>
    <id>33773188</id>
    <infon key="tt_curatable">no</infon>
    <infon key="tt_version">0</infon>
    <infon key="tt_round">0</infon>
    <passage>
      <infon key="type">title</infon>
      <offset>0</offset>
      <text>Narciclasine inhibits LPS-induced neuroinflammation by modulating the Akt/IKK/NF-κB and JNK signaling pathways.</text>
    </passage>
    <passage>
      <infon key="type">abstract</infon>
      <offset>116</offset>
      <text>BACKGROUND: Neuroinflammation is defined as innate immune system activation in the central nervous system, and is a complex response involved in removing pathogens, toxic components, and dead cells by activating microglial cells. However, over-activated microglia have been implicated in the pathogenesis of neurodegenerative diseases, because they release large amounts of neurotoxic factors. Thus, inhibiting microglial activation may represent an attractive approach for preventing neuroinflammatory disorders. The objective of this study was to investigate the effect of narciclasine (NA) on lipopolysaccharide (LPS)-induced neuroinflammation by evaluating related markers and neurotoxic factors. METHODS: BV-2 cells were pre-incubated with NA at 0.1, 0.2, and 0.3 µM for 1h, and then co-treated with LPS for 12 h. Cellular medium and lysates were measured using a nitric oxide assay, enzyme-link immunosorbent assay (ELISA), western blotting, kinase activity assay, luciferase assay, and immunofluorescence assay. C57BL/6N mice were orally administered NA and intraperitoneally injected with LPS, and the cerebral cortex was examined using western blotting and immunofluorescence assays. RESULTS: NA showed novel pharmacological activity, inhibiting pro-inflammatory factors, including TNF-α, IL-6, IL-18, NO, and PGE2, but increasing the anti-inflammatory cytokines IL-10 and TGF-β1 in LPS-induced microglial cells. Moreover, NA also attenuated the LPS-induced mRNA and proteins of iNOS and COX-2. The mechanistic study indicated that NA attenuates the secretion of pro-inflammatory factor by down-regulating the Akt/IKK/NF-κB and JNK signaling pathways, and directly inhibits the catalytic activity of IKKα/β. Furthermore, we found that NA also reduced the expression of the microglial markers Iba-1, COX-2, and TNF-α in the mouse brain. CONCLUSION: NA inhibits the over-expression of pro-inflammatory factors but it promotes anti-inflammatory cytokines by down-regulating the Akt/IKK/NF-κB and JNK signaling pathways in experimental models. Thus, NA may be a potential candidate for relieving neuroinflammation.</text>
    </passage>
  </document>
</collection>
