<?xml version="1.0" encoding="UTF-8"?>
<!DOCTYPE collection SYSTEM "BioC.dtd">
<collection>
  <source>BioC-API</source>
  <date>20250117</date>
  <key>collection.key</key>
  <document>
    <id>33853930</id>
    <infon key="tt_curatable">no</infon>
    <infon key="tt_version">0</infon>
    <infon key="tt_round">0</infon>
    <passage>
      <infon key="type">title</infon>
      <offset>0</offset>
      <text>Brain injury instructs bone marrow cellular lineage destination to reduce neuroinflammation.</text>
    </passage>
    <passage>
      <infon key="type">abstract</infon>
      <offset>93</offset>
      <text>Acute brain injury mobilizes circulating leukocytes to transmigrate into the perivascular space and brain parenchyma. This process amplifies neural injury. Bone marrow hematopoiesis replenishes the exhausted peripheral leukocyte pools. However, it is not known whether brain injury influences the development of bone marrow lineages and how altered hematopoietic cell lineages affect neurological outcome. Here, we showed that bone marrow hematopoietic stem cells (HSCs) can be swiftly skewed toward the myeloid lineage in patients with intracerebral hemorrhage (ICH) and experimental ICH models. Lineage tracing revealed a predominantly augmented hematopoiesis of Ly6Clow monocytes infiltrating the ICH brain, where they generated alternatively activated macrophages and suppressed neuroinflammation and brain injury. The ICH brain uses β3-adrenergic innervation that involves cell division cycle 42 to promote bone marrow hematopoiesis of Ly6Clow monocytes, which could be further potentiated by the U.S. Food and Drug Administration-approved β3-adrenergic agonist mirabegron. Our results suggest that brain injury modulates HSC lineage development to curb distal brain inflammation, implicating the bone marrow as a unique niche for self-protective neuroimmune interaction that might be exploited to obtain therapeutic effects.</text>
    </passage>
  </document>
</collection>
