<?xml version="1.0" encoding="UTF-8"?>
<!DOCTYPE collection SYSTEM "BioC.dtd">
<collection>
  <source>BioC-API</source>
  <date>20250117</date>
  <key>collection.key</key>
  <document>
    <id>34599024</id>
    <infon key="tt_curatable">no</infon>
    <infon key="tt_version">0</infon>
    <infon key="tt_round">0</infon>
    <passage>
      <infon key="type">title</infon>
      <offset>0</offset>
      <text>Activation of GM-CSF and TLR2 signaling synergistically enhances antigen-specific antitumor immunity and modulates the tumor microenvironment.</text>
    </passage>
    <passage>
      <infon key="type">abstract</infon>
      <offset>143</offset>
      <text>BACKGROUND: The major challenge of antitumor immunotherapy is dealing with the immunosuppressive tumor microenvironment, which involves immature myeloid cell accumulation that results in T cell dysfunction. Myeloid cell activation is induced by Toll-like receptor agonists. Additionally, granulocyte/macrophage colony stimulating factor (GM-CSF) promotes myelopoiesis and recruits myeloid cells. Here, we combined the Toll-like receptor 2 (TLR2) agonist lipoprotein and GM-CSF to assess whether this bifunctional immunotherapy has synergistic effects on myeloid cells and could be further developed as a therapeutic intervention that enhances the antitumor response. METHODS: We investigated the synergistic effects of biadjuvanted tumor antigen on antigen-presenting cell (APC) activation in bone marrow-derived dendritic cells. Furthermore, therapeutic efficacy was monitored in different tumor models treated via intratumoral or subcutaneous administration routes. The immune effects of the bifunctional fusion protein on myeloid cells in the tumor mass and draining lymph nodes were analyzed by flow cytometry. The induction of cytotoxic T lymphocytes was evaluated via intracellular cytokine levels, perforin/granzyme B staining and an in vivo killing assay. RESULTS: The TLR2 agonist lipoprotein combined with GM-CSF synergistically induced DC maturation, which subsequently enhanced antitumor immunity. In addition, rlipoE7m-MoGM modulated tumor-infiltrating myeloid cell populations. Vaccination with rlipoE7m-MoGM therapy increased the number of CCR7+CD103+ cDC1s, whereas the number of suppressive tumor-associated macrophages was reduced in the tumor lesions. Consistent with this observation, proliferating antigen-specific CD8+ T cells are highly infiltrated within the tumor, and the expression of IFN-r and perforin was most pronounced within antigen-specific CD8+ T cells in mice administered rlipoE7m-MoGM therapy. This finding corresponded with observation that the combination of a TLR2 agonist and GM-CSF provides increased antitumor activity by inhibiting established tumor outgrowth and protecting against metastatic cancer compared with a TLR2 agonist alone. Importantly, tumor growth inhibition was not due to the direct effects of the TLR2 agonist or GM-CSF but was instead due to the induction of antigen-specific immunity. CONCLUSIONS: The combination of a TLR2 agonist and GM-CSF has synergistic effects that inhibit tumor growth and modulate tumor-infiltrating APCs. This therapeutic approach could be applied to other tumor antigens to treat different cancers.</text>
    </passage>
  </document>
</collection>
