<?xml version="1.0" encoding="UTF-8"?>
<!DOCTYPE collection SYSTEM "BioC.dtd">
<collection>
  <source>BioC-API</source>
  <date>20250117</date>
  <key>collection.key</key>
  <document>
    <id>34607233</id>
    <infon key="tt_curatable">no</infon>
    <infon key="tt_version">0</infon>
    <infon key="tt_round">0</infon>
    <passage>
      <infon key="type">title</infon>
      <offset>0</offset>
      <text>Anti-PD1 antibody enhances the anti-tumor efficacy of MUC1-MBP fusion protein vaccine via increasing Th1, Tc1 activity and decreasing the proportion of MDSC in the B16-MUC1 melanoma mouse model.</text>
    </passage>
    <passage>
      <infon key="type">abstract</infon>
      <offset>195</offset>
      <text>In previous studies, we have obtained a notable anti-tumor efficacy of the recombinant MUC1-MBP vaccine in the process of mouse B16-MUC1 melanoma treatment. However, the tumor cannot be eliminated completely. We found that the tumor inhibition rate decreased from 81.67% (five immunizations) to 43.67% (eight immunizations) after more than five immunizations, indicating persistent vaccine stimulation may activate immunosuppressive factors. In the present study, we revealed that programmed cell death 1 (PD1), an inhibitory molecule suppressing T cell function, expressed on splenic and tumor-infiltrating T cells were up-regulated by the vaccine. Therefore, to optimize the anti-tumor efficacy of the vaccine, we employed combination immunotherapy with MUC1-MBP vaccine and αPD1 (anti-PD1 antibody). Results showed that combination immunotherapy induced a more remarkable anti-tumor efficacy, the tumor clearance being increased to 80% from 20% which obtain by MUC1-MBP vaccine immunizations. To investigate the possible underlying mechanism, IFN-γ secretion and cytotoxic T lymphocyte (CTL) cytotoxicity were measured by enzyme-linked immunosorbent assay (ELISA) and xCELLigence real-time cell analyzer (RTCA) respectively. T cell subsets and immunosuppressive cells in the mouse spleen and tumor microenvironment were analyzed by FACS. Results showed that the proportion of splenic CD8+T cells and tumor infiltration was increased and the activity of CTL killing, T helper 1 (Th1), Type 1 CD8+T (Tc1) was enhanced, indicating that the anti-tumor efficacy enhanced by combination immunotherapy was mainly through boosting CD8+T cells mediated anti-tumor cellular immunity. Additionally, combination immunotherapy significantly decreased the splenic and tumor-infiltrating myeloid derived suppressor cells (MDSCs). These results demonstrated that combination immunotherapy with MUC1-MBP vaccine and αPD1 was capable to invoke a more potent anti-tumor immune response and provide a foundation for further research.</text>
    </passage>
  </document>
</collection>
