<?xml version="1.0" encoding="UTF-8"?>
<!DOCTYPE collection SYSTEM "BioC.dtd">
<collection>
  <source>BioC-API</source>
  <date>20250117</date>
  <key>collection.key</key>
  <document>
    <id>35217279</id>
    <infon key="tt_curatable">no</infon>
    <infon key="tt_version">0</infon>
    <infon key="tt_round">0</infon>
    <passage>
      <infon key="type">title</infon>
      <offset>0</offset>
      <text>Tetrastigma hemsleyanum Diels et Gilg ameliorates lipopolysaccharide induced sepsis via repairing the intestinal mucosal barrier.</text>
    </passage>
    <passage>
      <infon key="type">abstract</infon>
      <offset>130</offset>
      <text>OBJECTIVE: Sepsis causes excessive systemic inflammation and leads to multiple organ dysfunction syndrome (MODS). The intestine plays a key role in the occurrence and development of sepsis. Tetrastigma hemsleyanum Diels et Gilg (San ye qing, SYQ), a precious Chinese medicine, has been widely used for centuries due to its high traditional value, such as a remarkable anti-inflammatory effect. However, the role of SYQ in intestinal permeability during the development of sepsis needs to be discovered. METHODS: Mice were intraperitoneally injected with lipopolysaccharide (LPS) to simulate intestinal mucosal barrier function damage in sepsis. Pathological section, inflammatory cytokines, tight junctions, cell apoptosis, and intestinal flora were detected to evaluate the protective effect of SYQ on intestinal mucosal barrier injury in LPS-induced septic mice. RESULTS: The results showed that SYQ treatment obviously attenuated LPS-induced intestinal injury and reduced the production of tumor necrosis factor α (TNF-α), interleukin 1β (IL-1β), and interleukin 6 (IL-6). Besides, SYQ also up-regulated the expressions of tight junctions, including Zonula occludens 1 (ZO-1), Claudin-5, and Occludin along with a decreased in the levels of myosin light chain kinase (MLCK) and myosin light chain (MLC). In addition, SYQ down-regulated the expression of Bax/Bcl2 as well as that of cleaved caspase-3 to prevent the cells from undergoing apoptosis. Further, SYQ restored the diversity of the intestinal flora, increased the abundance of Firmicutes, and decreased the abundance of Bacteroidota. CONCLUSIONS: The study indicated that SYQ exerted its protective effect on intestinal mucosal barrier injury in LPS-induced septic mice by reducing inflammatory response, improving the tight junction protein expression, inhibiting cell apoptosis, and adjusting the intestinal flora structure.</text>
    </passage>
  </document>
</collection>
