<?xml version="1.0" encoding="UTF-8"?>
<!DOCTYPE collection SYSTEM "BioC.dtd">
<collection>
  <source>BioC-API</source>
  <date>20250117</date>
  <key>collection.key</key>
  <document>
    <id>35307576</id>
    <infon key="tt_curatable">no</infon>
    <infon key="tt_version">0</infon>
    <infon key="tt_round">0</infon>
    <passage>
      <infon key="type">title</infon>
      <offset>0</offset>
      <text>The Chinese medicine babaodan suppresses LPS-induced sepsis by inhibiting NLRP3-mediated inflammasome activation.</text>
    </passage>
    <passage>
      <infon key="type">abstract</infon>
      <offset>114</offset>
      <text>ETHNOPHARMACOLOGICAL RELEVANCE: BBD is a well-known traditional Chinese medicine widely used in clinic to treat viral hepatitis, cholecystitis, angiocholitis and urinary tract infection. According to traditional medicinal theory, BBD exerts the effects of "clearing and humid heat, activating blood and removing toxicity, curing jaundice and relieving pain", the signs of which are recognized as common symptoms of inflammation during infectious diseases in modern medicine. AIM OF THE STUDY: To determine the therapeutic effect of BBD on bacterial endotoxin lipopolysaccharide (LPS) induced sepsis and to investigate the relevant pharmacological and molecular mechanisms of action whereby BBD mitigates inflammation. MATERIALS AND METHODS: In vivo, a mouse sepsis model was induced by intraperitoneally injection of LPS; the BBD were formulated as drug suspension for intragastric administration. The survival rate, secretion of pro-inflammatory cytokines of IL-1β and TNF-α, and multiple organ injury of lung, liver and spleen were examined. In vitro, peritoneal macrophages (PMs) were stimulated with LPS plus ATP for NLRP3 inflammasome activation; polar gradient extractions of BBD from ultrapure water (sample 1) followed by 70% ethanol (sample 2) were added as interventions. In addition to detect the secretion of IL-1β and TNF-α, the activation of NF-κB, ASC-speck formation and ASC oligomerization were examined by western blotting and immunofluorescent stainning. Eventually, the extractions of BBD were applied for UPLC-QTOF-MS analyses; refer to the identified chemicals, the bioactive compounds in BBD with anti-NLRP3 inflammasome activities were discussed. RESULTS: BBD improved the survival of sepsis mice accomplished with diminished inflammatory cytokines production and multiple organ injury. Mechanistically, BBD inhibited both the NF-κB pathway and the assembly of NLRP3 complex in PMs. There were 29 chemical compounds identified from sample 1 and 20 from sample 2. Both samples contained bile acids and saponins and sample 2 contained 2 extra chemicals in the category of bile acids. CONCLUSIONS: BBD presents therapeutic role of endotoxin induced sepsis by inhibiting NLRP3-medaited inflammasome activation, which supports its traditional use for the treatment of infectious diseases. The bile acids and saponins are most likely related to the anti-NLRP3 inflammasome activation effect of BBD.</text>
    </passage>
  </document>
</collection>
