<?xml version="1.0" encoding="UTF-8"?>
<!DOCTYPE collection SYSTEM "BioC.dtd">
<collection>
  <source>BioC-API</source>
  <date>20250117</date>
  <key>collection.key</key>
  <document>
    <id>35325396</id>
    <infon key="tt_curatable">no</infon>
    <infon key="tt_version">0</infon>
    <infon key="tt_round">0</infon>
    <passage>
      <infon key="type">title</infon>
      <offset>0</offset>
      <text>Genetically Engineered Mesenchymal Stem Cell Therapy Against Murine Experimental Autoimmune Encephalomyelitis.</text>
    </passage>
    <passage>
      <infon key="type">abstract</infon>
      <offset>111</offset>
      <text>We used recombinant interleukin 23 receptor (RIL-23R)-engineered mesenchymal stem cells (MSCs) to study its therapeutic role in enhancing inflammation of nervous tissue in the mouse model (EAE) of multiple sclerosis (MS). Recombinant IL-23 receptor construct was designed to enter MSCs. The bioactivity of the constructs was assessed by the co-culture of MSCs/CD4 + T cells. The EAE model was induced in mice. After cell transplantation, clinical scores were evaluated, and tissue demyelination was measured by Luxol fast blue staining. The transfection of RIL-23R mRNA improved MSC properties significantly to the inflamed regions of EAE mice, and it performed an increased suppressive function on the T lymphocyte proliferation. Furthermore, in vivo therapy with RIL-23R MSCs in EAE mice showed an enhanced therapeutic action than MSCs, proven by improved myelination and a reduction in the penetration of inflammatory cells into the white matter. Our targeted transplantation procedure of modified MSC can be applied to improve the effectiveness of cellular therapy for multiple sclerosis and other autoimmune disorders.</text>
    </passage>
  </document>
</collection>
