<?xml version="1.0" encoding="UTF-8"?>
<!DOCTYPE collection SYSTEM "BioC.dtd">
<collection>
  <source>BioC-API</source>
  <date>20250117</date>
  <key>collection.key</key>
  <document>
    <id>35475391</id>
    <infon key="tt_curatable">no</infon>
    <infon key="tt_version">0</infon>
    <infon key="tt_round">0</infon>
    <passage>
      <infon key="type">title</infon>
      <offset>0</offset>
      <text>Hyodeoxycholic acid inhibits lipopolysaccharide-induced microglia inflammatory responses through regulating TGR5/AKT/NF-κB signaling pathway.</text>
    </passage>
    <passage>
      <infon key="type">abstract</infon>
      <offset>146</offset>
      <text>BACKGROUND: Hyodeoxycholic acid (HDCA) is a natural secondary bile acid with enormous pharmacological effects, such as modulating inflammation in neuron. However, whether HDCA could suppress microglial inflammation has not been elucidated yet. AIMS: To determine the anti-microglial inflammatory effect of HDCA in lipopolysaccharide (LPS) models and its mechanisms. METHODS: The effect of HDCA was evaluated in LPS-stimulated BV2 microglial cells in vitro and the cortex of LPS-treated mice in vivo. Immunohistochemistry and immunofluorescence were used to visualize the localization of nuclear factor kappa light-chain enhancer of activated B cells (NF-κB) and ionized calcium-binding adaptor protein-1 (Iba-1), respectively. The mRNA expression of inflammatory cytokines was measured by RT-qPCR. The protein expression of inducible nitric oxide synthase (iNOS), cyclooxygenase-2 (COX-2), takeda G-coupled protein receptor 5 (TGR5), and the phosphorylation of protein kinase B (AKT), NF-κB, and inhibitor of NF-κB protein α (IκBα) was examined by Western blot. RESULTS: HDCA inhibited the inflammatory responses in LPS-treated BV2 cells and in the cortex of LPS-treated mice, evidenced by decreased production of inflammatory mediators such as iNOS, COX-2, tumor necrosis factor (TNF-α), interleukin (IL)-6, and IL-1β. Further study demonstrated that HDCA repressed the phosphorylation, nuclear translocation, and transcriptional activity of NF-κB and inhibited the activation of AKT in BV-2 cells induced by LPS. Meanwhile, addition of TGR5 inhibitor, triamterene, abolished the effects of HDCA on TGR5, AKT, and NF-κB. CONCLUSION: The present study demonstrated that HDCA prevents LPS-induced microglial inflammation in vitro and in vivo, the action of which is via regulating TGR5/AKT/NF-κB signaling pathway.</text>
    </passage>
  </document>
</collection>
