<?xml version="1.0" encoding="UTF-8"?>
<!DOCTYPE collection SYSTEM "BioC.dtd">
<collection>
  <source>BioC-API</source>
  <date>20250117</date>
  <key>collection.key</key>
  <document>
    <id>35605915</id>
    <infon key="tt_curatable">no</infon>
    <infon key="tt_version">0</infon>
    <infon key="tt_round">0</infon>
    <passage>
      <infon key="type">title</infon>
      <offset>0</offset>
      <text>Label-free proteomics-based analysis of peripheral nerve injury induced by Japanese encephalitis virus.</text>
    </passage>
    <passage>
      <infon key="type">abstract</infon>
      <offset>104</offset>
      <text>Japanese encephalitis (JE) is just an acute encephalitis syndrome contributed to Japanese encephalitis virus (JEV) infection. It the chief causes of viral encephalitis in Asia. In recent years, association of JEV infection with neurological problems such as Guillain-Barré syndrome(GBS) had reported. Nevertheless, its potential pathogenic mechanism has not previously been reported. Therefore, it is urgent to study the relationship between peripheral nerve injury (PNI) and JEV infection. Here, we use the liquid chromatography-tandem mass spectrometry (LC-MS/MS) technique to make out the protein expression levels of mice sciatic nerve between JEV infection group and the sham group. In general, 4303 proteins were designated by MS, and 187 differentially expressed proteins(DEPs) were found. There were 105 proteins up-regulated in the injured sciatic nerve, and 82 proteins were down-regulated. Functional enrichment analysis of DEPs showed that the up-regulated proteins were mainly related to immune regulatory response, and down-regulated proteins were related to ribosomal structural components and translation. SIGNIFICANCE: The Japanese encephalitis virus, a member of the flavivirus, is a Mosquito borne virus. It leads to central nervous system injury by the immune response and inflammation in the brain. In addition, the virus also gave rise to PNI. It is a major public health problem in Asia. The diversity of clinical symptoms has brought serious challenges to the diagnosis and treatment of the disease. Label-Free Proteomics was undertaken to explore the potential mechanisms between JEV and peripheral nervous system in this study. It provided strong evidence that tissue damage is caused by the immune-mediated mechanisms rather than the virus, which offers a basis for the prevention of the disease and further looking for treatment targets.</text>
    </passage>
  </document>
</collection>
