<?xml version="1.0" encoding="UTF-8"?>
<!DOCTYPE collection SYSTEM "BioC.dtd">
<collection>
  <source>BioC-API</source>
  <date>20250117</date>
  <key>collection.key</key>
  <document>
    <id>35734820</id>
    <infon key="tt_curatable">no</infon>
    <infon key="tt_version">0</infon>
    <infon key="tt_round">0</infon>
    <passage>
      <infon key="type">title</infon>
      <offset>0</offset>
      <text>Elastic Nanovaccine Enhances Dendritic Cell-Mediated Tumor Immunotherapy.</text>
    </passage>
    <passage>
      <infon key="type">abstract</infon>
      <offset>74</offset>
      <text>Nanovaccine-based immunotherapy (NBI) has the ability to initiate dendritic cell (DC)-mediated tumor-specific immune responses and maintain long-term antitumor immune memory. To date, the mechanism by which the mechanical properties of nanoparticles alter the functions of DCs in NBI remains largely unclear. Here, a soft mesoporous organosilica-based nanovaccine (SMONV) is prepared and the elasticity-dependent effect of the nanovaccine on the underlying DC-mediated immune responses is studied. It is found that the elasticity results in greater internalization of SMONV by DCs, followed by the induction of substantial cytosolic delivery of antigens via endosomal escape, leading to effective DC maturation and antigen cross-presentation. Impressively, elasticity enables SMONV to enhance lymphatic drainage of antigens in vivo, thus stimulating robust humoral and cellular immunity. The results from therapeutic tumor vaccination further reveal that subcutaneously administered SMONV effectively suppresses tumor growth in tumor-bearing mice by evoking antigen-specific CD8+ T-cell immune responses, mitigating regulatory T-cell-mediated immunosuppression, and increasing central memory and effector memory T-cell populations. Furthermore, combinatorial immunization with SMONV and anti-PD-L1 blocking antibodies results in an amplified therapeutic effect on tumor-bearing mice. These findings reveal the elastic effect of the nanovaccine on DC-mediated immune responses, and the prepared SMONV represents a facile and powerful strategy for antitumor immunotherapy.</text>
    </passage>
  </document>
</collection>
