<?xml version="1.0" encoding="UTF-8"?>
<!DOCTYPE collection SYSTEM "BioC.dtd">
<collection>
  <source>BioC-API</source>
  <date>20250117</date>
  <key>collection.key</key>
  <document>
    <id>36179018</id>
    <infon key="tt_curatable">no</infon>
    <infon key="tt_version">0</infon>
    <infon key="tt_round">0</infon>
    <passage>
      <infon key="type">title</infon>
      <offset>0</offset>
      <text>Regulation of autoimmune disease progression by Pik3ip1 through metabolic reprogramming in T cells and therapeutic implications.</text>
    </passage>
    <passage>
      <infon key="type">abstract</infon>
      <offset>129</offset>
      <text>Metabolic alterations could profoundly affect immune functions and influence the progression and outcome of autoimmune diseases. However, the detailed mechanisms and their therapeutic potential remain to be defined. Here, we show that phosphatidylinositide 3-kinase interacting protein 1 (Pik3ip1), a newly identified negative immune regulator, is notably down-regulated in several major autoimmune diseases through a previously unidentified mechanism mediated by interleukin-21/p38 mitogen-activated protein kinase/a disintegrin and metalloprotease-17 (ADAM17) pathway. Down-regulation of Pik3ip1 in T cells causes a major metabolic shift from oxidative phosphorylation toward aerobic glycolysis, leading to their overactivation and aggressive disease progression in experimental autoimmune encephalomyelitis (EAE) mouse model. Suppression of hypoxia-inducible factor 1α (Hif1α) or pharmacologic inhibition of glycolysis could reverse these phenotypes and largely mitigate EAE severity. Our study reveals a previously unrecognized role of Pik3ip1 in metabolic regulation that substantially affects the inflammatory loop in the autoimmune setting and identifies the Pik3ip1/Hif1α/glycolysis axis as a potential therapeutic target for treatment of autoimmune diseases.</text>
    </passage>
  </document>
</collection>
