<?xml version="1.0" encoding="UTF-8"?>
<!DOCTYPE collection SYSTEM "BioC.dtd">
<collection>
  <source>BioC-API</source>
  <date>20250117</date>
  <key>collection.key</key>
  <document>
    <id>36215787</id>
    <infon key="tt_curatable">no</infon>
    <infon key="tt_version">0</infon>
    <infon key="tt_round">0</infon>
    <passage>
      <infon key="type">title</infon>
      <offset>0</offset>
      <text>Koumine regulates macrophage M1/M2 polarization via TSPO, alleviating sepsis-associated liver injury in mice.</text>
    </passage>
    <passage>
      <infon key="type">abstract</infon>
      <offset>110</offset>
      <text>BACKGROUND: Translocator protein (TSPO) is an 18-kDa transmembrane protein found primarily in the mitochondrial outer membrane, and it is implicated in inflammatory responses, such as cytokine release. Koumine (KM) is an indole alkaloid extracted from Gelsemium elegans Benth. It has been reported to be a high-affinity ligand of TSPO and to exert anti-inflammatory and immunomodulatory effects in our recent studies. However, the protective effect of KM on sepsis-associated liver injury (SALI) and its mechanisms are unknown. PURPOSE: To explore the role of TSPO in SALI and then further explore the protective effect and mechanism of KM on SALI. METHODS: The effect of KM on the survival rate of septic mice was confirmed in mouse models of caecal ligation and puncture (CLP)-induced and lipopolysaccharide (LPS)-induced sepsis. The protective effect of KM on CLP-induced SALI was comprehensively evaluated by observing the morphology of the mouse liver and measuring liver injury markers. The serum cytokine content was detected in mice by flow cytometry. Macrophage polarization in the liver was examined using western blotting. TSPO knockout mice were used to explore the role of TSPO in sepsis liver injury and verify the protective effect of KM on sepsis liver injury through TSPO. RESULTS: KM significantly improved the survival rate of both LPS- and CLP-induced sepsis in mice. KM has a significant liver protective effect on CLP-induced sepsis in mice. KM treatment ameliorated liver ischaemia, improved liver pathological injuries, and decreased the levels of alanine aminotransferase (ALT), aspartate aminotransferase (AST), lactate dehydrogenase (LDH) and proinflammatory cytokines in serum. Western blotting results showed that KM inhibited M1 polarization of macrophages and promoted M2 polarization. In TSPO knockout mice, we found that TSPO knockout can improve the survival rate of septic mice, ameliorate liver ischaemia, improve liver pathological injuries, and decrease the levels of ALT, AST, and LDH. In addition, TSPO knockout inhibits the M1 polarization of macrophages in the liver of septic mice and promotes M2 polarization and the serum levels of proinflammatory cytokines. Interestingly, in TSPO knockout septic mice, these protective effects of KM were no longer effective. CONCLUSIONS: We report for the first time that TSPO plays a critical role in sepsis-associated liver injury by regulating the polarization of liver macrophages and reducing the inflammatory response. KM, a TSPO ligand, is a potentially desirable candidate for the treatment of SALI that may regulate macrophage M1/M2 polarization through TSPO in the liver.</text>
    </passage>
  </document>
</collection>
