<?xml version="1.0" encoding="UTF-8"?>
<!DOCTYPE collection SYSTEM "BioC.dtd">
<collection>
  <source>BioC-API</source>
  <date>20250117</date>
  <key>collection.key</key>
  <document>
    <id>36326534</id>
    <infon key="tt_curatable">no</infon>
    <infon key="tt_version">0</infon>
    <infon key="tt_round">0</infon>
    <passage>
      <infon key="type">title</infon>
      <offset>0</offset>
      <text>Bortezomib inhibits NLRP3 inflammasome activation and NF-κB pathway to reduce psoriatic inflammation.</text>
    </passage>
    <passage>
      <infon key="type">abstract</infon>
      <offset>106</offset>
      <text>The abnormal activation of nucleotide-binding oligomerization domain-like receptor family pyrin domain-containing protein 3 (NLRP3) inflammasome plays an important role in the pathogenesis of psoriasis. Accordingly, the inhibition of NLRP3 inflammasome may be an effective strategy for psoriasis treatment. However, the NLRP3 inflammasome inhibitors are not available in the clinic. Repurposing FDA-approved drugs is a highly attractive way for identifying new drugs. Here, proteasome inhibitor bortezomib, a marketed drug for treating multiple myeloma, was found to specifically inhibit NLRP3 inflammasome activation at nanomolar concentrations. Mechanistically, bortezomib did not inhibit reactive oxygen species generation, ion efflux, NLRP3 oligomerization, and NLRP3-ASC interactions. Bortezomib reduced ASC oligomerization and ASC speck formation. In addition, bortezomib inhibited the activity of the core subunit β5i in the immunoproteasome and reduced β5i binding to NLRP3. Bortezomib reduced the production of interleukin-1β and attenuated the severity of skin lesions in the imiquimod-induced psoriatic mouse model. Thus, bortezomib is a potential therapeutic drug for psoriasis. Our study also revealed that β5i may be an indirect target for regulating NLRP3 inflammasome activation and treating psoriasis and other NLRP3 inflammasome-related diseases.</text>
    </passage>
  </document>
</collection>
