<?xml version="1.0" encoding="UTF-8"?>
<!DOCTYPE collection SYSTEM "BioC.dtd">
<collection>
  <source>BioC-API</source>
  <date>20250117</date>
  <key>collection.key</key>
  <document>
    <id>36584452</id>
    <infon key="tt_curatable">no</infon>
    <infon key="tt_version">0</infon>
    <infon key="tt_round">0</infon>
    <passage>
      <infon key="type">title</infon>
      <offset>0</offset>
      <text>Epigallocatechin-3-gallate ameliorates inflammatory injury caused by sepsis by regulating the lncRNA PVT1/miR-16-5p/TLR4 axis.</text>
    </passage>
    <passage>
      <infon key="type">abstract</infon>
      <offset>127</offset>
      <text>BACKGROUND: Sepsis is identified as a severe inflammatory disease. Epigallocatechin-3-gallate (EGCG) has been reported to be a powerful anti-inflammatory chemical substance in numerous diseases. However, the underlying mechanism of the anti-inflammatory effects of EGCG in sepsis remains to be elucidated. METHODS: The surgery for cecal ligation and puncture (CLP) was performed on male C57BL/6J mice aged 8 weeks. THP-1 cells were treated with 1 μg/ml lipopolysaccharide (LPS) for 24 h to imitate sepsis in vitro. Haematoxylene-Eosin (HE) staining of the sections of liver, lung and kidney was performed to evaluate the pathological changes. The inflammatory cytokines were quantitated by ELISA. qRT-PCR was performed to measure the expression levels of PVT1, miR-16-5p, and TLR4. The protein level of TLR4 was also assessed by Western blotting. Double luciferase reporter assay and RIP assay were performed to validate the interactions among PVT1, miR-16-5p, and TLR4. RESULTS: EGCG inhibited the expression levels of PVT1 and TLR4 and enhanced miR-16-5p expression in CLP-operated mice and LPS-treated THP-1 cells. EGCG reduced the levels of inflammatory cytokines, which were restored by PVT1 overexpression. Mechanistically, PVT1 bound with miR-16-5p to activate TLR4 signaling. Further experiments demonstrated that miR-16-5p silencing or TLR4 overexpression antagonized sh-PVT1 or miR-16-5p mimics-mediated inhibitory effects on inflammatory cytokines, respectively. Knockdown of PVT1 alleviated inflammatory injury in CLP-induced sepsis in mice. CONCLUSION: EGCG may effectively lower the levels of sepsis-induced inflammatory cytokines by targeting the PVT1/miR-16-5p/TLR4 axis.</text>
    </passage>
  </document>
</collection>
