<?xml version="1.0" encoding="UTF-8"?>
<!DOCTYPE collection SYSTEM "BioC.dtd">
<collection>
  <source>BioC-API</source>
  <date>20250117</date>
  <key>collection.key</key>
  <document>
    <id>36596398</id>
    <infon key="tt_curatable">no</infon>
    <infon key="tt_version">0</infon>
    <infon key="tt_round">0</infon>
    <passage>
      <infon key="type">title</infon>
      <offset>0</offset>
      <text>Simiao Yong'an decoction ameliorates murine collagen-induced arthritis by modulating neutrophil activities: An in vitro and in vivo study.</text>
    </passage>
    <passage>
      <infon key="type">abstract</infon>
      <offset>139</offset>
      <text>ETHNOPHARMACOLOGICAL RELEVANCE: Rheumatoid arthritis (RA) is a common systemic autoimmune disease with high morbidity and disability rate. Currently, there is no effective allopathic treatment for RA, and most of the drugs provoke many adverse effects. Simiao Yong'an decoction (SMYAD) is a traditional Chinese prescription for the treatment of sore and gangrene caused by hot poison. With the development of pharmacology and clinical research, SMYAD has remarkable anti-inflammatory properties and has been used for RA treatments for years. AIM OF THE STUDY: This study aimed to investigate the anti-arthritic effect of SMYAD and further explore the immunopharmacological mechanisms. MATERIALS AND METHODS: Arthritis was induced in DBA/1 mice by two-time immunizations. Collagen-induced rheumatoid arthritis (CIA) mice were divided into 4 groups: control, model, methotrexate (MTX), and SMYAD group (n = 6). The administration groups were given MTX (0.5 mg/kg/3 d) and SMYAD (4.5 g/kg/d) by gavage from day 14. The arthritis index (AI) score was evaluated every 3 days after the second immunization. Hematoxylin and eosin (H&amp;E) staining, Safranin-O fast green staining, Trap staining, and Micro-CT were used to measure the histopathology injuries and bone destruction of joints. Granulocyte changes in the spleen, bone marrow, and period blood were analyzed by flow cytometry. The expression of inflammatory cytokines and chemokines in joints were detected by qRT-PCR. SMYAD-containing serum was obtained from SD rats gavaged with SMYAD. Neutrophils were isolated from peripheral blood and bone marrow for the in vitro experiments of transwell cell assay, apoptosis assay, reactive oxygen species (ROS) generation and neutrophil extracellular traps (NETs) formation. RESULTS: SMYAD significantly relieved arthritis severity in CIA mice. The AI score was significantly decreased in the SMYAD group compared with the model group. Additionally, SMYAD alleviated inflammatory infiltration, cartilage damage, osteoclast formation, and bone damage in the ankle joints. In the flow cytometry assay, SMYAD significantly reduced granulocytes number in the spleen and bone marrow, while increased in peripheral blood. Furthermore, compared with the CIA group, SMYAD suppressed the mRNA levels of inflammatory factors including TNF-α, IL-1β, IL-6 and chemokines CXCL1, CXCL2, and IL-8 in the inflamed joints. In the in vitro studies, 20% SMYAD-containing serum effectively inhibited the migration of neutrophils, promoted neutrophils apoptosis, reduced ROS production and NETs formation. CONCLUSION: Collectively, our results demonstrated that SMYAD effectively restrained arthritis in CIA mice by modulating neutrophil activities.</text>
    </passage>
  </document>
</collection>
