<?xml version="1.0" encoding="UTF-8"?>
<!DOCTYPE collection SYSTEM "BioC.dtd">
<collection>
  <source>BioC-API</source>
  <date>20250117</date>
  <key>collection.key</key>
  <document>
    <id>36990303</id>
    <infon key="tt_curatable">no</infon>
    <infon key="tt_version">0</infon>
    <infon key="tt_round">0</infon>
    <passage>
      <infon key="type">title</infon>
      <offset>0</offset>
      <text>Chemical compositions of Souliea vaginata (Maxim) Franch rhizome and their potential therapeutic effects on collagen-induced arthritis in rats.</text>
    </passage>
    <passage>
      <infon key="type">abstract</infon>
      <offset>144</offset>
      <text>ETHNOPHARMACOLOGICAL REVEVANCE: Rheumatoid arthritis (RA) is a global prevalent chronic autoimmune inflammatory disease and acceptable safety drugs are lack for its treatment. The rhizomes of Souliea vaginata (Maxim) Franch (SV) possess anti-inflammatory functions and are used as substitution of Coptis chinensis Franch. SV is also traditional Chinese medicine and Tibetan medicine for the treatment of conjunctivitis, enteritis and rheumatic. For searching complementary and alternative anti-RA drugs, it is necessary to characterize the potential anti-arthritic activity of SV and underlying mechanism involved. AIM OF THE STUDY: The aim of the study was to test the chemical compositions, evaluate the anti-arthritic effects and underlying mechanisms of SV. MATERIALS AND METHODS: The chemical compositions of SV were analyzed using liquid chromatography-ion trap-time of flight tandem mass spectrometry (LCMS-IT-TOF). From day 11 to day 31, SV (0.5, 1.0 and 1.5 g/kg body weight) and Tripterygium glycosidorum (TG, 10 mg/kg body weight) were administered orally to the CIA model rats once a day. Thickness of paw and body weights were measured once every two days from day 1 to day 31. Histopathological changes were measured using hematoxylin-eosin (HE) staining. Effects of SV on the levels of IL-2, TNF-α, IFN-γ, IL-4 and IL-10 in serum of CIA rats were measured by enzyme-linked immunosorbent assay (ELISA) kits. CD3+, CD4+, CD8+ and CD4+CD25+ T cells populations were measured using flow cytometric analysis. To evaluate the possible hepatotoxicity and nephrotoxicity, the serum levels of alanine aminotransferase (ALT), aspartate aminotransferase (AST), blood urea (UREA) and creatinine (CREA) in CIA rats were also tested using blood auto analyzer. RESULTS: 34 compounds were identified from SV based on LCMS-IT-TOF, and triterpenoids are major anti-arthritic compositions. SV significantly relieved CIA rats' paw swelling without obvious influence on the body weight growth. SV decreased the serum levels of IL-2, TNF-α and IFN-γ in CIA rat, and increased the serum levels of IL-4 and IL-10. SV significantly increased and decreased the percentages of CD4+ and CD8+, with no significant effects on CD3+ in lymphocytes of CIA model rats. Moreover, SV simultaneously decreased thymus and spleen indexes and no hepatotoxicity and nephrotoxicity was observed after short-term treatment. CONCLUSION: These findings suggest that SV possesses preventive and therapeutic effect on RA by modulating the inflammatory cytokines, T-lymphocyte, thymus and spleen indexes and shows no hepatotoxicity and nephrotoxicity.</text>
    </passage>
  </document>
</collection>
