<?xml version="1.0" encoding="UTF-8"?>
<!DOCTYPE collection SYSTEM "BioC.dtd">
<collection>
  <source>BioC-API</source>
  <date>20250117</date>
  <key>collection.key</key>
  <document>
    <id>37005251</id>
    <infon key="tt_curatable">no</infon>
    <infon key="tt_version">0</infon>
    <infon key="tt_round">0</infon>
    <passage>
      <infon key="type">title</infon>
      <offset>0</offset>
      <text>Liquiritigenin Attenuated Collagen-Induced Arthritis and Cardiac Complication via Inflammation and Fibrosis Inhibition in Mice.</text>
    </passage>
    <passage>
      <infon key="type">abstract</infon>
      <offset>128</offset>
      <text>Rheumatoid arthritis (RA) is a common autoimmune disease with increased cardiovascular disease risk. Liquiritigenin (LG) is a triterpene with anti-inflammatory properties. Our study aimed to explore the effect of LG on RA and the cardiac complication. Collagen-induced arthritis (CIA) mice with LG treatment exhibited obvious alleviation in histopathological changes, accompanied by the decreased expression of tumor necrosis factor (TNF)-α, interleukin (IL)-1β, IL-6, and IL-17A in synovium and serum. LG attenuated cartilage destruction by reducing matrix metalloproteinase (MMP)-3 and MMP-13 expression in the synovium of CIA mice. The echocardiography results proved the alleviation of cardiac dysfunction in CIA mice. The electrocardiogram, biochemical, and histochemical analysis proved the cardioprotection effect of LG against RA. The decreased expression of inflammatory factors (TNF-α, IL-1β, and IL-6) and fibrotic markers (fibronectin, Collagen I, and Collagen III) in cardiac tissues of CIA mice further corroborated the attenuation of myocardial inflammation and fibrosis by LG. Mechanistic studies showed that LG could inhibit transforming growth factor β-1 (TGF-β1) and phos-Smad2/3 expression in cardiac tissues of CIA mice. Our study suggested that LG could relieve RA and its cardiac complication probably by inhibiting the TGF-β1/Smad2/3 pathway. All these suggested that LG might be a potential candidate for RA and its cardiac complication therapy.</text>
    </passage>
  </document>
</collection>
