<?xml version="1.0" encoding="UTF-8"?>
<!DOCTYPE collection SYSTEM "BioC.dtd">
<collection>
  <source>BioC-API</source>
  <date>20250117</date>
  <key>collection.key</key>
  <document>
    <id>38151179</id>
    <infon key="tt_curatable">no</infon>
    <infon key="tt_version">0</infon>
    <infon key="tt_round">0</infon>
    <passage>
      <infon key="type">title</infon>
      <offset>0</offset>
      <text>Abelmoschus manihot (L.) medik. seeds alleviate rheumatoid arthritis by modulating JAK2/STAT3 signaling pathway.</text>
    </passage>
    <passage>
      <infon key="type">abstract</infon>
      <offset>113</offset>
      <text>ETHNOPHARMACOLOGICAL RELEVANCE: Abelmoschus manihot (L.) Medik. Seeds (AMS, སོ་མ་ར་ཛ།), a Tibetan classical herbal in China, are rich in flavonoids and phenolic glycosides compounds, such as quercetin and its derivatives. Moreover, it has been found to possess anti-rheumatoid arthritis (RA) effects. Nonetheless, its anti-RA mechanism is yet unknown. AIM OF THE STUDY: This research aimed to examine the active ingredients of AMS as well as potential pharmacological mechanisms in AMS on RA. MATERIALS AND METHODS: The ultra-performance liquid chromatography-electrospray ionization-tandem multistage mass spectrometry (UPLC-ESI-IT-MSn) technique was used to determine the primary chemical components of AMS that were responsible for the therapeutic effects on RA. In addition, 36 male Wistar rats weighing between 200 and 220 g were classified at random into six groups [normal control group, collagen-induced arthritis (CIA) group, methotrexate group (positive control, 1.05 mg/kg), AMS group (157.5 mg/kg, 315 mg/kg, 630 mg/kg)]. CIA rats were given AMS extract by intragastric administration for 28 days, and their ankles were photographed to observe the degree of swelling. Further, the arthritis score, paws swelling, and body weight changes of CIA rats were determined to observe whether AMS has any effect on RA, and synovial and cartilage tissue injuries were identified by histopathology. Besides, the levels of IL-10, TNF-α, IL-1β, INF-γ, etc. in serum were estimated by ELISA. Western blot experiments were implemented to identify the expression levels of protein involved in the JAK2/STAT3 signaling pathway in the CIA rats' synovial tissues. Moreover, the mechanisms and targets of active ingredient therapy of AMS for RA were predicted using network pharmacology and then verified using molecular docking. RESULT: In the present study, 12 compounds were detected by UPLC-ESI-IT-MSn, such as quercetin and its derivative which could be potential active ingredients that contribute to the anti-RA properties of AMS. Our in vivo studies on CIA rats revealed that an AMS-H dose of 630 mg/kg significantly improved joint damage while decreasing the arthritic index and paw swelling. Furthermore, AMS inhibited the INF-γ, IL-6, IL-17, IL-1β, and TNF-α, levels while upregulating the expression of anti-inflammatory cytokines IL-10 and IL-4 in serum. Besides, AMS inhibited the protein Bcl-2/Bax, STAT3, and JAK2 levels, and promoted the expression of Caspase3, SOCS1, and SOCS3 in the JAK2/STAT3 pathway. Additionally, the JAK/STAT signaling pathway was found to perform a remarkable function in the AMS therapy of RA as evidenced by enrichment in GO terms and KEGG pathways. Meanwhile, data from molecular docking experiments indicated that the core targets of PIK3CA, JAK2, and SRC bound stably to the active ingredients of mimuone, 4'-methoxy-bavachromanol, and quercetin. CONCLUSION: According to these findings, the AMS could improve joint inflammation in CIA rats, and its underlying mechanism could be linked to the regulation of the JAK2/STAT3 pathway. Therefore, AMS might become a promising agent for alleviating inflammation in RA patients.</text>
    </passage>
  </document>
</collection>
