<?xml version="1.0" encoding="UTF-8"?>
<!DOCTYPE collection SYSTEM "BioC.dtd">
<collection>
  <source>BioC-API</source>
  <date>20250117</date>
  <key>collection.key</key>
  <document>
    <id>38155365</id>
    <infon key="tt_curatable">no</infon>
    <infon key="tt_version">0</infon>
    <infon key="tt_round">0</infon>
    <passage>
      <infon key="type">title</infon>
      <offset>0</offset>
      <text>Preventive and therapeutic effects of low-dose whole-body irradiation on collagen-induced rheumatoid arthritis in mice.</text>
    </passage>
    <passage>
      <infon key="type">abstract</infon>
      <offset>120</offset>
      <text>Rheumatoid arthritis (RA) is a chronic autoimmune disease characterized by progressive joint inflammation, resulting in cartilage destruction and bone erosion. It was reported that low-dose radiation modulates immune disease. Here, we investigated whether low-dose whole-body irradiation has preventive and therapeutic effects in collagen-induced RA (CIA) mouse models. Fractionated low-dose irradiation (0.05 Gy/fraction, total doses of 0.1, 0.5 or 0.8 Gy) was administered either concurrently with CIA induction by Type II collagen immunization (preventive) or after CIA development (therapeutic). The severity of CIA was monitored using two clinical parameters, paw swelling and redness. We also measured total Immunoglobulin G (IgG) and inflammatory cytokines (interleukine (IL)-6, IL-1β and tumor necrosis factor-alpha (TNF-α)) in the serum by enzyme-linked immunosorbent assay, and we evaluated histological changes in the ankle joints by immunohistochemistry and hematoxylin and eosin staining. Low-dose irradiation reduced CIA clinical scores by up to 41% in the preventive model and by 28% in the therapeutic model, while irradiation in the preventive model reduced the typical CIA incidence rate from 82 to 56%. In addition, low-dose irradiation in the preventive model decreased total IgG by up to 23% and decreased IL-1β and TNF-α by 69 and 67%, and in the therapeutic model, decreased total IgG by up to 35% and decreased IL-1β and IL-6 by 59 and 42% with statistical significance (P &lt; 0.01, 0.05 and 0.001). Our findings demonstrate that low-dose radiation has preventive and therapeutic anti-inflammatory effects against CIA by controlling the immune response, suggesting that low-dose radiation may represent an alternative therapy for RA, a chronic degenerative immune disease.</text>
    </passage>
  </document>
</collection>
