<?xml version="1.0" encoding="UTF-8"?>
<!DOCTYPE collection SYSTEM "BioC.dtd">
<collection>
  <source>BioC-API</source>
  <date>20250117</date>
  <key>collection.key</key>
  <document>
    <id>38242372</id>
    <infon key="tt_curatable">no</infon>
    <infon key="tt_version">0</infon>
    <infon key="tt_round">0</infon>
    <passage>
      <infon key="type">title</infon>
      <offset>0</offset>
      <text>Protective effects of METRNL overexpression against pathological cardiac remodeling.</text>
    </passage>
    <passage>
      <infon key="type">abstract</infon>
      <offset>85</offset>
      <text>At present, meteorin-like protein (METRNL) has been proven to be widely expressed in the myocardium and participates in the pathogenic process of various cardiovascular diseases. However, the effects of METRNL on pathological cardiac hypertrophy is still unknown. In the present study, we used a mouse model of transverse aortic constriction (TAC) surgery to mimic pathological cardiac hypertrophy and gene delivery system to overexpress METRNL in vivo. The results showed that METRNL overexpression improved TAC-induced pathological cardiac hypertrophy in mice and neonatal cardiomyocytes. In addition, METRNL overexpression diminished TAC-induced cardiac oxidative damage, inflammation and cardiomyocyte apoptosis. Moreover, the cardioprotective effect of METRNL overexpression was directly related to the activation of AMP-activated protein kinase (AMPK) and sirtuin1 (SIRT1). In summary, our data identified that METRNL may be a promising therapeutic target to mitigate pathological cardiac hypertrophy in the future.</text>
    </passage>
  </document>
</collection>
