<?xml version="1.0" encoding="UTF-8"?>
<!DOCTYPE collection SYSTEM "BioC.dtd">
<collection>
  <source>BioC-API</source>
  <date>20250411</date>
  <key>collection.key</key>
  <document>
    <id>10100746</id>
    <infon key="tt_curatable">no</infon>
    <infon key="tt_version">0</infon>
    <infon key="tt_round">0</infon>
    <passage>
      <infon key="type">title</infon>
      <offset>0</offset>
      <text>Experimental murine model for autoimmune enterocolitis using Klebsiella pneumoniae O3 lipopolysaccharide as a potent immunological adjuvant.</text>
    </passage>
    <passage>
      <infon key="type">abstract</infon>
      <offset>141</offset>
      <text>An experimental model for autoimmune enterocolitis was produced in mice by repeated immunization of homologous colon extract together with Klebsiella 03 lipopolysaccharide (KO3 LPS) as an immunological adjuvant. Histological changes in the intestinal lesions were characterized by infiltration with polymorphonuclear leukocytes in the lamina propria, muscularis mucosae and submucosa of repeatedly immunized mice. No such intestinal lesions were produced in mice receiving injections of colon extract alone or KO3 LPS alone. Development of the autoantibody and delayed-type hypersensitivity against colon extract were found in mice immunized with the mixture of colon extract and KO3 LPS. Distinct positive staining was detected specifically on the columnar epithelium of villi. Sera from hyperimmunized mice defined organ-specific antigens present in the intestine. Therefore, it was suggested that the intestinal lesions might be caused by an autoimmune mechanism.</text>
    </passage>
  </document>
</collection>
