<?xml version="1.0" encoding="UTF-8"?>
<!DOCTYPE collection SYSTEM "BioC.dtd">
<collection>
  <source>BioC-API</source>
  <date>20250411</date>
  <key>collection.key</key>
  <document>
    <id>10569491</id>
    <infon key="tt_curatable">no</infon>
    <infon key="tt_version">0</infon>
    <infon key="tt_round">0</infon>
    <passage>
      <infon key="type">title</infon>
      <offset>0</offset>
      <text>Effects of increased in vivo excursion on digital range of motion and tendon strength following flexor tendon repair.</text>
    </passage>
    <passage>
      <infon key="type">abstract</infon>
      <offset>118</offset>
      <text>Postoperative rehabilitation is an important factor in determining functional outcome following intrasynovial flexor tendon repair. We hypothesized that a rehabilitation protocol that produced increased in vivo excursion would lead to increased digital range of motion and tendon strength and decreased adhesion formation in a canine model. Ninety-six flexor digitorum profundus tendons from 48 dogs were cut transversely and repaired by a multistrand suture technique. Postoperative rehabilitation was performed daily with a low excursion-low force (1.7-mm average excursion; &lt; 10 N force) or a high excursion-low force (3.6 mm excursion; &lt; 10 N force) protocol. After death of the dogs at 10, 21, or 42 days, specimens were evaluated for digital range of motion, tensile mechanical properties, elongation of the repair site, and adhesion formation. Our data indicate that the range of motion of digits whose tendons were at low or high excursion was similar to that of controls. Increased in vivo tendon excursion due to synergistic wrist motion did not significantly affect ex vivo flexion of the distal and proximal interphalangeal joints or tendon displacement (p &gt; 0.05). Similarly, tensile properties (ultimate load, repair site rigidity, and repair site strain at 20 N and at failure) and length of the gap at the repair site were not significantly affected by increased excursion (p &gt; 0.05). Severity of adhesion formation was reduced slightly by increased excursion (p = 0.04). Our findings indicate that 1.7 mm of tendon excursion is sufficient to prevent adhesion formation following sharp transection of the canine flexor tendon and that additional excursion provides little added benefit.</text>
    </passage>
  </document>
</collection>
