<?xml version="1.0" encoding="UTF-8"?>
<!DOCTYPE collection SYSTEM "BioC.dtd">
<collection>
  <source>BioC-API</source>
  <date>20250411</date>
  <key>collection.key</key>
  <document>
    <id>10911417</id>
    <infon key="tt_curatable">no</infon>
    <infon key="tt_version">0</infon>
    <infon key="tt_round">0</infon>
    <passage>
      <infon key="type">title</infon>
      <offset>0</offset>
      <text>Neuroanatomical substrates of functional recovery after experimental spinal cord injury: implications of basic science research for human spinal cord injury.</text>
    </passage>
    <passage>
      <infon key="type">abstract</infon>
      <offset>158</offset>
      <text>Human spinal cord injury (SCI) is a devastating condition that results in persistent motor deficits. Considerable basic and clinical research is directed at attenuating these deficits. Many basic scientists use animal models of SCI to (1) characterize lesion development, (2) determine the role of spared axons in recovery, and (3) develop therapeutic interventions based on these findings. In this article, current research is reviewed that indicates: (1) most individuals with SCI will have some sparing of white matter at the lesion epicenter even when the lesion appears clinically complete, (2) even minimal tissue sparing has a profound impact on segmental systems and recovery of function, and (3) facilitatory intervention such as weight bearing and locomotor training after SCI may be more effective than compensatory strategies at inducing neuroplasticity and motor recovery. Body weight supported treadmill step training is discussed as an example of new facilitatory interventions based on basic science research using animal models.</text>
    </passage>
  </document>
</collection>
