<?xml version="1.0" encoding="UTF-8"?>
<!DOCTYPE collection SYSTEM "BioC.dtd">
<collection>
  <source>BioC-API</source>
  <date>20250411</date>
  <key>collection.key</key>
  <document>
    <id>11245447</id>
    <infon key="tt_curatable">no</infon>
    <infon key="tt_version">0</infon>
    <infon key="tt_round">0</infon>
    <passage>
      <infon key="type">title</infon>
      <offset>0</offset>
      <text>Role of the central melanocortin system in cachexia.</text>
    </passage>
    <passage>
      <infon key="type">abstract</infon>
      <offset>53</offset>
      <text>Individuals affected with either acute or chronic diseases often show disorders of nutrient balance. In some cases, a devastating state of malnutrition known as cachexia arises, brought about by a synergistic combination of a dramatic decrease in appetite and an increase in metabolism of fat and lean body mass. Stimulation of the hypothalamic melanocortin 4 receptor (MC4-R) produces relative anorexia and increased metabolic rate, even in a relatively starved state. Here we demonstrate that cachexia induced by lipopolysaccharide administration and by tumor growth is ameliorated by central MC4-R blockade. MC4-R knock-out mice or mice administered the MC3-R/MC4-R antagonist, agouti-related peptide, resist tumor-induced loss of lean body mass, and maintain normal circadian activity patterns during tumor growth. The final tumor mass is not affected in these animals, providing further support for the potential role of MC4-R antagonism in the treatment of cachexia in disease states.</text>
    </passage>
  </document>
</collection>
