<?xml version="1.0" encoding="UTF-8"?>
<!DOCTYPE collection SYSTEM "BioC.dtd">
<collection>
  <source>BioC-API</source>
  <date>20250411</date>
  <key>collection.key</key>
  <document>
    <id>12515656</id>
    <infon key="tt_curatable">no</infon>
    <infon key="tt_version">0</infon>
    <infon key="tt_round">0</infon>
    <passage>
      <infon key="type">title</infon>
      <offset>0</offset>
      <text>[An experimental investigation of deep burn by constant low heat].</text>
    </passage>
    <passage>
      <infon key="type">abstract</infon>
      <offset>67</offset>
      <text>OBJECTIVE: To investigate the basic pathogenetic rule and mechanism of deep burn by constant low heat. METHODS: Animal burn model inflicted by constant low heat was established as follows. (1) The rats were randomly divided into groups in terms of temperature and duration of contact. The burn wound formation process, the skin tissue density and pathomorphological changes in the rats were observed after burn was produced on the back by contacting heat source constantly. (2) The subcutaneous temperature of the back was monitored at different time and temperatures of heat contacting by placing the thermometer under the fascia of the rat back. RESULTS: (1) The time of burn wound formation was shortened and the injury degree deepened along with the increase in the contact temperature. The rat skin density exhibited irregular hyperbola or triple curves. (2) The subcutaneous temperature exhibited a parabolic curve with fixed experimental conditions. CONCLUSION: (1) The sharp increase in subcutaneous temperature leading to degeneration and necrosis might be the primary cause of deep burn. (2) The regularity of the skin tissue injury was the result of multiple effects of heat-origin injury, increase of capillary permeability and the change in tissue mass.</text>
    </passage>
  </document>
</collection>
