<?xml version="1.0" encoding="UTF-8"?>
<!DOCTYPE collection SYSTEM "BioC.dtd">
<collection>
  <source>BioC-API</source>
  <date>20250411</date>
  <key>collection.key</key>
  <document>
    <id>12734649</id>
    <infon key="tt_curatable">no</infon>
    <infon key="tt_version">0</infon>
    <infon key="tt_round">0</infon>
    <passage>
      <infon key="type">title</infon>
      <offset>0</offset>
      <text>Ventilator-induced heat shock protein 70 and cytokine mRNA expression in a model of lipopolysaccharide-induced lung inflammation.</text>
    </passage>
    <passage>
      <infon key="type">abstract</infon>
      <offset>130</offset>
      <text>OBJECTIVE: To investigate the effect of mechanical ventilation with no PEEP (ZEEP) and 4 cmH(2)O PEEP on heat shock protein 70 (HSP70) and pulmonary inflammatory cytokine expression in a model of lipopolysaccharide (LPS) induced lung inflammation. DESIGN AND SETTING: Prospective, randomized, experimental animal study. SUBJECTS AND INTERVENTIONS: We challenged 42 male Sprague-Dawley rats intratracheally with LPS. After 24 h the rats were randomly assigned to one of the ventilation strategies. Rats received either 4 h of mechanical ventilation with ZEEP or mechanical ventilation with 4 cmH(2)O PEEP. A nonventilated control group received LPS only. Lung pathology after LPS challenge was evaluated by histology to assess baseline lung injury. HSP70 and cytokine mRNA levels were measured in total lung homogenates. RESULTS: PaO(2) levels and lung histology revealed no deterioration after PEEP ventilation and severe deterioration after ZEEP ventilation. There was a significant higher expression of HSP70 and IL-1beta mRNA in the lungs of the ZEEP group than in the PEEP group and nonventilated controls. In the ZEEP group high HSP70 levels were correlated inversely with low IL-1beta mRNA and low IL-6 mRNA. CONCLUSIONS: We propose that HSP70 expression protects the lung against ventilator-induced lung injury by decreasing cytokine transcription in the lung.</text>
    </passage>
  </document>
</collection>
