<?xml version="1.0" encoding="UTF-8"?>
<!DOCTYPE collection SYSTEM "BioC.dtd">
<collection>
  <source>BioC-API</source>
  <date>20250411</date>
  <key>collection.key</key>
  <document>
    <id>12860724</id>
    <infon key="tt_curatable">no</infon>
    <infon key="tt_version">0</infon>
    <infon key="tt_round">0</infon>
    <passage>
      <infon key="type">title</infon>
      <offset>0</offset>
      <text>TNF receptor gene therapy results in suppression of IgG2a anticollagen antibody in collagen induced arthritis.</text>
    </passage>
    <passage>
      <infon key="type">abstract</infon>
      <offset>111</offset>
      <text>BACKGROUND: Therapeutic strategies to block tumour necrosis factor alpha (TNFalpha) activity in experimental autoimmune arthritis models and rheumatoid arthritis (RA) have proved highly successful, and provide sustained beneficial effects. OBJECTIVE: To examine whether TNFalpha inhibition has immunological activity beyond the reduction of inflammation in collagen induced arthritis (CIA), an established experimental model of RA. METHODS: Arthritic DBA/1 mice received single periarticular injections of retroviral constructs encoding human TNF receptor (TNF-R) into the affected arthritic paw, at the onset of arthritis. Severity of arthritis, antibodies to collagen type II (CII), and extent of pathological joint damage of arthritic paws were compared between TNF-R and media treated (control) animals 3, 7, 14, 21, and 49 days after disease onset. RESULTS: Severity of CIA was significantly decreased in TNF-R treated animals compared with controls, 14-34 days after disease onset. Joint destruction was reduced in TNF-R injected joints and in the uninjected contralateral and ipsilateral paws of TNF-R treated animals. Seven days after disease onset, TNF-R treated mice had lower levels of inflammatory Th1 driven IgG2a antibodies to CII (p&lt;0.05) than controls. This altered the anticollagen IgG2a:IgG1 ratio towards Th2 driven IgG1. CONCLUSIONS: Local TNF-R gene therapy in CIA appears to have systemic effects on the anti-CII antibodies. The overall influence of TNF-R gene therapy is that it inhibits the progression of CIA mainly by suppressing the inflammatory Th1 response rather than by stimulating a Th2 response. Therefore, periarticular TNF-R gene therapy may have excellent therapeutic potential in RA.</text>
    </passage>
  </document>
</collection>
