<?xml version="1.0" encoding="UTF-8"?>
<!DOCTYPE collection SYSTEM "BioC.dtd">
<collection>
  <source>BioC-API</source>
  <date>20250411</date>
  <key>collection.key</key>
  <document>
    <id>12904859</id>
    <infon key="tt_curatable">no</infon>
    <infon key="tt_version">0</infon>
    <infon key="tt_round">0</infon>
    <passage>
      <infon key="type">title</infon>
      <offset>0</offset>
      <text>Low tidal volume ventilation induces proinflammatory and profibrogenic response in lungs of rats.</text>
    </passage>
    <passage>
      <infon key="type">abstract</infon>
      <offset>98</offset>
      <text>OBJECTIVE: We examined whether mechanical ventilation with low tidal volume induces polymorphonuclear infiltration and proinflammatory and profibrogenic responses in rat lungs compared dependent and nondependent lung region to expression of interleukin-1beta (IL-1beta) and alpha-1 procollagen III (PC III) mRNA. DESIGN: An experimental, randomized and controlled protocol with previously normal rats. INTERVENTIONS: Three groups of ten animals were studied. Two groups were ventilated (FIO2=0.3) in supine position for 1 h without positive end expiratory pressure, one group with a low tidal volume (6 ml/kg), and the other with a high tidal volume (24 ml/kg). In the third group animals were kept in spontaneous ventilation for 1 h. MEASUREMENTS AND RESULTS: After ventilation the right lung was used to quantify polymorphonuclear infiltration. The left lung was divided into dependent and nondependent regions, and expression of IL-1beta and PC III mRNA was quantified by northern blot analysis. The group ventilated with low tidal volume had greater polymorphonuclear infiltration IL-1beta and PC III mRNA expression than the nonventilated group. Similar results were observed with high tidal volumes. There was no difference between low and high tidal volume ventilation. Expression levels of IL-1beta and PC III mRNA were higher in the nondependent region of ventilated groups and equal in the nonventilated group. CONCLUSIONS: Even a low tidal volume mode of mechanical ventilation induces proinflammatory and profibrogenic response, with a nondependent predominance for IL-1beta and PC III mRNA expression in supine, ventilated, previously normal rats.</text>
    </passage>
  </document>
</collection>
