<?xml version="1.0" encoding="UTF-8"?>
<!DOCTYPE collection SYSTEM "BioC.dtd">
<collection>
  <source>BioC-API</source>
  <date>20250411</date>
  <key>collection.key</key>
  <document>
    <id>143306</id>
    <infon key="tt_curatable">no</infon>
    <infon key="tt_version">0</infon>
    <infon key="tt_round">0</infon>
    <passage>
      <infon key="type">title</infon>
      <offset>0</offset>
      <text>[Experimental study of neural and neuro-muscular conduction during simulated diving in dogs and rabbits: anatomo-pathologic correlations].</text>
    </passage>
    <passage>
      <infon key="type">abstract</infon>
      <offset>139</offset>
      <text>Five dogs and twelve rabbits were submitted to simulated diving at 6 ATA (compressed air) and 13-15 ATA (normoxic oxygen + nitrogen). Progressive decompressions were carried on for the first, rapid for the lasts. Motor nerve conduction velocity and nerve-muscle delays were measured. No variations could be observed neither for nerve conduction velocity nor for muscular and nerve action potentials. Nevertheless optic and electronic microscopy observations shew some nerve, neuronal and a few muscular alterations occuring during rapid decompression.</text>
    </passage>
  </document>
</collection>
