<?xml version="1.0" encoding="UTF-8"?>
<!DOCTYPE collection SYSTEM "BioC.dtd">
<collection>
  <source>BioC-API</source>
  <date>20250411</date>
  <key>collection.key</key>
  <document>
    <id>15334458</id>
    <infon key="tt_curatable">no</infon>
    <infon key="tt_version">0</infon>
    <infon key="tt_round">0</infon>
    <passage>
      <infon key="type">title</infon>
      <offset>0</offset>
      <text>In vivo imaging of protease activity in arthritis: a novel approach for monitoring treatment response.</text>
    </passage>
    <passage>
      <infon key="type">abstract</infon>
      <offset>103</offset>
      <text>OBJECTIVE: Sensitive noninvasive strategies for monitoring treatment response in rheumatoid arthritis (RA) would be valuable for facilitating appropriate therapy and dosing, evaluating clinical outcome, and developing more effective drugs. Because different proteases are highly up-regulated in RA and contribute significantly to joint destruction, in the present study we investigated whether such enzymes are suitable in vivo imaging biomarkers for early evaluation of treatment response in a murine model of RA. METHODS: Using a protease-activated near-infrared fluorescence (NIRF) imaging "smart" probe, we examined the presence and distribution of fluorescence in arthritic joints of mice with collagen-induced arthritis by both noninvasive fluorescence imaging and histology. Proteases that target the Lys-Lys cleavage site, including cathepsin B, activate probe fluorescence. Treatment monitoring data were obtained following methotrexate (MTX) therapy. RESULTS: Twenty-four hours after intravenous injection of the protease sensor, affected toes and paws of arthritic mice showed significantly higher fluorescence intensity than did toes and paws of healthy mice. Fluorescence from the protease probe and cathepsin B antibody histologic staining were localized in the vast majority of cells in the inflamed synovium. In arthritic animals treated with MTX (35 mg of MTX/kg 48 hours prior to probe injection), a significantly lower fluorescent signal (inflamed paws 50%, inflamed toes 70%) was observed as compared with untreated arthritic animals. CONCLUSION: Protease-activated NIRF probes are sensitive means of imaging the presence of target enzymes in arthritic joints and can be used for early monitoring of treatment response to antirheumatic drugs such as MTX.</text>
    </passage>
  </document>
</collection>
