<?xml version="1.0" encoding="UTF-8"?>
<!DOCTYPE collection SYSTEM "BioC.dtd">
<collection>
  <source>BioC-API</source>
  <date>20250411</date>
  <key>collection.key</key>
  <document>
    <id>15604070</id>
    <infon key="tt_curatable">no</infon>
    <infon key="tt_version">0</infon>
    <infon key="tt_round">0</infon>
    <passage>
      <infon key="type">title</infon>
      <offset>0</offset>
      <text>[Establishment of canine models of penetrating craniocerebral gunshot wound].</text>
    </passage>
    <passage>
      <infon key="type">abstract</infon>
      <offset>78</offset>
      <text>OBJECTIVE: To establish a canine model of penetrating craniocerebral gunshot wound. METHOD: Gunshot wound was induced in 54 cross-bred dogs using 7.62-mm pistol bullets fired using a pistol from a distance of 30 cm in coronal direction with a tilt of 10 degrees toward the orbit, causing penetrating craniocerebral injury 1 cm posterior and 1.5 cm superior to the lateral canthus. The breathing and pathological changes in the brain tissue were observed after the injury. RESULTS: Autonomous breathing was recovered in 9 out of 21 dogs with respiratory arrest after the injury, and the total survival rate was 77.8% in the 54 dogs after the injury. Intracranial hematoma, intracranial pneumatosis, contusion and laceration of brain, and cranial bone fragments were found by cranial CT, with the entrance and exit of the bullet seen on the right and left frontal bone respectively. Pathological examination showed contusion and laceration of the brain tissues. CONCLUSION: The model of craniocerebral perforating wound has been successfully established in dogs.</text>
    </passage>
  </document>
</collection>
