<?xml version="1.0" encoding="UTF-8"?>
<!DOCTYPE collection SYSTEM "BioC.dtd">
<collection>
  <source>BioC-API</source>
  <date>20250411</date>
  <key>collection.key</key>
  <document>
    <id>15802927</id>
    <infon key="tt_curatable">no</infon>
    <infon key="tt_version">0</infon>
    <infon key="tt_round">0</infon>
    <passage>
      <infon key="type">title</infon>
      <offset>0</offset>
      <text>Beta-endorphin ameliorates synovial cell hyperfunction in the collagen-induced arthritis rat model by specific downregulation of NF-kappa B activity.</text>
    </passage>
    <passage>
      <infon key="type">abstract</infon>
      <offset>150</offset>
      <text>OBJECTIVES: To observe the multiple immunoregulating effects of beta-endorphin (beta-END) on synovium cells of collagen-induced arthritis (CIA) in rats and to determine whether the regulation involves the transcriptional factor-kappaB (NF-kappaB) signal pathway. METHODS: CIA was induced in female Wistar rats by immunization with native bovine type-II collagen emulsified with complete Freund's adjuvant. Synovial cells in the knees of the CIA rats were cultivated, and the effects of beta-END, beta-END receptor inhibitor (naloxone, Nal) in proliferation and apoptosis of the synovial cells were assayed by 3-(4,5-dimethylthiazol-2-yl)-5-(3-carboxymethoxyphenyl)-2-(4-sulfophenyl)-2H-tetrazolium, flow cytometry, and DNA integrity, respectively. The effects of beta-END and Nal on mRNA expression of several cytokines in the synovial cells, including tumor necrosis factor-alpha (TNF-alpha), interleukin-1beta (IL-1beta), IL-6, regulated upon activation normal T-cell expressed and secreted (RANTES), inducible nitric oxide synthase (iNOS), matrix metalloproteinase-2 (MMP-2) and MMP-9 were estimated by quantitative reverse transcription-polymerase chain reaction. Effects of beta-END and Nal on NF-kappaB activity were analyzed using luciferase gene reporter assays. The effects of beta-END and Nal on p65NF-kappaB expression of the synovial cells were examined using Western blot. RESULTS: 75% of the rats were demonstrated to have established the CIA model successfully. beta-END was shown to exert multiple effects on synovial cells of CIA rats including decreased proliferation, induced apoptosis, and downregulation of TNF-alpha, IL-1beta, IL-6, RANTES, iNOS, MMP-2 and MMP-9 mRNA expression. beta-END seemed to play an immunoregulating role by downregulating the activity and expression of NF-kappaB. It was found that the beta-END receptor blockage could counteract all the effects. CONCLUSIONS: beta-END ameliorates synovial cell functions of CIA rats through binding with receptors and downregulating the NF-kappaB signal pathway. This suggests that beta-END, by blocking the activity and expression of NF-kappaB, is a potential anti-inflammatory and anti-rheumatic agent against CIA.</text>
    </passage>
  </document>
</collection>
