<?xml version="1.0" encoding="UTF-8"?>
<!DOCTYPE collection SYSTEM "BioC.dtd">
<collection>
  <source>BioC-API</source>
  <date>20250411</date>
  <key>collection.key</key>
  <document>
    <id>16394921</id>
    <infon key="tt_curatable">no</infon>
    <infon key="tt_version">0</infon>
    <infon key="tt_round">0</infon>
    <passage>
      <infon key="type">title</infon>
      <offset>0</offset>
      <text>Photoacoustic diagnosis of burns in rats.</text>
    </passage>
    <passage>
      <infon key="type">abstract</infon>
      <offset>42</offset>
      <text>BACKGROUND: Accurate burn depth assessment is important for determining the appropriate treatment plan for severe burn patients. However, conventional methods of diagnoses, such as visual observation and pinprick test, are often inaccurate. We previously proposed a new method for burn diagnosis in which photoacoustic signals originating from the blood in healthy tissue under the injured tissue are measured. In this study, we investigated the validity of this method by an experiment using rat scald burn models. METHODS: Superficial dermal burns (SDBs), deep dermal burns (DDBs), and deep burns (DBs) were made in the dorsal skin of rats by using a Walker-Mason template. Wounds were irradiated with low-energy, 550-nm, nanosecond pulsed light, and photoacoustic signals induced were measured with a piezoelectric film as a function of postburn time. Measurement in normal skin as a control was also performed. Temporal profiles of the photoacoustic signals were converted into depth profiles using sound velocity of tissue, and for each profile, a peak showing highest signal intensity was selected. For this peak, the depth at which the signal rose (signal rise depth) and the depth that gave a peak value (signal peak depth) were recorded. Statistical analysis was performed to clarify the difference in depth information of signals between burn groups. RESULTS: Depth profiles of photoacoustic signals showed unique features depending on the degree of burn; pronounced peaks shifted to deeper tissue as the burn severity increased. This indicates that the zone of stasis formed due to injuries can be monitored. There were significant differences in both the signal rise depth and the peak depth between the control and SDB groups, SDB and DDB groups, and DDB and DB groups (p &lt; 0.001). CONCLUSION: SDBs, DDBs, and DBs can be differentiated by photoacoustic signals, suggesting that the method proposed is useful for diagnosing burn injuries.</text>
    </passage>
  </document>
</collection>
