<?xml version="1.0" encoding="UTF-8"?>
<!DOCTYPE collection SYSTEM "BioC.dtd">
<collection>
  <source>BioC-API</source>
  <date>20250411</date>
  <key>collection.key</key>
  <document>
    <id>16630696</id>
    <infon key="tt_curatable">no</infon>
    <infon key="tt_version">0</infon>
    <infon key="tt_round">0</infon>
    <passage>
      <infon key="type">title</infon>
      <offset>0</offset>
      <text>Severity of mucosal inflammation as a predictor for alterations of visceral sensory function in a rat model.</text>
    </passage>
    <passage>
      <infon key="type">abstract</infon>
      <offset>109</offset>
      <text>Transient inflammation is known to alter visceral sensory function and frequently precede the onset of symptoms in a subgroup of patients with irritable bowel syndrome (IBS). Duration and severity of the initial inflammatory stimulus appear to be risk factors for the manifestation of symptoms. Therefore, we aimed to characterize dose-dependent effects of trinitrobenzenesulfonic acid (TNBS)/ethanol on: (1) colonic mucosa, (2) cytokine release and (3) visceral sensory function in a rat model. Acute inflammation was induced in male Lewis rats by single administration of various doses of TNBS/ethanol (total of 0.8, 0.4 or 0.2 ml) in test animals or saline in controls. Assessment of visceromotor response (VMR) to colorectal distensions, histological evaluation of severity of inflammation, and measurement of pro-inflammatory cytokine levels (IL-2, IL-6) using enzyme-linked immunosorbent assay (ELISA) were performed 2h and 3, 14, 28, 31 and 42 days after induction. Increased serum IL-2 and IL-6 levels were evident prior to mucosal lesions 2h after induction of colitis and persist up to 14 days (p&lt;0.05 vs. saline), although no histological signs of inflammation were detected at 14 days. In the acute phase, VMR was only significantly increased after 0.8 ml and 0.4 ml TNBS/ethanol (p&lt;0.05 vs. saline). After 28 days, distension-evoked responses were persistently elevated (p&lt;0.05 vs. saline) in 0.8 and 0.4 ml TNBS/ethanol-treated rats. In 0.2 ml TNBS/ethanol group, VMR was only enhanced after repeated visceral stimulation. Visceral hyperalgesia occurs after a transient colitis. However, even a mild acute but asymptomatic colitis can induce long-lasting visceral hyperalgesia in the presence of additional stimuli.</text>
    </passage>
  </document>
</collection>
