<?xml version="1.0" encoding="UTF-8"?>
<!DOCTYPE collection SYSTEM "BioC.dtd">
<collection>
  <source>BioC-API</source>
  <date>20250411</date>
  <key>collection.key</key>
  <document>
    <id>16826039</id>
    <infon key="tt_curatable">no</infon>
    <infon key="tt_version">0</infon>
    <infon key="tt_round">0</infon>
    <passage>
      <infon key="type">title</infon>
      <offset>0</offset>
      <text>C3H/HeJ mouse model for spontaneous chronic otitis media.</text>
    </passage>
    <passage>
      <infon key="type">abstract</infon>
      <offset>58</offset>
      <text>OBJECTIVES/HYPOTHESIS: Chronic otitis media is a significant clinical problem. Understanding the mechanisms of chronic otitis media is critical for its control. However, little is known of these processes as a result of lack of animal models of spontaneous otitis media. The C3H/HeJ mouse has a single amino acid substitution in its toll-like receptor 4 (TLR4), making it insensitive to endotoxin. As a result, these mice cannot clear Gram-negative bacteria. The chronically inflamed middle ear in this animal provides us the opportunity to study spontaneous chronic otitis media. STUDY DESIGN AND METHODS: Otoscopy and auditory brain response (ABR) evaluation of C3H/HeJ mice at 3, 5, 7, 9, and 11 months were carried out under sedation. At 12 months of age, mice were killed and histologic analysis of the middle ear, inner ear, and eustachian tube was carried out. RESULTS: Tympanic membrane visualization and ABR thresholds in 7- to 8-month-old C3H/HeJ mice showed that approximately half developed middle and inner ear disease spontaneously. The significant elevation of thresholds suggested a sensorineural component in addition to the conductive loss. Middle and inner ear histology showed some degree of middle and inner ear inflammation in half the mice, paralleling the ABR data. CONCLUSIONS: The histopathologic changes reported here in the C3H/HeJ mouse model of chronic otitis media have been reported in human chronic otitis media. This spontaneous model of chronic otitis media will be valuable for the characterization of middle and inner ear inflammatory disease processes that are induced by middle ear infections.</text>
    </passage>
  </document>
</collection>
