<?xml version="1.0" encoding="UTF-8"?>
<!DOCTYPE collection SYSTEM "BioC.dtd">
<collection>
  <source>BioC-API</source>
  <date>20250411</date>
  <key>collection.key</key>
  <document>
    <id>17289831</id>
    <infon key="tt_curatable">no</infon>
    <infon key="tt_version">0</infon>
    <infon key="tt_round">0</infon>
    <passage>
      <infon key="type">title</infon>
      <offset>0</offset>
      <text>Genome-wide expression profiling of placentas in the p57Kip2 model of pre-eclampsia.</text>
    </passage>
    <passage>
      <infon key="type">abstract</infon>
      <offset>85</offset>
      <text>Pre-eclampsia affects 6-10% of pregnancies and is one of the primary causes of premature birth. It is widely accepted that inappropriate placental development, combined with environmental factors, plays a major role in disease pathogenesis. The p57(Kip2) mouse is the only mouse model of pre-eclampsia that recapitulates the full spectrum of symptoms of the human disease, including placental abnormalities, hypertension, proteinuria and premature labour. In addition, pregnant females expressing wild-type levels of p57(Kip2) develop pre-eclampsia when carrying fetuses that lack p57(Kip2) expression. This demonstrates that either the fetus or the placenta causes the disease. Here, taking advantage of the unique genetics of the p57(Kip2) mouse, we have used full genome expression profiling to define the placental aspect of the p57(Kip2) phenotype at a molecular level and to conduct an unbiased search for factors involved in pre-eclampsia pathogenesis. During this analysis, we found that although mutant embryos demonstrate altered placental architecture and have histological changes indicative of reduced utero-placental blood flow, the p57(Kip2) pregnant females do not demonstrate hypertension or renal pathology. This suggests a model in which placental abnormalities cause pre-eclampsia only given other environmental variables. On the basis of this model, we expect that misregulation of molecular factors, while not able to cause a full spectrum of disease symptoms in this context, still occurs in these p57(Kip2) mutant mice. Our studies suggest a role for environmental factors in the p57(Kip2) pre-eclampsia phenotype and have identified several candidates for pre-eclampsia predisposition in this model, including known regulators of blood pressure, inflammation and apoptosis.</text>
    </passage>
  </document>
</collection>
