<?xml version="1.0" encoding="UTF-8"?>
<!DOCTYPE collection SYSTEM "BioC.dtd">
<collection>
  <source>BioC-API</source>
  <date>20250411</date>
  <key>collection.key</key>
  <document>
    <id>1814440</id>
    <infon key="tt_curatable">no</infon>
    <infon key="tt_version">0</infon>
    <infon key="tt_round">0</infon>
    <passage>
      <infon key="type">title</infon>
      <offset>0</offset>
      <text>The Yucatan miniature swine as an in vivo model for screening skin depigmentation.</text>
    </passage>
    <passage>
      <infon key="type">abstract</infon>
      <offset>83</offset>
      <text>The usefulness of the Yucatan miniature pig as a screen for skin dipigmenting activity by topical application was evaluated with standard compounds. This is a naturally occurring breed of swine with light brown to dark brown skin that is relatively hairless. The skin morphology, including the pattern of pigment distribution, in this breed of swine closely resembles the human skin. Test compounds examined in this study included the three standard compounds with known clinical depigmenting activity, hydroquinone (HQ), 4-hydroxyanisole (4HA) and tert-butyl catechol (TBC), each at a 5% concentration. Test materials in 25 microliters of propylene glycol/ethanol (50:50) were applied topically twice daily, 7 days a week for 90 days to test sites on each side of the dorsal mid-line. Test sites were graded weekly for variation in pigmentation and local irritation. After 90 days of test material application, skin biopsies of the test sites were taken for histological evaluation. Topical application of HQ, 4HA and TBC promoted marked skin depigmentation which was substantiated by reductions of pigment and melanocytes observed on microscopic examination. While both HQ and TBC produced marked local irritation, 4HA was only mildly irritating. These results suggest that the Yucatan pig, could be a potentially useful model for screening compounds with skin depigmenting activity.</text>
    </passage>
  </document>
</collection>
