<?xml version="1.0" encoding="UTF-8"?>
<!DOCTYPE collection SYSTEM "BioC.dtd">
<collection>
  <source>BioC-API</source>
  <date>20250411</date>
  <key>collection.key</key>
  <document>
    <id>18606186</id>
    <infon key="tt_curatable">no</infon>
    <infon key="tt_version">0</infon>
    <infon key="tt_round">0</infon>
    <passage>
      <infon key="type">title</infon>
      <offset>0</offset>
      <text>A comparison of two-dimensional and three-dimensional techniques for the determination of hindlimb kinematics during treadmill locomotion in rats following spinal cord injury.</text>
    </passage>
    <passage>
      <infon key="type">abstract</infon>
      <offset>176</offset>
      <text>Of all the detrimental effects of spinal cord injury (SCI), one of the most devastating effects is the disruption of the ability to walk. Therefore, much effort has been focused on developing several methods to document the recovery of locomotor function after experimental SCI. Computerized rat gait analysis is becoming increasingly popular in the SCI research community. The two-dimensional (2D) kinematic approach is by far the most popular technique in rat gait analysis. This is a simple inexpensive procedure, which requires only one camera to record the movement. Our study included an examination of locomotion on a treadmill using 2D and three-dimensional (3D) analysis, in neurologically intact animals and following moderate T9 contusion injury. Despite the overall time course patterns of the curves were identical, we found significant differences between values of the 2D and 3D joint angular motion. In conclusion, maximal precision and accuracy of the kinematic values are expected when the experimental protocol includes a 3D motion analysis methodology. Moreover, a 2D method cannot be used to determine the external or internal rotations of the foot because this movement occurs in the transverse plane.</text>
    </passage>
  </document>
</collection>
