<?xml version="1.0" encoding="UTF-8"?>
<!DOCTYPE collection SYSTEM "BioC.dtd">
<collection>
  <source>BioC-API</source>
  <date>20250411</date>
  <key>collection.key</key>
  <document>
    <id>18824950</id>
    <infon key="tt_curatable">no</infon>
    <infon key="tt_version">0</infon>
    <infon key="tt_round">0</infon>
    <passage>
      <infon key="type">title</infon>
      <offset>0</offset>
      <text>Direct application of the TNF-alpha inhibitor, etanercept, does not affect CGRP expression and phenotypic change of DRG neurons following application of nucleus pulposus onto injured sciatic nerves in rats.</text>
    </passage>
    <passage>
      <infon key="type">abstract</infon>
      <offset>207</offset>
      <text>STUDY DESIGN: Immunohistological and behavioral analysis of the effect of a tumor necrosis factor alpha (TNF-alpha) inhibitor in an injured-nerve model. OBJECTIVE: To examine the effect of direct application of a TNF-alpha inhibitor (etanercept) on injured-nerve pain caused by nucleus pulposus. SUMMARY AND BACKGROUND DATA: TNF-alpha is thought to play a crucial role in radicular pain. Calcitonin gene-related peptide (CGRP) is an inflammatory neuropeptide found in small sensory neurons. We have reported that CGRP appears in medium and large dorsal root ganglion (DRG) neurons that transmit proprioception in physiologic conditions. The purpose of the current study was to examine the change in behavior and phenotypic change of CGRP-immunoreactive DRG neurons by the TNF-alpha inhibitor, etanercept, in a disc herniation model. METHODS: For the injured-nerve model, nucleus pulposus was applied to the sciatic nerve and the sciatic nerve pinched. Saline (10 microL; n = 10), as a control, or etanercept (150 microg: n = 10) were applied to sciatic nerves simultaneously. Mechanical allodynia was examined. Immunohistochemistry was used to examine CGRP expression in L5 DRGs. RESULTS: Significant mechanical allodynia for 10 days was seen in the injured-nerve group compared with sham-operated animals. Etanercept ameliorated the mechanical allodynia slightly on day 2; however, there was no effect on other days. CGRP immunoreactivity was upregulated in the L5 DRG neurons of injured-nerve groups compared with the sham-operated group (P &lt; 0.01). However, etanercept did not affect CGRP expression after nerve injury (P &gt; 0.05). Proportions of CGRP- immunoreactive medium and large neurons were not significantly different in the nerve injury + saline group compared with the injury + etanercept group (P &gt; 0.05). CONCLUSION: Our results indicate that direct application of a TNF-alpha inhibitor had a small effect on acute pain behavior and may not be effective for suppression of inflammatory peptides in the current disc-herniation model.</text>
    </passage>
  </document>
</collection>
