<?xml version="1.0" encoding="UTF-8"?>
<!DOCTYPE collection SYSTEM "BioC.dtd">
<collection>
  <source>BioC-API</source>
  <date>20250411</date>
  <key>collection.key</key>
  <document>
    <id>18829706</id>
    <infon key="tt_curatable">no</infon>
    <infon key="tt_version">0</infon>
    <infon key="tt_round">0</infon>
    <passage>
      <infon key="type">title</infon>
      <offset>0</offset>
      <text>Steroidogenic capacity of residual ovarian tissue in 4-vinylcyclohexene diepoxide-treated mice.</text>
    </passage>
    <passage>
      <infon key="type">abstract</infon>
      <offset>96</offset>
      <text>Menopause is an important public health issue because of its association with a number of disorders. Androgens produced by residual ovarian tissue after menopause could impact the development of these disorders. It has been unclear, however, whether the postmenopausal ovary retains steroidogenic capacity. Thus, an ovary-intact mouse model for menopause that uses the occupational chemical 4-vinylcyclohexene diepoxide (VCD) was used to characterize the expression of steroidogenic genes in residual ovarian tissue of follicle-depleted mice. Female B6C3F1 mice (age, 28 days) were dosed daily for 20 days with either vehicle or VCD (160 mg kg(-1) day(-1)) to induce ovarian failure. Ovaries were collected on Day 181 and analyzed for mRNA and protein. Acyclic aged mice were used as controls for natural ovarian senescence. Relative to cycling controls, expression of mRNA encoding steroidogenic acute regulatory protein (Star); cholesterol side-chain cleavage (Cyp11a1); 3beta-hydroxysteroid dehydrogenase (Hsd3b); 17alpha-hydroxylase (Cyp17a1); scavenger receptor class B, type 1 (Scarb1); low-density lipoprotein receptor (Ldlr); and luteinizing hormone receptor (Lhcgr) was enriched in VCD-treated ovaries. In acyclic aged ovaries, mRNA expression for only Cyp17a1 and Lhcgr was greater than that in controls. Compared to cycling controls, ovaries from VCD-treated and aged mice had similar levels of HSD3B, CYP17A1, and LHCGR protein. The pattern of protein immunofluorescence staining for HSD3B in follicle-depleted (VCD-treated) ovaries was homogeneous, whereas that for CYP17A1 was only seen in residual interstitial cells. Circulating levels of FSH and LH were increased, and androstenedione levels were detectable following follicle depletion in VCD-treated mice. These findings support the idea that residual ovarian tissue in VCD-treated mice retains androgenic capacity.</text>
    </passage>
  </document>
</collection>
