<?xml version="1.0" encoding="UTF-8"?>
<!DOCTYPE collection SYSTEM "BioC.dtd">
<collection>
  <source>BioC-API</source>
  <date>20250411</date>
  <key>collection.key</key>
  <document>
    <id>19215324</id>
    <infon key="tt_curatable">no</infon>
    <infon key="tt_version">0</infon>
    <infon key="tt_round">0</infon>
    <passage>
      <infon key="type">title</infon>
      <offset>0</offset>
      <text>Effects of decomposition on gunshot wound characteristics: under moderate temperatures with insect activity.</text>
    </passage>
    <passage>
      <infon key="type">abstract</infon>
      <offset>109</offset>
      <text>Previous studies document characteristics of gunshot wounds shortly after they were inflicted. This study was conducted to determine if the early stages of decomposition obscure or alter the physical surface characteristics of gunshot wounds, thereby affecting the quantity and quality of information retrievable from such evidence. The study was conducted in August and September, 2005 in Nova Scotia, Canada in forested and exposed environments. Recently killed pigs were used as research models and were shot six times each at three different ranges (contact, 2.5 cm, and 1.5 m). Under these test conditions, the gunshot wounds maintained the characteristics unique to each gunshot range and changes that occurred during decomposition were not critical to the interpretation of the evidence. It was concluded that changes due to decomposition under the conditions tested would not affect the collection and interpretation of gunshot wound evidence until the skin was degraded in the late active or advanced decay stage of decomposition.</text>
    </passage>
  </document>
</collection>
