<?xml version="1.0" encoding="UTF-8"?>
<!DOCTYPE collection SYSTEM "BioC.dtd">
<collection>
  <source>BioC-API</source>
  <date>20250411</date>
  <key>collection.key</key>
  <document>
    <id>19479240</id>
    <infon key="tt_curatable">no</infon>
    <infon key="tt_version">0</infon>
    <infon key="tt_round">0</infon>
    <passage>
      <infon key="type">title</infon>
      <offset>0</offset>
      <text>Metabolism-dependent hepatotoxicity of amodiaquine in glutathione-depleted mice.</text>
    </passage>
    <passage>
      <infon key="type">abstract</infon>
      <offset>81</offset>
      <text>We investigated the hepatotoxicity induced by AQ using a glutathione (GSH)-depleted mice model. Although sole administration of either AQ or L-buthionine-S,R-sulfoxinine (BSO), a well-known GSH synthesis inhibitor, produced no significant hepatotoxicity, combined administration of AQ with BSO induced hepatotoxicity characterized by centrilobular necrosis of the hepatocytes and an elevation of plasma alanine aminotransferase activity. Pretreatment of aminobenzotriazole, a nonspecific inhibitor for P450s, completely suppressed the above hepatotoxicity caused by AQ co-treatment with BSO. Administration of radiolabeled AQ in combination with BSO exhibited significantly higher covalent binding to mice liver proteins than that observed after sole dosing of radiolabeled AQ. The results obtained in this GSH-depleted animal model suggest that the reactive metabolite of AQ formed by hepatic P450 binds to liver proteins, and then finally leads to hepatotoxicity. These observations may help to understand the risk factors and the mechanism for idiosyncratic hepatotoxicity of AQ in humans.</text>
    </passage>
  </document>
</collection>
