<?xml version="1.0" encoding="UTF-8"?>
<!DOCTYPE collection SYSTEM "BioC.dtd">
<collection>
  <source>BioC-API</source>
  <date>20250411</date>
  <key>collection.key</key>
  <document>
    <id>19762437</id>
    <infon key="tt_curatable">no</infon>
    <infon key="tt_version">0</infon>
    <infon key="tt_round">0</infon>
    <passage>
      <infon key="type">title</infon>
      <offset>0</offset>
      <text>Development of a non-invasive murine infection model for acute otitis media.</text>
    </passage>
    <passage>
      <infon key="type">abstract</infon>
      <offset>77</offset>
      <text>Otitis media (OM) is one of the most frequent diseases in childhood, and Streptococcus pneumoniae is among the main causative bacterial agents. Since current experimental models used to study the bacterial pathogenesis of OM have several limitations, such as the invasiveness of the experimental procedures, we developed a non-invasive murine OM model. In our model, adapted from a previously developed rat OM model, a pressure cabin is used in which a 40 kPa pressure increase is applied to translocate pneumococci from the nasopharyngeal cavity into both mouse middle ears. Wild-type pneumococci were found to persist in the middle ear cavity for 144 h after infection, with a maximum bacterial load at 96 h. Inflammation was confirmed at 96 and 144 h post-infection by IL-1beta and TNF-alpha cytokine analysis and histopathology. Subsequently, we investigated the contribution of two surface-associated pneumococcal proteins, the streptococcal lipoprotein rotamase A (SlrA) and the putative proteinase maturation protein A (PpmA), to experimental OM in our model. Pneumococci lacking the slrA gene, but not those lacking the ppmA gene, were significantly reduced in virulence in the OM model. Importantly, pneumococci lacking both genes were significantly more attenuated than the DeltaslrA single mutant. This additive effect suggests that SlrA and PpmA exert complementary functions during experimental OM. In conclusion, we have developed a highly reproducible and non-invasive murine infection model for pneumococcal OM using a pressure cabin, which is very suitable to study pneumococcal pathogenesis and virulence in vivo.</text>
    </passage>
  </document>
</collection>
