<?xml version="1.0" encoding="UTF-8"?>
<!DOCTYPE collection SYSTEM "BioC.dtd">
<collection>
  <source>BioC-API</source>
  <date>20250411</date>
  <key>collection.key</key>
  <document>
    <id>19841895</id>
    <infon key="tt_curatable">no</infon>
    <infon key="tt_version">0</infon>
    <infon key="tt_round">0</infon>
    <passage>
      <infon key="type">title</infon>
      <offset>0</offset>
      <text>Early physiological and biological features in three animal models of induced acute lung injury.</text>
    </passage>
    <passage>
      <infon key="type">abstract</infon>
      <offset>97</offset>
      <text>INTRODUCTION: Critically ill patients often develop acute lung injury (ALI) in the context of different clinical conditions. We aimed to explore differences in early local and systemic features in three experimental animal models of ALI. METHODS: Mechanically ventilated male Sprague-Dawley rats were randomized to high tidal volume (VT) ventilation (HVT) (n = 8, VT 24 ml/kg), massive brain injury (MBI) (n = 8, VT 8 ml/kg) or endotoxemia (LPS) (n = 8, VT 8 ml/kg). Each experimental group had its own control group of eight rats (VT 8 ml/kg). We measured arterial blood gases, mean arterial pressure, lung compliance, inflammatory mediators in plasma and their expression and gelatinase activity in the lungs after 3 h of injury. RESULTS: Despite maintaining relatively normal lung function without evidence of important structural changes, we observed altered lung and systemic inflammatory responses in all three experimental models. LPS triggered the most robust inflammatory response and HVT the lowest systemic proinflammatory response. The HVT group had higher Il6, Tnf and Cxcl2 mRNA in lungs than MBI animals. Metalloproteinase activity/expression and neutrophilic recruitment in the lungs were higher in HVT than in LPS or MBI. CONCLUSIONS: The early responses to direct or remote lung insult in our three models of ALI captured different physiological and biological features that could lead to respiratory and/or multiorgan failure.</text>
    </passage>
  </document>
</collection>
