<?xml version="1.0" encoding="UTF-8"?>
<!DOCTYPE collection SYSTEM "BioC.dtd">
<collection>
  <source>BioC-API</source>
  <date>20250411</date>
  <key>collection.key</key>
  <document>
    <id>20506288</id>
    <infon key="tt_curatable">no</infon>
    <infon key="tt_version">0</infon>
    <infon key="tt_round">0</infon>
    <passage>
      <infon key="type">title</infon>
      <offset>0</offset>
      <text>Mammalian target of rapamycin signaling is crucial for joint destruction in experimental arthritis and is activated in osteoclasts from patients with rheumatoid arthritis.</text>
    </passage>
    <passage>
      <infon key="type">abstract</infon>
      <offset>172</offset>
      <text>OBJECTIVE: Activation of the mammalian target of rapamycin (mTOR) pathway is important for immune cell activation and bone metabolism. To date, the contribution of mTOR signaling to joint inflammation and structural bone and cartilage damage is unknown. The aim of this study was to investigate the potential of inhibiting mTOR as a treatment of inflammatory arthritis. METHODS: Human tumor necrosis factor-transgenic mice in which inflammatory arthritis was developing were treated with 2 different mTOR inhibitors, sirolimus or everolimus. The effects of treatment on clinical disease activity, inflammation, and localized joint and cartilage destruction were studied. In addition, the effects of mTOR inhibition on osteoclast survival and expression of key molecules of osteoclast function were analyzed in vitro. Moreover, synovial tissue from patients with rheumatoid arthritis (RA) was assessed for activation of the mTOR pathway. RESULTS: Inhibition of mTOR by sirolimus or everolimus reduced synovial osteoclast formation and protected against local bone erosions and cartilage loss. Clinical signs of arthritis improved after mTOR inhibition, and histologic evaluation showed a decrease in synovitis. In vitro, mTOR inhibition down-regulated the expression of digestive enzymes and led to osteoclast apoptosis. Moreover, mTOR signaling was shown to be active in the synovial membrane of patients with RA, particularly in synovial osteoclasts. CONCLUSION: Signaling through mTOR is an important link between synovitis and structural damage in inflammatory arthritis. Current pharmacologic inhibitors of mTOR could be effective in protecting joints against structural damage.</text>
    </passage>
  </document>
</collection>
