<?xml version="1.0" encoding="UTF-8"?>
<!DOCTYPE collection SYSTEM "BioC.dtd">
<collection>
  <source>BioC-API</source>
  <date>20250411</date>
  <key>collection.key</key>
  <document>
    <id>20597687</id>
    <infon key="tt_curatable">no</infon>
    <infon key="tt_version">0</infon>
    <infon key="tt_round">0</infon>
    <passage>
      <infon key="type">title</infon>
      <offset>0</offset>
      <text>Care of rats with complete high-thoracic spinal cord injury.</text>
    </passage>
    <passage>
      <infon key="type">abstract</infon>
      <offset>61</offset>
      <text>The complications of spinal cord injury (SCI) increase in number and severity with the level of injury. A recent survey of SCI researchers reveals that animal models of high SCI are essential. Despite this consensus, most laboratories continue to work with mid- or low-thoracic SCI. The available data on cervical SCI in animals characterize incomplete injuries; for example, nearly all studies published in 2009 examine discrete, tract-specific lesions that are not clinically-relevant. A primary barrier to developing animal models of severe, higher SCI is the challenge of animal care, a critical determinant of experimental outcome. Currently, many of these practices vary substantially between laboratories, and are passed down anecdotally within institutions. The care of animals with SCI is complex, and becomes much more challenging as the lesion level ascends. In our experience, the care of animals with high-thoracic (T3) SCI is much more demanding than the care of animals with low-thoracic SCI, even though both injuries result in paraplegia. We have developed an animal care regimen for rats with complete high-thoracic SCI. Our practices have been refined over the past 7 years, in collaboration with animal care centre staff and veterinarians. During this time, we have cared for more than 300 rats with T3 complete transection SCI, with experimental end-points of up to 3 months. Here we provide details of our animal care procedures, including acclimatization, housing, diet, antibiotic prophylaxis, surgical procedures, post-operative monitoring, and prevention of complications. In our laboratory, this comprehensive approach consistently produces good outcomes following T3 complete transection SCI: using body weight as an objective indicator of animal health, we have found that our rats typically return to pre-operative weights within 10 days of T3 complete SCI. It is our hope that the information provided here will improve care of experimental animals, and facilitate adoption of models that directly address the complications associated with higher level injuries.</text>
    </passage>
  </document>
</collection>
