<?xml version="1.0" encoding="UTF-8"?>
<!DOCTYPE collection SYSTEM "BioC.dtd">
<collection>
  <source>BioC-API</source>
  <date>20250411</date>
  <key>collection.key</key>
  <document>
    <id>21219176</id>
    <infon key="tt_curatable">no</infon>
    <infon key="tt_version">0</infon>
    <infon key="tt_round">0</infon>
    <passage>
      <infon key="type">title</infon>
      <offset>0</offset>
      <text>Genetic defects in severe congenital neutropenia: emerging insights into life and death of human neutrophil granulocytes.</text>
    </passage>
    <passage>
      <infon key="type">abstract</infon>
      <offset>122</offset>
      <text>The discovery of genetic defects causing congenital neutropenia has illuminated mechanisms controlling differentiation, circulation, and decay of neutrophil granulocytes. Deficiency of the mitochondrial proteins HAX1 and AK2 cause premature apoptosis of myeloid progenitor cells associated with dissipation of the mitochondrial membrane potential, whereas mutations in ELA2/ELANE and G6PC3 are associated with signs of increased endoplasmic reticulum stress. Mutations in the transcriptional repressor GFI1 and the cytoskeletal regulator WASP also lead to defective neutrophil production. This unexpected diversity of factors suggests that multiple pathways are involved in the pathogenesis of congenital neutropenia.</text>
    </passage>
  </document>
</collection>
