<?xml version="1.0" encoding="UTF-8"?>
<!DOCTYPE collection SYSTEM "BioC.dtd">
<collection>
  <source>BioC-API</source>
  <date>20250411</date>
  <key>collection.key</key>
  <document>
    <id>21211517</id>
    <infon key="tt_curatable">no</infon>
    <infon key="tt_version">0</infon>
    <infon key="tt_round">0</infon>
    <passage>
      <infon key="type">title</infon>
      <offset>0</offset>
      <text>Accelerated ovarian failure: a novel, chemically induced animal model of menopause.</text>
    </passage>
    <passage>
      <infon key="type">abstract</infon>
      <offset>84</offset>
      <text>Current rodent models of menopause fail to adequately recapitulate the menopause transition. The intact aging model fails to achieve very low estrogen levels, and the ovariectomy model lacks a perimenopause phase. A new rodent model of accelerated ovarian failure (AOF) successfully replicates human perimenopause and postmenopause, including estrous acyclicity and fluctuating, followed by undetectable, estrogen levels, and allows for the dissociation of the effects of hormone levels from the effects of aging. In this model, an ovotoxic chemical, 4-vinylcyclohexene diepoxide (VCD), selective for primary and primordial follicles, is injected intraperitonelly in animals for 15 days. As the mature follicle population is depleted through natural cycling, ovarian failure follows increasing periods of acyclity. Administered at low doses, VCD specifically causes apoptotic cell death of primordial follicles but does not affect other peripheral tissues, including the liver and spleen, nor does it affect brain inflammation markers. In addition to reducing confounds associated with genetic and surgical manipulations, the AOF model maintains the presence of ovarian tissue which importantly parallels to the menopause transition in humans. The VCD injection procedure can be applied to studies using transgenic or knockout mice strains, or in other disease-state models (e.g., ischemia, atherosclerosis, or diabetes). This AOF model of menopause will generate new insights into women's health particularly in determining the critical periods (i.e., a window of opportunity) during perimenopause for restoring ovarian hormones for the most efficacious effect on memory and mood disorders as well as other menopausal symptoms.</text>
    </passage>
  </document>
</collection>
