<?xml version="1.0" encoding="UTF-8"?>
<!DOCTYPE collection SYSTEM "BioC.dtd">
<collection>
  <source>BioC-API</source>
  <date>20250411</date>
  <key>collection.key</key>
  <document>
    <id>21221022</id>
    <infon key="tt_curatable">no</infon>
    <infon key="tt_version">0</infon>
    <infon key="tt_round">0</infon>
    <passage>
      <infon key="type">title</infon>
      <offset>0</offset>
      <text>Induction of a menopausal state alters the growth and histology of ovarian tumors in a mouse model of ovarian cancer.</text>
    </passage>
    <passage>
      <infon key="type">abstract</infon>
      <offset>118</offset>
      <text>OBJECTIVE: Ovarian cancer is often diagnosed in women after menopause when the levels of the serum gonadotropins follicle-stimulating hormone (FSH) and luteinizing hormone (LH) are increased because of the depletion of growing follicles within the ovary. The ability of FSH and LH to modulate the disease has not been well studied owing to a lack of physiologically relevant models of ovarian cancer. In this study, 4-vinylcyclohexene diepoxide (VCD) was used to deplete ovarian follicles and increase the levels of circulating FSH and LH in the tgCAG-LS-TAg mouse model of ovarian cancer. METHODS: VCD-induced follicle depletion was performed either before or after induction of the oncogene SV40 large and small T-antigens in the ovarian surface epithelial cells of tgCAG-LS-TAg mice, which was mediated by the intrabursal delivery of an adenovirus expressing Cre recombinase (AdCre). RESULTS: tgCAG-LS-TAg mice injected with AdCre developed undifferentiated ovarian tumors with mixed epithelial and stromal components and some features of sex cord stromal tumors. Treatment with VCD before or after AdCre injection yielded tumors of similar histology, but with the unique appearance of Sertoli cell nests. In mice treated with VCD before the induction of tumorigenesis, the ovarian tumors tended to grow more slowly. The human ovarian cancer cell lines SKOV3 and OVCAR3 responded similarly to increased levels of gonadotropins in a second model of menopause, growing more slowly in ovariectomized mice compared with cycling controls. CONCLUSIONS: These results suggest that follicle depletion and increased gonadotropin levels can alter the histology and the rate of growth of ovarian tumors.</text>
    </passage>
  </document>
</collection>
