<?xml version="1.0" encoding="UTF-8"?>
<!DOCTYPE collection SYSTEM "BioC.dtd">
<collection>
  <source>BioC-API</source>
  <date>20250411</date>
  <key>collection.key</key>
  <document>
    <id>21360191</id>
    <infon key="tt_curatable">no</infon>
    <infon key="tt_version">0</infon>
    <infon key="tt_round">0</infon>
    <passage>
      <infon key="type">title</infon>
      <offset>0</offset>
      <text>Ischaemia-induced retinal neovascularisation and diabetic retinopathy in mice with conditional knockout of hypoxia-inducible factor-1 in retinal Müller cells.</text>
    </passage>
    <passage>
      <infon key="type">abstract</infon>
      <offset>160</offset>
      <text>AIMS/HYPOTHESIS: Retinal Müller cells are known to produce inflammatory and angiogenic cytokines, which play important roles in diabetic retinopathy. Hypoxia-inducible factor (HIF)-1 has been shown to play a crucial role in retinal inflammation and neovascularisation. We sought to determine the role of Müller cell-derived HIF-1 in oxygen-induced retinopathy (OIR) and diabetic retinopathy using conditional Hif-1α (also known as Hif1a) knockout (KO) mice. METHODS: Conditional Hif-1α KO mice were generated by crossing mice expressing cyclisation recombinase (cre, also known as P1_gp003) in Müller cells with floxed Hif-1α mice and used for OIR and streptozotocin-induced diabetes to induce retinal neovascularisation and inflammation, respectively. Abundance of HIF-1α and pro-angiogenic and pro-inflammatory factors was measured by immunoblotting and immunohistochemistry. Retinal neovascularisation was visualised by angiography and quantified by counting pre-retinal nuclei. Retinal inflammation was evaluated by leucostasis and vascular leakage. RESULTS: While the Hif-1α KO mice showed significantly decreased HIF-1α levels in the retina, they exhibited no apparent histological or visual functional abnormalities under normal conditions. Compared with wild-type counterparts, Hif-1α KO mice with OIR demonstrated attenuated overproduction of vascular endothelial growth factor (VEGF) and intercellular adhesion molecule (ICAM)-1, reduced vascular leakage and alleviated neovascularisation in the retina. Under diabetes conditions, disruption of Hif-1α in Müller cells attenuated the increases of retinal vascular leakage and adherent leucocytes, as well as the overproduction of VEGF and ICAM-1. CONCLUSIONS/INTERPRETATION: Müller cell-derived HIF-1α is a key mediator of retinal neovascularisation, vascular leakage and inflammation, the major pathological changes in diabetic retinopathy. Müller cell-derived HIF-1α is therefore a promising therapeutic target for diabetic retinopathy.</text>
    </passage>
  </document>
</collection>
