<?xml version="1.0" encoding="UTF-8"?>
<!DOCTYPE collection SYSTEM "BioC.dtd">
<collection>
  <source>BioC-API</source>
  <date>20250411</date>
  <key>collection.key</key>
  <document>
    <id>21763422</id>
    <infon key="tt_curatable">no</infon>
    <infon key="tt_version">0</infon>
    <infon key="tt_round">0</infon>
    <passage>
      <infon key="type">title</infon>
      <offset>0</offset>
      <text>Downregulation of the Wnt antagonist Dkk2 links the loss of Sept4 and myofibroblastic transformation of hepatic stellate cells.</text>
    </passage>
    <passage>
      <infon key="type">abstract</infon>
      <offset>128</offset>
      <text>BACKGROUND/AIMS: Sept4, a subunit of the septin cytoskeleton specifically expressed in quiescent hepatic stellate cells (HSCs), is downregulated through transdifferentiation to fibrogenic and contractile myofibroblastic cells. Since Sept4(-/-)mice are prone to liver fibrosis, we aimed to identify the unknown molecular network underlying liver fibrosis by probing the association between loss of Sept4 and accelerated transdifferentiation of HSCs. METHODS: We compared the transcriptomes of Sept4(+/+) and Sept4(-/-) HSCs undergoing transdifferentiation by DNA microarray and quantitative reverse transcription polymerase chain reaction (RT-PCR) analysis. Because Dickkopf2 (Dkk2) gene expression is reduced in Sept4(-/-) HSCs, we tested whether supplementing Dkk2 could suppress myofibroblastic transformation of Sept4(-/-) HSCs. We tested the involvement of the canonical Wnt pathway in this process by using a lymphoid enhancer-binding factor/transcription factor-luciferase reporter assay. RESULTS: We observed consistent upregulation of Dkk2 in primary cultured HSCs and in a carbon tetrachloride liver fibrosis in mice, which was decreased in the absence of Sept4. Supplementation with Dkk2 suppressed the induction of pro-fibrotic genes (α-smooth muscle actin and 2 collagen genes) and induced an anti-fibrotic gene (Smad7) in Sept4(-/-) HSCs. In human liver specimens with inflammation and fibrosis, Dkk2 immunoreactivity appeared to be positively correlated with the degree of fibrotic changes. CONCLUSIONS: Pro-fibrotic transformation of HSCs through the loss of Sept4 is, in part, due to reduced expression of Dkk2 and its homologues, and the resulting disinhibition of the canonical Wnt pathway.</text>
    </passage>
  </document>
</collection>
