<?xml version="1.0" encoding="UTF-8"?>
<!DOCTYPE collection SYSTEM "BioC.dtd">
<collection>
  <source>BioC-API</source>
  <date>20250411</date>
  <key>collection.key</key>
  <document>
    <id>22792013</id>
    <infon key="tt_curatable">no</infon>
    <infon key="tt_version">0</infon>
    <infon key="tt_round">0</infon>
    <passage>
      <infon key="type">title</infon>
      <offset>0</offset>
      <text>Bortezomib in multiple myeloma and lymphoma: a systematic review and clinical practice guideline.</text>
    </passage>
    <passage>
      <infon key="type">abstract</infon>
      <offset>98</offset>
      <text>QUESTIONS: In patients with multiple myeloma, Waldenström macroglobulinemia, or lymphoma, what is the efficacy of bortezomib alone or in combination as measured by survival, quality of life, disease control (for example, time to progression), response duration, or response rate?What is the toxicity associated with the use of bortezomib?Which patients are more or less likely to benefit from treatment with bortezomib? PERSPECTIVES: Evidence was selected and reviewed by two members of the Hematology Disease Site Group and by methodologists from the Program in Evidence-based Care (pebc) at Cancer Care Ontario. The practice guideline report was reviewed and approved by the Hematology Disease Site Group, which comprises hematologists, medical and radiation oncologists, and a patient representative. As part of an external review process, the report was disseminated to practitioners throughout Ontario to obtain their feedback. OUTCOMES: Outcomes of interest were overall survival, quality of life, response rates and duration, and rates of adverse events. METHODOLOGY: A systematic search was conducted of the medline, embase, HealthStar, cinahl, and Cochrane Library databases for primary articles and practice guidelines. The resulting evidence informed the development of clinical practice recommendations. Those recommendations were appraised by a sample of practitioners in Ontario and modified in response to the feedback received. The systematic review and modified recommendations were approved by a review body w theithin pebc. RESULTS: The literature review found one randomized controlled trial (rct)-the only published rct of bortezomib in relapsed myeloma. A number of phase ii studies were also retrieved, including a randomized phase ii study. No randomized trials were retrieved for lymphoma. The rct found bortezomib to be superior to high-dose dexamethasone for median time to progression and 1-year survival in patients with relapsed myeloma, although grade 3 adverse events were more common in the bortezomib arm. Bortezomib is recommended as the preferred treatment option in patients with myeloma relapsing within 1 year of the conclusion of initial treatment; it may also be a reasonable option in patients relapsing at least 1 year after autologous stem-cell transplantation. PRACTICE GUIDELINE: This evidence-based series applies to adult patients with myeloma, Waldenström macroglobulinemia, or lymphoma of any type, stage, histology, or performance status. RECOMMENDATIONS: Based on the results of a large well-conducted rct, which represents the only published randomized study in relapsed myeloma, the Hematology Disease Site Group (dsg) offers the following recommendations: For patients with myeloma refractory to or relapsing within 1 year of the conclusion of initial or subsequent treatment or treatments, including autologous stem-cell transplantation, and who are candidates for further chemotherapy, bortezomib is recommended as the preferred treatment option.Bortezomib is also a reasonable option for patients relapsing at least 1 year after autologous stem-cell transplantation. The dsg is aware that thalidomide, alkylating agents, or repeat transplantation may also be options for these patients. However, evaluation of these other options is beyond the scope of this practice guideline.For patients with myeloma relapsing at least 1 year after the conclusion of alkylating agent-based chemotherapy who are candidates for further chemotherapy, further treatment with alkylating agent-based chemotherapy is recommended.Evidence is insufficient to support the use of bortezomib in patients with non-Hodgkin lymphoma or Waldenström macroglobulinemia outside of clinical trials. QUALIFYING STATEMENTS: Limited evidence supports the appropriateness of a specific time-to-relapse period as being indicative of treatment-insensitive disease. The 1-year threshold provided in the foregoing recommendations is based on the opinion of the Hematology dsg. For specific details related to the administration of bortezomib therapy, the dsg suggests that clinicians refer to the protocols used in major trials. Some of those details are provided here for informational purposes. DOSAGE: Bortezomib 1.3,g/m(2) is given as a rapid intravenous bolus over 3-5 seconds on days 1, 4, 8, and 11 of a 21-day cycle; a minimum of 72 hours between doses is required to allow for recovery of normal proteasome function. Vital signs should be checked before and after each dose. A complete blood count is recommended before each dose, with blood chemistries (including electrolyte and creatinine levels) monitored at a minimum on days 1 and 8 of each cycle. The dose of bortezomib should be reduced or held immediately upon development of painful neuropathy, as described in the product monograph; dose modification may also be required for peripheral sensory neuropathy without pain or for other toxicities. Most toxicities are reversible if dose modification guidelines are followed.  RESPONSE TO TREATMENT: Responses are usually apparent by 6 weeks (2 cycles). For patients achieving complete remission (determined by negative electrophoresis and immunofixation), bortezomib should be given for 2 additional cycles beyond the date of confirmed complete remission. In patients with progressive disease after 2 cycles or stable disease after 4 cycles, dexamethasone added to the bortezomib regimen (20 mg by mouth the day of and the day after each bortezomib dose) may produce an objective response. Bortezomib (with or without dexamethasone) should be continued in patients showing benefit from therapy (excluding those in complete remission) unless disease progression or significant toxicity is observed. Therapy should be discontinued in patients who do not respond to bortezomib alone if disease progression is seen within 2 cycles of the addition of dexamethasone. The Hematology dsg recognizes that thalidomide is an active agent in multiple myeloma patients who have relapsed after autologous stem-cell transplantation or who are refractory to alkylating agent-based chemotherapy. To date, no reported rcts have evaluated thalidomide in this role, and specifically, no trials have compared thalidomide with bortezomib. Given these limitations, the members of the Hematology dsg regard thalidomide or bortezomib as therapy alternatives to dexamethasone.</text>
    </passage>
  </document>
</collection>
