<?xml version="1.0" encoding="UTF-8"?>
<!DOCTYPE collection SYSTEM "BioC.dtd">
<collection>
  <source>BioC-API</source>
  <date>20250411</date>
  <key>collection.key</key>
  <document>
    <id>22790970</id>
    <infon key="tt_curatable">no</infon>
    <infon key="tt_version">0</infon>
    <infon key="tt_round">0</infon>
    <passage>
      <infon key="type">title</infon>
      <offset>0</offset>
      <text>Metabolic activation and inflammation reactions involved in carbamazepine-induced liver injury.</text>
    </passage>
    <passage>
      <infon key="type">abstract</infon>
      <offset>96</offset>
      <text>Drug-induced liver injury is a major safety concern in drug development and clinical pharmacotherapy; however, advances in the understanding of the mechanisms of drug-induced liver injury are hampered by the lack of animal models. Carbamazepine (CBZ) is a widely used antiepileptic agent. Although the drug is generally well tolerated, only a small number of patients prescribed CBZ develop severe hepatitis. In the present study, we developed a mouse model of CBZ-induced liver injury and elucidated the mechanisms accounting for the hepatotoxicity of CBZ. Male BALB/c mice were orally administered CBZ for 5 days. The plasma levels of alanine aminotransferase and aspartate aminotransferase were prominently increased, and severe liver damage was observed via histological evaluation. The analysis of the plasma concentration of CBZ and its metabolites demonstrated that 3-hydroxy CBZ may be relevant in CBZ-induced liver injury. The hepatic glutathione levels were significantly decreased, and oxidative stress markers were significantly altered. Mechanistic investigations found that hepatic mRNA levels of toll-like receptor 4, receptor for advanced glycation end products, and their ligands were significantly increased. Moreover, the plasma concentrations of proinflammatory cytokines were also increased. Prostaglandin E(1) administration ameliorated the hepatic injury caused by CBZ. In conclusion, metabolic activation followed by the stimulation of immune responses was demonstrated to be involved in CBZ-induced liver injury in mice.</text>
    </passage>
  </document>
</collection>
