<?xml version="1.0" encoding="UTF-8"?>
<!DOCTYPE collection SYSTEM "BioC.dtd">
<collection>
  <source>BioC-API</source>
  <date>20250411</date>
  <key>collection.key</key>
  <document>
    <id>22815639</id>
    <infon key="tt_curatable">no</infon>
    <infon key="tt_version">0</infon>
    <infon key="tt_round">0</infon>
    <passage>
      <infon key="type">title</infon>
      <offset>0</offset>
      <text>SLAT/Def6 plays a critical role in the pathogenic process of experimental autoimmune uveitis (EAU).</text>
    </passage>
    <passage>
      <infon key="type">abstract</infon>
      <offset>100</offset>
      <text>PURPOSE: SWAP 70-like adaptor of T cells (SLAT; aka Def6) is a recently discovered guanine nucleotide exchange factor for Rho guanosine triphosphate (GTP)ases that has been previously shown to play a role in cluster of differentiation(CD)4+ T cell activation, T-helper (Th)1/Th2/Th17 differentiation and development of experimental autoimmune encephalomyelitis. Here, we investigated the role of SLAT/Def6 in the development of experimental autoimmune uveitis (EAU), an animal model for several uveitic conditions in humans. METHODS: SLAT/Def6 deficient ("KO") mice and C57BL/6 controls were immunized with interphotoreceptor retinoid-binding protein (IRBP), along with pertussis toxin. The development of ocular inflammation was determined by both fundoscopy and histological examination. Lymphoid cells from draining lymph nodes were cultured with IRBP to measure lymphocyte proliferation and release of cytokines. Purified dendritic cells were tested for their capacity to present antigen to responding lymphocytes. In addition, the lymphoid cells were tested for the expression of forkhead box P3 (FoxP3), using conventional methods, and the activity of T-regulatory cells was determined by their capacity to inhibit in vitro proliferative responses. Serum anti -IRBP antibody levels were measured by enzyme-linked immunosorbant assay (ELISA). quantitative polymerase chain reaction (qPCR) was used to determine the transcript levels of cytokines in inflamed eyes. RESULTS: SLAT/Def6 KO mice had significantly reduced EAU compared to controls. Cells isolated from draining lymph nodes of SLAT/Def6 KO mice exhibited impaired proliferation and production of Th1 and Th17 signature cytokines (interferon [IFN]-γ and interleukin [IL]-17, respectively) when compared with cells isolated from control mice. qPCR of inflamed eyes detected similar levels of IFN-γ transcript in control and SLAT/Def6 KO mice, whereas the IL-17 transcript levels in eyes of the SLAT/Def6 KO mice were lower than in eyes of the controls. The SLAT/Def6 KO mice resembled their wild type (WT) controls, however, in the levels of their serum antibody against IRBP, the antigen presenting capacity of their dendritic cells, the proportion of cells expressing Foxp3 and the immunosuppressive activity of their T-regulatory cells. CONCLUSIONS: SLAT/Def6 KO mice exhibit reduced capacity to develop ocular inflammation and cellular activity when immunized with IRBP. Our study provides new data showing that SLAT/Def6 plays a major role in the T cell-mediated autoimmune processes that bring about the inflammatory eye disease, EAU.</text>
    </passage>
  </document>
</collection>
