<?xml version="1.0" encoding="UTF-8"?>
<!DOCTYPE collection SYSTEM "BioC.dtd">
<collection>
  <source>BioC-API</source>
  <date>20250411</date>
  <key>collection.key</key>
  <document>
    <id>23355084</id>
    <infon key="tt_curatable">no</infon>
    <infon key="tt_version">0</infon>
    <infon key="tt_round">0</infon>
    <passage>
      <infon key="type">title</infon>
      <offset>0</offset>
      <text>Tumor necrosis factor-α plays an initiating role in extracorporeal circulation-induced acute lung injury.</text>
    </passage>
    <passage>
      <infon key="type">abstract</infon>
      <offset>110</offset>
      <text>BACKGROUND: Despite advances in critical care, the mortality rate for patients with acute lung injury (ALI) remains high. The aim of this study was to test the hypothesis that tumor necrosis factor-α (TNF-α) plays an initiating role in the onset of extracorporeal circulation (ECC)-induced ALI. METHODS: Eight New Zealand rabbits subjected to 1 h of ECC and 40 min of observation after termination of ECC were used for monitoring pulmonary nociceptor activity. Fifty Sprague-Dawley (SD) rats that received 2 h of ECC and 4 h of rest were used to measure the pulmonary function and inflammatory cytokines release, including total cells, neutrophils, and TNF-α in bronchoalveolar lavage (BAL) and white blood cell (WBC) and neutrophils in blood. An additional 40 SD rats were randomized to pretreatment with inhalation of phosphate buffer solution (control group), IgG (IgG inh group), or TNF-α antibody (anti-TNF-α inh group) and venous injection of TNF-α antibody (anti-TNF-α iv group). After 2 h of ECC and 4 h of rest, the arterial blood and BAL fluid were collected for measurement of arterial oxygen pressure (PaO2) and inflammatory cytokines release. The left-lower-lung tissues of animals were stained with hematoxylin &amp; eosin (H&amp;E). RESULTS: The results demonstrated that the activities of airway nociceptor and TNF-α release were similarly upregulated at the early stage and in a time-related manner in ECC-induced ALI. Pretreatment with TNF-α antibody inhalation, but not venous injection, improved pulmonary function, inhibited pulmonary inflammation, and attenuated pulmonary histopathological changes after ECC. CONCLUSION: We concluded that TNF-α played an important role in the pathogenesis of ALI and acted as an initiating cytokine at the early stage of ECC-induced ALI.</text>
    </passage>
  </document>
</collection>
