<?xml version="1.0" encoding="UTF-8"?>
<!DOCTYPE collection SYSTEM "BioC.dtd">
<collection>
  <source>BioC-API</source>
  <date>20250411</date>
  <key>collection.key</key>
  <document>
    <id>23620550</id>
    <infon key="tt_curatable">no</infon>
    <infon key="tt_version">0</infon>
    <infon key="tt_round">0</infon>
    <passage>
      <infon key="type">title</infon>
      <offset>0</offset>
      <text>Simvastatin attenuates the development of pulmonary and cutaneous fibrosis in a murine model of systemic sclerosis.</text>
    </passage>
    <passage>
      <infon key="type">abstract</infon>
      <offset>116</offset>
      <text>OBJECTIVE: The antifibrotic effect of simvastatin has been demonstrated in human lung fibroblasts. This study aimed to measure the effects of simvastatin in the development of pulmonary and cutaneous fibrosis in a murine model of SSc and to explore the mechanisms of these effects. METHODS: Chronic oxidant stress SSc was induced in BALB/c mice by daily s.c. injections of HOCl for 6 weeks. Mice were randomized in three arms: treatment with HOCl, HOCl plus simvastatin or vehicle alone. Statin treatment was initiated 30 min after HOCl s.c. injection and continued daily for 6 weeks. Skin and lung fibrosis were evaluated by histological methods. Immunohistochemical staining for α-smooth muscle actin in cutaneous and pulmonary tissues was performed to evaluate myofibroblast differentiation. Lung and skin concentrations of VEGF, extracellular signal-related kinase (ERK), rat sarcoma protein (Ras), Ras homologue gene family (Rho) and TGF-β were analysed by western blot. RESULTS: Injections of HOCl induced cutaneous and lung fibrosis in BALB/c mice. Simvastatin treatment prevented both skin thickness and pulmonary fibrosis. Myofibroblast differentiation was also inhibited by simvastatin in the skin and in the lung. Increased cutaneous and pulmonary expression of VEGF, ERK, Ras and Rho in mice treated with HOCl was significantly lower in mice treated with HOCl plus simvastatin. CONCLUSION: Simvastatin reduces the development of pulmonary fibrosis, potentially modulating adverse lung remodelling, as shown by the reduced deposition of collagen in alveolar septae. Simvastatin also reduces skin thickness in this model.</text>
    </passage>
  </document>
</collection>
