<?xml version="1.0" encoding="UTF-8"?>
<!DOCTYPE collection SYSTEM "BioC.dtd">
<collection>
  <source>BioC-API</source>
  <date>20250411</date>
  <key>collection.key</key>
  <document>
    <id>23631187</id>
    <infon key="tt_curatable">no</infon>
    <infon key="tt_version">0</infon>
    <infon key="tt_round">0</infon>
    <passage>
      <infon key="type">title</infon>
      <offset>0</offset>
      <text>[Atrial fibrillation in Graves' disease].</text>
    </passage>
    <passage>
      <infon key="type">abstract</infon>
      <offset>42</offset>
      <text>Heart is easy to be affected by the abnormal thyroid function because cardiac muscle cells have many thyroid hormone receptors. In addition, thyroid hormone goes higher sensitivity to sympathetic nerve as it increases the number of myocardial beta receptor. Therefore, when the thyroid hormone is excessive value, tachycardia and atrial fibrillation may occur regardless of the cause. The atrial fibrillation in Graves' disease can expect spontaneous reversion to sinus rhythm when the hyperthyroidism is controlled. However, cardioversion is indicated for patients who have not returned to sinus rhythm for at least 3 months after the hyperthyroidism is controlled. In this paper, we report the relationship between hyperthyroidism and heart, and the treatment of atrial fibrillation in Graves' disease.</text>
    </passage>
  </document>
</collection>
