<?xml version="1.0" encoding="UTF-8"?>
<!DOCTYPE collection SYSTEM "BioC.dtd">
<collection>
  <source>BioC-API</source>
  <date>20250411</date>
  <key>collection.key</key>
  <document>
    <id>23935020</id>
    <infon key="tt_curatable">no</infon>
    <infon key="tt_version">0</infon>
    <infon key="tt_round">0</infon>
    <passage>
      <infon key="type">title</infon>
      <offset>0</offset>
      <text>Myeloma plasma cells alter the bone marrow microenvironment by stimulating the proliferation of mesenchymal stromal cells.</text>
    </passage>
    <passage>
      <infon key="type">abstract</infon>
      <offset>123</offset>
      <text>Multiple myeloma is an incurable hematologic cancer characterized by the clonal proliferation of malignant plasma cells within the bone marrow. Numerous studies suggest that the myeloma plasma cells occupy and alter the stromal tissue of the bone marrow as a means of enhancing their survival and growth. However, the nature and magnitude of the changes to the stromal cell tissue remain to be determined. In this study, we used mesenchymal stromal cell and osteoblast-related cell surface marker expression (STRO-1 and alkaline phosphatase, respectively) and flow cytometry to enumerate mesenchymal stromal cell and osteoblast numbers in bone marrow recovered from myeloma patients at the time of diagnosis. Using this approach, we identified an increase in the number of STRO-1 positive colony forming mesenchymal stromal cells and a concomitant decrease in alkaline phophatase osteoblasts. Notably, this increase in mesenchymal stromal cell numbers correlated closely with plasma cell burden at the time of diagnosis. In addition, in comparison with the osteoblast population, the STRO-1+ mesenchymal stromal cell population was found to express higher levels of plasma cell- and osteoclast-activating factors, including RANKL and IL-6, providing a mechanism by which an increase in mesenchymal stromal cells may promote and aid the progression of myeloma. Importantly, these findings were faithfully replicated in the C57BL/KaLwRij murine model of myeloma, suggesting that this model may present a unique and clinically relevant system in which to identify and therapeutically modulate the bone microenvironment and, in turn, alter the progression of myeloma disease. </text>
    </passage>
  </document>
</collection>
