<?xml version="1.0" encoding="UTF-8"?>
<!DOCTYPE collection SYSTEM "BioC.dtd">
<collection>
  <source>BioC-API</source>
  <date>20250411</date>
  <key>collection.key</key>
  <document>
    <id>24084093</id>
    <infon key="tt_curatable">no</infon>
    <infon key="tt_version">0</infon>
    <infon key="tt_round">0</infon>
    <passage>
      <infon key="type">title</infon>
      <offset>0</offset>
      <text>Ultrastructural localization of GPR179 and the impact of mutant forms on retinal function in CSNB1 patients and a mouse model.</text>
    </passage>
    <passage>
      <infon key="type">abstract</infon>
      <offset>127</offset>
      <text>PURPOSE: Complete congenital stationary night blindness (CSNB1) is characterized by loss of night vision due to a defect in the retinal ON-bipolar cells (BCs). Mutations in GPR179, encoding the G-protein-coupled receptor 179, have been found in CSNB1 patients. In the mouse, GPR179 is localized to the tips of ON-BC dendrites. In this study we determined the ultrastructural localization of GPR179 in human retina and determined the functional consequences of mutations in GPR179 in patients and mice. METHODS: The localization of GRP179 was analyzed in postmortem human retinas with immunohistochemistry. The functional consequences of the loss of GPR179 were analyzed with standard and 15-Hz flicker ERG protocols. RESULTS: In the human retina, GPR179 is localized on the tips of ON-BC dendrites, which invaginate photoreceptors and terminate juxtaposed to the synaptic ribbon. The 15-Hz flicker ERG abnormalities found in patients with mutations in GPR179 more closely resemble those from patients with mutations in either TRPM1 or NYX than in GRM6. 15-Hz flicker ERG abnormalities of Gpr179(nob5) and Grm6(nob3) mice were comparable. CONCLUSIONS: GRP179 is expressed on dendrites of ON-BCs, indicating that GRP179 is involved in the ON-BCs' signaling cascade. The similarities of 15-Hz flicker ERGs noted in GPR179 patients and NYX or TRPM1 patients suggest that the loss of GPR179 leads to the loss or closure of TRPM1 channels. The difference between the 15-Hz flicker ERGs of mice and humans indicates the presence of important species differences in the retinal activity that this signal represents.</text>
    </passage>
  </document>
</collection>
