<?xml version="1.0" encoding="UTF-8"?>
<!DOCTYPE collection SYSTEM "BioC.dtd">
<collection>
  <source>BioC-API</source>
  <date>20250411</date>
  <key>collection.key</key>
  <document>
    <id>24145314</id>
    <infon key="tt_curatable">no</infon>
    <infon key="tt_version">0</infon>
    <infon key="tt_round">0</infon>
    <passage>
      <infon key="type">title</infon>
      <offset>0</offset>
      <text>Pathogenic mechanisms and clinical implications of congenital neutropenia syndromes.</text>
    </passage>
    <passage>
      <infon key="type">abstract</infon>
      <offset>85</offset>
      <text>PURPOSE OF REVIEW: The purpose of this review is to summarize pathogenic mechanisms and clinical implications of the most illustrative genetic entities of congenital neutropenia syndromes. RECENT FINDINGS: Congenital neutropenia comprise monogenetic entities with or without additional immunologic and extrahaematopoietic syndromatic features. Continuous careful explorations of known entities such as ELANE, GFI1, HAX1, G6PC3 deficiency and XLN help to define principles controlling differentiation and function of neutrophil granulocytes. Furthermore, the identification of novel genetic defects associated with congenital neutropenia, such as VPS45 deficiency, broadens our understanding of neutrophil biology. Pathogenic mechanisms imply protein and vesicle mistrafficking, endoplasmic reticulum stress, the unfolded protein response, destabilization of the mitochondrial membrane potential, disturbed energy metabolism, dysglycosylation and deregulated actin polymerization. SUMMARY: Advanced genetic and biochemical techniques have helped to expand our knowledge of congenital neutropenia syndromes. Known and novel genetic entities shed light on fundamental biological processes important for the homeostatis and functioning not only of the neutrophil granulocyte but as well of the entire haematopoietic system. Furthermore, treatment decisions become more tailored and might pave the road towards personalized molecular medicine.</text>
    </passage>
  </document>
</collection>
