<?xml version="1.0" encoding="UTF-8"?>
<!DOCTYPE collection SYSTEM "BioC.dtd">
<collection>
  <source>BioC-API</source>
  <date>20250411</date>
  <key>collection.key</key>
  <document>
    <id>24312718</id>
    <infon key="tt_curatable">no</infon>
    <infon key="tt_version">0</infon>
    <infon key="tt_round">0</infon>
    <passage>
      <infon key="type">title</infon>
      <offset>0</offset>
      <text>A novel germline mutation in exon 10 of the SMAD4 gene in a familial juvenile polyposis.</text>
    </passage>
    <passage>
      <infon key="type">abstract</infon>
      <offset>89</offset>
      <text>Familial juvenile polyposis (FJP) is a rare autosomal dominant hereditary disorder that is characterized by the development of multiple distinct juvenile polyps in the gastrointestinal tract and an increased risk of cancer. Recently, germline mutations, including mutations in the SMAD4, BMPR1A, PTEN and, possibly, ENG genes, have been found in patients with juvenile polyps. We herein report a family with juvenile polyposis syndrome (JPS) with a novel germline mutation in the SMAD4 gene. A 21-year-old man presented with rectal bleeding and was found to have multiple polyps in his stomach, small bowel, and colon. His mother had a history of gastrectomy for multiple gastric polyps with anemia and a history of colectomy for colon cancer. A review of the histology of the polyps revealed juvenile polyps in both patients. Subsequently, mutation screening in DNA samples from the patients revealed a germline mutation in the SMAD4 gene. The pair had a novel mutation in exon 10 (stop codon at tyrosine 413). To our knowledge, this mutation has not been previously described. Careful family history collection and genetic screening in JPS patients are needed to identify FJP, and regular surveillance is recommended. </text>
    </passage>
  </document>
</collection>
