<?xml version="1.0" encoding="UTF-8"?>
<!DOCTYPE collection SYSTEM "BioC.dtd">
<collection>
  <source>BioC-API</source>
  <date>20250411</date>
  <key>collection.key</key>
  <document>
    <id>25170770</id>
    <infon key="tt_curatable">no</infon>
    <infon key="tt_version">0</infon>
    <infon key="tt_round">0</infon>
    <passage>
      <infon key="type">title</infon>
      <offset>0</offset>
      <text>Spatio-temporal changes of lymphatic contractility and drainage patterns following lymphadenectomy in mice.</text>
    </passage>
    <passage>
      <infon key="type">abstract</infon>
      <offset>108</offset>
      <text>OBJECTIVE: To investigate the redirection of lymphatic drainage post-lymphadenectomy using non-invasive near-infrared fluorescence (NIRF) imaging, and to subsequently assess impact on metastasis. BACKGROUND: Cancer-acquired lymphedema arises from dysfunctional fluid transport after lymphadenectomy performed for staging and to disrupt drainage pathways for regional control of disease. However, little is known about the normal regenerative processes of the lymphatics in response to lymphadenectomy and how these responses can be accelerated, delayed, or can impact metastasis. METHODS: Changes in lymphatic "pumping" function and drainage patterns were non-invasively and longitudinally imaged using NIRF lymphatic imaging after popliteal lymphadenectomy in mice. In a cohort of mice, B16F10 melanoma was inoculated on the dorsal aspect of the paw 27 days after lymphadenectomy to assess how drainage patterns affect metastasis. RESULTS: NIRF imaging demonstrates that, although lymphatic function and drainage patterns change significantly in early response to popliteal lymph node (PLN) removal in mice, these changes are transient and regress dramatically due to a high regenerative capacity of the lymphatics and co-opting of collateral lymphatic pathways around the site of obstruction. Metastases followed the pattern of collateral pathways and could be detected proximal to the site of lymphadenectomy. CONCLUSIONS: Both lymphatic vessel regeneration and co-opting of contralateral vessels occur following lymphadenectomy, with contractile function restored within 13 days, providing a basis for preclinical and clinical investigations to hasten lymphatic repair and restore contractile lymphatic function after surgery to prevent cancer-acquired lymphedema. Patterns of cancer metastasis after lymphadenectomy were altered, consistent with patterns of re-directed lymphatic drainage.</text>
    </passage>
  </document>
</collection>
