<?xml version="1.0" encoding="UTF-8"?>
<!DOCTYPE collection SYSTEM "BioC.dtd">
<collection>
  <source>BioC-API</source>
  <date>20250411</date>
  <key>collection.key</key>
  <document>
    <id>25412050</id>
    <infon key="tt_curatable">no</infon>
    <infon key="tt_version">0</infon>
    <infon key="tt_round">0</infon>
    <passage>
      <infon key="type">title</infon>
      <offset>0</offset>
      <text>Examination of the Early Diagnostic Applicability of Active Dynamic Thermography for Burn Wound Depth Assessment and Concept Analysis.</text>
    </passage>
    <passage>
      <infon key="type">abstract</infon>
      <offset>135</offset>
      <text>Despite advances in perfusion imaging, burn wound imaging technology continues to lag behind that of other fields. Quantification of blood flow is able to predict time for healing, but clear assessment of burn depth is still questionable. Active dynamic thermography (ADT) is a noncontact imaging modality capable of distinguishing tissue of different thermal conductivities. Utilizing the abnormal heat transfer properties of the burn zones, we examined whether ADT was useful in the determination of burn depth in a model of early burn wound evaluation. Duroc pigs (castrated male; n = 3) were anesthetized, and two burns were created with an aluminum billet at 3 and 12 seconds. These contact times resulted in superficial partial and deep partial thickness burn wounds, respectively. ADT and laser Doppler imaging (LDI) imaging were performed every 30 minutes postburn for a total of five imaging sessions ending 150 minutes postburn. For ADT, imaging excitation was performed for 42-120 seconds with dual quartz-infrared lamps, and subsequent infrared image capture was performed for 300 seconds. MATLAB-assisted image analysis was performed to determine burn zone region of interest thermal relaxation and characteristic patterns. LDI was performed with a moorLDI system, and biopsies were captured for histology following the 150-minute imaging session. Both ADT and LDI imaging modalities are able to detect different physical properties at 30, 60, 90 120, and 150 minutes postburn with statistical significance (P &lt; 0.05). Resultant ADT cooling curves characterize greater differences with greater stimulation and a potentially more identifiable differential cooling characteristic. Histological analysis confirmed burn depth. This preliminary work confirms that ADT can measure burn depth and is deserving of further research either as a stand-alone imaging technology or in combination with a device to assess perfusion. </text>
    </passage>
  </document>
</collection>
