<?xml version="1.0" encoding="UTF-8"?>
<!DOCTYPE collection SYSTEM "BioC.dtd">
<collection>
  <source>BioC-API</source>
  <date>20250411</date>
  <key>collection.key</key>
  <document>
    <id>25502178</id>
    <infon key="tt_curatable">no</infon>
    <infon key="tt_version">0</infon>
    <infon key="tt_round">0</infon>
    <passage>
      <infon key="type">title</infon>
      <offset>0</offset>
      <text>A modified murine model of systemic sclerosis: bleomycin given by pump infusion induced skin and pulmonary inflammation and fibrosis.</text>
    </passage>
    <passage>
      <infon key="type">abstract</infon>
      <offset>134</offset>
      <text>Daily subcutaneous (sc) injection of bleomycin (BLM) causes dermal fibrosis but rarely causes lung changes in mice. There are also significant disadvantages to this traditional model for systemic sclerosis, including a variable distribution of lesions and a requirement for repetitive procedures. The present study was undertaken to develop a convenient method of BLM administration that yields stable dermal inflammation and fibrosis with extensive and reproducible interstitial lung disease (ILD) in mice. Osmotic minipumps containing BLM (150 mg/kg) or saline were implanted sc in C57BL/6 mice and the drug was delivered as a continuous infusion over 1∼4 weeks. The time course of morphological features, collagen content, and pro-inflammatory cytokine expression in the skin and the lungs were analyzed. Pathological examination demonstrated dominant inflammatory infiltrates at week 1 and significant fibrosis at week 4. Decreased microvessel density and increased myofibroblast counts were observed in the skin of BLM-treated mice at week 4. In addition, there were obvious increases in dermal infiltration of CD45(+) leukocytes, including F4/80(+) macrophages, Gr-1(+) neutrophils, and CD3(+) T lymphocytes in BLM-treated mice. IL-1β, IL-4, and CXCL2 transcripts were continually upregulated by BLM in the skin and lung tissues. In addition, lungs from BLM-treated mice showed significant inflammatory infiltrates and confluent subpleural fibrosis at week 4. In conclusion, this modified murine model for drug-induced systemic inflammation and fibrosis uses a single procedure and provides reproducible skin and lung lesions, mimicking human systemic sclerosis (SSc) with ILD-like manifestation.</text>
    </passage>
  </document>
</collection>
