<?xml version="1.0" encoding="UTF-8"?>
<!DOCTYPE collection SYSTEM "BioC.dtd">
<collection>
  <source>BioC-API</source>
  <date>20250411</date>
  <key>collection.key</key>
  <document>
    <id>25875942</id>
    <infon key="tt_curatable">no</infon>
    <infon key="tt_version">0</infon>
    <infon key="tt_round">0</infon>
    <passage>
      <infon key="type">title</infon>
      <offset>0</offset>
      <text>LPSF/GQ-02 inhibits the development of hepatic steatosis and inflammation in a mouse model of non-alcoholic fatty liver disease (NAFLD).</text>
    </passage>
    <passage>
      <infon key="type">abstract</infon>
      <offset>137</offset>
      <text>Non-alcoholic fatty liver disease (NAFLD) defines a wide spectrum of liver diseases that extends from simple steatosis to non-alcoholic steatohepatitis. Although the pathogenesis of NAFLD remains undefined, it is recognized that insulin resistance is present in almost all patients who develop this disease. Thiazolidinediones (TZDs) act as an insulin sensitizer and have been used in the treatment of patients with type 2 diabetes and other insulin-resistant conditions, including NAFLD. Hence, therapy of NAFLD with insulin-sensitizing drugs should ideally improve the key hepatic histological changes, while also reducing cardiometabolic and cancer risks. Controversially, TZDs are associated with the development of cardiovascular events and liver problems. Therefore, there is a need for the development of new therapeutic strategies to improve liver function in patients with chronic liver diseases. The aim of the present study was to assess the therapeutic effects of LPSF/GQ-02 on the liver of LDLR-/- mice after a high-fat diet. Eighty male mice were divided into 4 groups and two different experiments: 1-received a standard diet; 2-fed with a high-fat diet (HFD); 3-HFD+pioglitazone; 4-HFD+LPSF/GQ-02. The experiments were conducted for 10 or 12 weeks and in the last two or four weeks respectively, the drugs were administered daily by gavage. The results obtained with an NAFLD murine model indicated that LPSF/GQ-02 was effective in improving the hepatic architecture, decreasing fat accumulation, reducing the amount of collagen, decreasing inflammation by reducing IL-6, iNOS, COX-2 and F4 / 80, and increasing the protein expression of IκBα, cytoplasmic NFκB-65, eNOS and IRS-1 in mice LDLR -/-. These results suggest a direct action by LPSF/GQ-02 on the factors that affect inflammation, insulin resistance and fat accumulation in the liver of these animals. Further studies are being conducted in our laboratory to investigate the possible mechanism of action of LPSF/GQ-02 on hepatic lipid metabolism. </text>
    </passage>
  </document>
</collection>
