<?xml version="1.0" encoding="UTF-8"?>
<!DOCTYPE collection SYSTEM "BioC.dtd">
<collection>
  <source>BioC-API</source>
  <date>20250411</date>
  <key>collection.key</key>
  <document>
    <id>26046127</id>
    <infon key="tt_curatable">no</infon>
    <infon key="tt_version">0</infon>
    <infon key="tt_round">0</infon>
    <passage>
      <infon key="type">title</infon>
      <offset>0</offset>
      <text>Urine and serum metabolomic profiling reveals that bile acids and carnitine may be potential biomarkers of primary biliary cirrhosis.</text>
    </passage>
    <passage>
      <infon key="type">abstract</infon>
      <offset>134</offset>
      <text>In order to provide non-invasive, reliable and sensitive laboratory parameters for the diagnosis of primary biliary cirrhosis (PBC), metabolic technology of ultraperformance liquid chromatography coupled with quadrupole-time-of-flight mass spectrometry (UPLC/Q-TOF MS) was used to compare small molecule metabolites in blood and urine from patients with PBC and healthy controls. We then screened for bio-markers in the blood and urine of the patients with PBC. Data were processed by Bruker ProfileAnalysis metabonomic software and imported to SIMCA-P software, which utilized principal component analysis (PCA) to create models of patients with PBC and healthy controls. In total, 18 urinary markers were found and the levels of 11 of these urinary markers were elevated in the patients with PBC, whereas the levels of the remaining 7 markers were lower in the PBC group compared to the control group. We also identified 20 blood-based biomarkers in the patients with PBC and the levels of 9 of these markers were higher in the PBC group, whereas the levels of the remaining 11 markers were lower in the patients with PBC compared to the controls. Among these biomarkers, the levels of bile acids increased with the progression of PBC, while the levels of carnitines, such as propionyl carnitine and butyryl carnitine, decreased with the progression of PBC. In conclusion, the findings of the present study suggest that the circulating levels of bile acids and carnitine are differentially altered in patients with PBC.</text>
    </passage>
  </document>
</collection>
