<?xml version="1.0" encoding="UTF-8"?>
<!DOCTYPE collection SYSTEM "BioC.dtd">
<collection>
  <source>BioC-API</source>
  <date>20250411</date>
  <key>collection.key</key>
  <document>
    <id>26097058</id>
    <infon key="tt_curatable">no</infon>
    <infon key="tt_version">0</infon>
    <infon key="tt_round">0</infon>
    <passage>
      <infon key="type">title</infon>
      <offset>0</offset>
      <text>Dysregulated osteoclastogenesis is related to natural killer T cell dysfunction in rheumatoid arthritis.</text>
    </passage>
    <passage>
      <infon key="type">abstract</infon>
      <offset>105</offset>
      <text>OBJECTIVE: To investigate the role played by natural killer T (NKT) cells in osteoclastogenesis and their effects on inflammatory bone destruction. METHODS: Patients with rheumatoid arthritis (RA) (n = 25) and healthy controls (n = 12) were enrolled in this study. In vitro osteoclastogenesis experiments were performed using peripheral blood mononuclear cells (PBMCs) in the presence of macrophage colony-stimulating factor and RANKL. PBMCs were cultured in vitro with α-galactosylceramide (αGalCer), and proliferation indices of NKT cells were estimated by flow cytometry. In vivo effects of αGalCer-stimulated NKT cells on inflammation and bone destruction were determined in mice with collagen-induced arthritis. RESULTS: In vitro osteoclastogenesis was found to be significantly inhibited by αGalCer in healthy controls but not in RA patients. Proliferative responses of NKT cells and STAT-1 phosphorylation in monocytes in response to αGalCer were impaired in RA patients. Notably, αGalCer-stimulated NKT cells inhibited osteoclastogenesis mainly via interferon-γ production in a cytokine-dependent manner (not by cell-cell contact) and down-regulated osteoclast-associated genes. Mice treated with αGalCer showed less severe arthritis and reduced bone destruction. Moreover, proinflammatory cytokine expression in arthritic joints was found to be reduced by αGalCer treatment. CONCLUSION: This study primarily demonstrates that αGalCer-stimulated NKT cells have a regulatory effect on osteoclastogenesis and a protective effect against inflammatory bone destruction. However, it also shows that these effects of αGalCer are diminished in RA patients and that this is related to NKT cell dysfunction. These findings provide important information for those searching for novel therapeutic strategies to prevent bone destruction in RA.</text>
    </passage>
  </document>
</collection>
