<?xml version="1.0" encoding="UTF-8"?>
<!DOCTYPE collection SYSTEM "BioC.dtd">
<collection>
  <source>BioC-API</source>
  <date>20250411</date>
  <key>collection.key</key>
  <document>
    <id>26446828</id>
    <infon key="tt_curatable">no</infon>
    <infon key="tt_version">0</infon>
    <infon key="tt_round">0</infon>
    <passage>
      <infon key="type">title</infon>
      <offset>0</offset>
      <text>A peptidomimetic inhibitor suppresses the inducibility of β1-adrenergic autoantibody-mediated cardiac arrhythmias in the rabbit.</text>
    </passage>
    <passage>
      <infon key="type">abstract</infon>
      <offset>132</offset>
      <text>PURPOSE: Previous studies demonstrated that burst pacing and subthreshold infusion of acetylcholine in β1-adrenergic receptor (β1AR)-immunized rabbits induced sustained sinus tachycardia. The aim of this study was to examine the anti-arrhythmogenic effect of a newly designed retro-inverso (RI) peptidomimetic inhibitor that specifically targets the β1AR antibodies in the rabbit. METHODS: Six New Zealand white rabbits were immunized with a β1AR second extracellular loop peptide to produce sympathomimetic β1AR antibodies. A catheter-based electrophysiological study was performed on anesthetized rabbits before and after immunization and subsequent treatment with the RI peptide inhibitor. Each rabbit served as its own control. RESULTS: No sustained arrhythmias were induced at preimmune baseline. At 6 weeks after immunization, there was a marked increase in induced sustained tachyarrhythmias, predominantly sinus tachycardia, which was largely suppressed by the RI peptide. The atrial effective refractory period was shortened significantly in immunized rabbits compared to their preimmune state. The RI peptide reversed and prolonged this shortening. β1AR antibody levels were negatively correlated with the atrial effective refractory period. Postimmune sera-induced β1AR activation in transfected cells in vitro was also blocked by the RI peptide. CONCLUSIONS: β1AR-activating autoantibodies are associated with reduction of the atrial effective refractory period and facilitate arrhythmia induction in this model. The RI peptide reversal may have important therapeutic implications in subjects who harbor these autoantibodies.</text>
    </passage>
  </document>
</collection>
