<?xml version="1.0" encoding="UTF-8"?>
<!DOCTYPE collection SYSTEM "BioC.dtd">
<collection>
  <source>BioC-API</source>
  <date>20250411</date>
  <key>collection.key</key>
  <document>
    <id>26655920</id>
    <infon key="tt_curatable">no</infon>
    <infon key="tt_version">0</infon>
    <infon key="tt_round">0</infon>
    <passage>
      <infon key="type">title</infon>
      <offset>0</offset>
      <text>Prevention of Postsurgical Lymphedema by 9-cis Retinoic Acid.</text>
    </passage>
    <passage>
      <infon key="type">abstract</infon>
      <offset>62</offset>
      <text>OBJECTIVE: To determine the effect of 9-cis retinoic acid (9-cis RA) on postsurgical lymphedema. BACKGROUND: 9-cis RA promotes lymphangiogenesis in vitro and in vivo and has promise as a therapeutic agent to limit the development of postsurgical lymphedema. METHODS: Lymphedema was induced in the right hind limb after a single fraction of 20 Gy radiation, popliteal lymphadenectomy, and lymphatic vessel ablation. Postoperatively, mice were randomly divided in to 2 groups that received daily intraperitoneal injections of either (1) an oil-based vehicle solution (control) or (2) 0.08 mg/kg of 9-cis RA dissolved in a vehicle solution. Outcome measures included paw thickness, lymphatic drainage, and lymphatic vessel density as measured by podoplanin immunohistochemistry and whole mount skin analysis. RESULTS: Using our combined injury protocol, postsurgical lymphedema was observed 89% of the time. 9-cis RA-treated animals had less early postsurgical edema and significantly less paw lymphedema compared with vehicle-treated animals at all time-points (P &lt; 0.001). 9-cis RA-treated animals had significantly faster lymphatic drainage as measured by indocyanine green clearance and increased lymphatic vessel density as measured by podoplanin immunohistochemistry (P &lt; 0.001) and whole mount skin analysis (P &lt; 0.05). CONCLUSIONS: We have developed a highly reproducible model of secondary lymphedema and have demonstrated that 9-cis RA significantly prevents postsurgical lymphedema. Treatment with 9-cis RA is associated with increased lymphatic clearance and lymphangiogenesis. Because 9-cis RA (alitretinoin) is already approved for clinical use by the US Food and Drug Administration for other conditions, it has the potential to be repurposed as a preventative agent for postsurgical lymphedema in humans.</text>
    </passage>
  </document>
</collection>
