<?xml version="1.0" encoding="UTF-8"?>
<!DOCTYPE collection SYSTEM "BioC.dtd">
<collection>
  <source>BioC-API</source>
  <date>20250411</date>
  <key>collection.key</key>
  <document>
    <id>26832833</id>
    <infon key="tt_curatable">no</infon>
    <infon key="tt_version">0</infon>
    <infon key="tt_round">0</infon>
    <passage>
      <infon key="type">title</infon>
      <offset>0</offset>
      <text>Effects of Melatonin on Oxidative Stress Index and Alveolar Bone Loss in Diabetic Rats With Periodontitis.</text>
    </passage>
    <passage>
      <infon key="type">abstract</infon>
      <offset>107</offset>
      <text>BACKGROUND: The aim of this study is to evaluate the effects of systemic melatonin treatment on serum oxidative stress index (OSI) and alveolar bone loss (ABL) in rats with diabetes mellitus (DM) and periodontitis. METHODS: Seventy Sprague Dawley rats were divided into control, experimentally induced periodontitis (EP), DM, EP-DM, EP and melatonin treatment (EP-MEL), DM and melatonin treatment (DMMEL), and EP-DM-MEL groups. DM was induced by alloxan, after which periodontitis was induced by ligature for 4 weeks. After removal of the ligature, the rats in the melatonin groups (EP-MEL, DM-MEL, and EP-DM-MEL) were treated with a single dose of melatonin (10 mg/body weight) every day for 14 consecutive days. At the end of the study, all of the rats were euthanized, and intracardiac blood samples and mandible tissues were obtained for biochemical and histologic analyses. Serum levels of total oxidant status/total antioxidant status and OSI were measured. In addition, neutrophil and osteoclast densities and myeloperoxidase activities were determined in gingival tissue homogenates, and ABL was evaluated with histometric measurements. RESULTS: Melatonin treatment significantly reduced fasting plasma glucose levels in the rats with DM. In addition, reduced OSI and ABL levels were detected in the EP-MEL and DM-MEL groups; the reductions in the EP-DM-MEL group were found to be more prominent. Melatonin also significantly decreased the increased myeloperoxidase activities and osteoclast and neutrophil densities in the EP, DM, and EP-DM groups. CONCLUSION: It is revealed in this experimental study that melatonin significantly inhibited hyperglycemia-induced oxidative stress and ABL through antiDM and antioxidant effects in rats with DM and periodontitis.</text>
    </passage>
  </document>
</collection>
