<?xml version="1.0" encoding="UTF-8"?>
<!DOCTYPE collection SYSTEM "BioC.dtd">
<collection>
  <source>BioC-API</source>
  <date>20250411</date>
  <key>collection.key</key>
  <document>
    <id>27099224</id>
    <infon key="tt_curatable">no</infon>
    <infon key="tt_version">0</infon>
    <infon key="tt_round">0</infon>
    <passage>
      <infon key="type">title</infon>
      <offset>0</offset>
      <text>[Adrenalitis].</text>
    </passage>
    <passage>
      <infon key="type">abstract</infon>
      <offset>15</offset>
      <text>Inflammation of the adrenal glands is caused by autoimmunopathies or infections and can induce adrenal insufficiency. Autoimmune lymphocytic adrenalitis is often combined with other autoimmune diseases and the most frequent cause of Addison's disease; however, it only becomes clinically apparent when more than 90 % of the adrenal cortex has been destroyed. Histological features are characterized by lymphoplasmacytic inflammation leading to an increased destruction of adrenocortical tissue but less severe courses can also occur. The second most frequent form of adrenalitis is adrenal tuberculosis, showing typical granulomatous findings that are nearly always caused by spreading from a tuberculous pulmonary focus. Other bacterial as well as viral infections, such as Epstein-Barr virus (EBV), cytomegalovirus (CMV) and others, generally affect the adrenal glands only in patients with immunodeficiency disorders. In these infections, the adrenal cortex and medulla are frequently involved to roughly the same extent. Although surgical specimens from inflammatory adrenal lesions are extremely rare, the various forms of adrenalitis play an important role in the post-mortem examination of the adrenal glands for clarification of unclear causes of death (e.g. death during an Addisonian crisis). </text>
    </passage>
  </document>
</collection>
