<?xml version="1.0" encoding="UTF-8"?>
<!DOCTYPE collection SYSTEM "BioC.dtd">
<collection>
  <source>BioC-API</source>
  <date>20250411</date>
  <key>collection.key</key>
  <document>
    <id>27252160</id>
    <infon key="tt_curatable">no</infon>
    <infon key="tt_version">0</infon>
    <infon key="tt_round">0</infon>
    <passage>
      <infon key="type">title</infon>
      <offset>0</offset>
      <text>The VCD Mouse Model of Menopause and Perimenopause for the Study of Sex Differences in Cardiovascular Disease and the Metabolic Syndrome.</text>
    </passage>
    <passage>
      <infon key="type">abstract</infon>
      <offset>138</offset>
      <text>In females, menopause, the cessation of menstrual cycling, is associated with an increase in risk for several diseases such as cardiovascular disease, osteoporosis, diabetes, the metabolic syndrome, and ovarian cancer. The majority of women enter menopause via a gradual reduction of ovarian function over several years (perimenopause) and retain residual ovarian tissue. The VCD mouse model of menopause (ovarian failure in rodents) is a follicle-deplete, ovary-intact animal that more closely approximates the natural human progression through perimenopause and into the postmenopausal stage of life. In this review, we present the physiological parameters of how to use the VCD model and explore the VCD model and its application into the study of postmenopausal disease mechanisms, focusing on recent murine studies of diabetic kidney disease, the metabolic syndrome, and hypertension.</text>
    </passage>
  </document>
</collection>
