<?xml version="1.0" encoding="UTF-8"?>
<!DOCTYPE collection SYSTEM "BioC.dtd">
<collection>
  <source>BioC-API</source>
  <date>20250411</date>
  <key>collection.key</key>
  <document>
    <id>27356126</id>
    <infon key="tt_curatable">no</infon>
    <infon key="tt_version">0</infon>
    <infon key="tt_round">0</infon>
    <passage>
      <infon key="type">title</infon>
      <offset>0</offset>
      <text>Colonic mucosal N-methyl-D-aspartate receptor mediated visceral hypersensitivity in a mouse model of irritable bowel syndrome.</text>
    </passage>
    <passage>
      <infon key="type">abstract</infon>
      <offset>127</offset>
      <text>OBJECTIVE: The aim of this study was to investigate whether colonic mucosal N-methyl-D-aspartate receptor (NMDAR) participates in visceral hypersensitivity in irritable bowel syndrome (IBS). METHODS: C57BL/6 mice were administered intrarectally with trinitrobenzenesulfonic acid (TNBS) for the establishment of an IBS-like visceral hypersensitivity model. Those received an equivalent volume of 50% ethanol were regarded as the controls. Abdominal withdrawal reflex (AWR) scores in response to colorectal distention (CRD) were used to assess visceral sensitivity. NMDAR levels in the colonic mucosa were detected by both immunohistochemistry and Western blot. The concentrations of glutamate and ammonia in the feces of the mice were measured. Changes in visceral sensitivity after the intracolonic administration of ammonia or NMDAR antagonist were recorded. RESULTS: The established IBS-like mouse model of visceral hypersensitivity showed no evident inflammation in the colon. NMDAR levels in the colonic mucosa of the IBS-like mice were significantly higher compared with the controls, and were positively associated with AWR scores. The glutamate level in the feces of the TNBS-treated mice was similar to that of the controls, although the ammonia level was significantly higher. Intracolonic administration of ammonia induced visceral hypersensitivity in mice, which was repressed by pretreatment with NMDAR antagonist MK801. CONCLUSIONS: Overexpressed NMDAR in the colonic mucosa may participate in the pathogenesis of visceral hypersensitivity in IBS. Our study identifies the effect of ammonia in the colonic lumen on NMDAR in the colonic mucosa as a potential novel targeted mechanism for IBS treatment.</text>
    </passage>
  </document>
</collection>
