<?xml version="1.0" encoding="UTF-8"?>
<!DOCTYPE collection SYSTEM "BioC.dtd">
<collection>
  <source>BioC-API</source>
  <date>20250411</date>
  <key>collection.key</key>
  <document>
    <id>27564527</id>
    <infon key="tt_curatable">no</infon>
    <infon key="tt_version">0</infon>
    <infon key="tt_round">0</infon>
    <passage>
      <infon key="type">title</infon>
      <offset>0</offset>
      <text>Exploration of candidate biomarkers for human psoriasis based on gas chromatography-mass spectrometry serum metabolomics.</text>
    </passage>
    <passage>
      <infon key="type">abstract</infon>
      <offset>122</offset>
      <text>BACKGROUND: Recent studies have shown that dysregulated metabolic pathways are linked to psoriasis pathogenesis. However, an extensive, unbiased metabolic analysis in patients with psoriasis has not been completely explored. The metabolome represents the end products of proteomics or cellular processes that may be closely associated with the pathogenesis of psoriasis. OBJECTIVES: To determine the differences in serum metabolomic profiles among patients with psoriasis and healthy controls with the goal of identifying potential biomarkers in patients with psoriasis. MATERIALS AND METHODS: Serum metabolomic profiles from 29 subjects (14 patients with psoriasis and 15 sex- and age-matched healthy controls). The serum metabolites were analysed by gas chromatography-mass spectrometry based on a combined full scan and selected-ion monitoring mode. RESULTS: Multivariate statistical analysis of metabolomics data revealed altered serum metabolites between the patients with psoriasis and healthy individuals. Compared with healthy individuals, patients with psoriasis had higher levels of amino acids including asparagine, aspartic acid, isoleucine, phenylalanine, ornithine and proline; higher levels of lactic acid and urea; and lower levels of crotonic acid, azelaic acid, ethanolamine and cholesterol. CONCLUSIONS: It appears that the glycolysis pathway and amino acid metabolic activity are increased in patients with psoriasis. These metabolic perturbations may stem from increased demand for protein biosynthesis and keratinocyte hyperproliferation. Our findings may help to elucidate the pathogenesis of psoriasis and provide insights into early diagnosis and therapeutic intervention.</text>
    </passage>
  </document>
</collection>
