<?xml version="1.0" encoding="UTF-8"?>
<!DOCTYPE collection SYSTEM "BioC.dtd">
<collection>
  <source>BioC-API</source>
  <date>20250411</date>
  <key>collection.key</key>
  <document>
    <id>27859254</id>
    <infon key="tt_curatable">no</infon>
    <infon key="tt_version">0</infon>
    <infon key="tt_round">0</infon>
    <passage>
      <infon key="type">title</infon>
      <offset>0</offset>
      <text>Influence of experimental periodontitis on cardiac oxidative stress in rats: a biochemical and histomorphometric study.</text>
    </passage>
    <passage>
      <infon key="type">abstract</infon>
      <offset>120</offset>
      <text>BACKGROUND AND OBJECTIVE: The role of oxidative stress in the process of cardiac remodeling, hypertrophy and heart failure is a current topic. The purpose of this experimental study was to investigate the influences of periodontitis on levels of cardiac oxidative stress. MATERIAL AND METHODS: Twenty rats were separated into two groups: control and experimental periodontitis (EP). Periodontitis was induced by placing a 3.0 silk suture in the cervix of the left and right mandibular first molar teeth for 5 wk. At the end of the experiment, the animals were killed and blood samples and mandibular and ventricular cardiac tissue samples were collected. Levels of alveolar bone loss were determined using measurements performed on histological slices and radiographies. Left ventricular tissue 8-hydroxy-2'-deoxyguanosine, malonylaldehyde, glutathione peroxidase, total oxidant status, total antioxidant status (TAS) levels and serum paraoxonase-1 activity were evaluated biochemically. RESULTS: Measurements performed on the histological slices and radiographies demonstrated that applying the ligature caused obvious alveolar bone loss. Oxidative damage markers (malonylaldehyde, 8-hydroxy-2'-deoxyguanosine, oxidative stress index: total oxidant status/TAS) were significantly higher, and antioxidant markers (glutathione peroxidase, TAS) were statistically insignificantly higher, in the hearts of rats with EP when compared to the controls. In addition, reduced serum paraoxonase-1 activity was also detected in the EP group. CONCLUSION: The pronounced increase in cardiac oxidative stress caused by periodontitis was due to an excessive increase in the production of reactive oxygen species, rather than due to decreased antioxidant capacity. The results indicate that periodontitis-related cardiac oxidative stress might be one of the mechanisms that contribute to the pathological process that leads to heart failure.</text>
    </passage>
  </document>
</collection>
