<?xml version="1.0" encoding="UTF-8"?>
<!DOCTYPE collection SYSTEM "BioC.dtd">
<collection>
  <source>BioC-API</source>
  <date>20250411</date>
  <key>collection.key</key>
  <document>
    <id>28213398</id>
    <infon key="tt_curatable">no</infon>
    <infon key="tt_version">0</infon>
    <infon key="tt_round">0</infon>
    <passage>
      <infon key="type">title</infon>
      <offset>0</offset>
      <text>FoxO integration of insulin signaling with glucose and lipid metabolism.</text>
    </passage>
    <passage>
      <infon key="type">abstract</infon>
      <offset>73</offset>
      <text>The forkhead box O family consists of FoxO1, FoxO3, FoxO4 and FoxO6 proteins in mammals. Expressed ubiquitously in the body, the four FoxO isoforms share in common the amino DNA-binding domain, known as 'forkhead box' domain. They mediate the inhibitory action of insulin or insulin-like growth factor on key functions involved in cell metabolism, growth, differentiation, oxidative stress, senescence, autophagy and aging. Genetic mutations in FoxO genes or abnormal expression of FoxO proteins are associated with metabolic disease, cancer or altered lifespan in humans and animals. Of the FoxO family, FoxO6 is the least characterized member and is shown to play pivotal roles in the liver, skeletal muscle and brain. Altered FoxO6 expression is associated with the pathogenesis of insulin resistance, dietary obesity and type 2 diabetes and risk of neurodegeneration disease. FoxO6 is evolutionally divergent from other FoxO isoforms. FoxO6 mediates insulin action on target genes in a mechanism that is fundamentally different from other FoxO members. Here, we focus our review on the role of FoxO6, in contrast with other FoxO isoforms, in health and disease. We review the distinctive mechanism by which FoxO6 integrates insulin signaling to hepatic glucose and lipid metabolism. We highlight the importance of FoxO6 dysregulation in the dual pathogenesis of fasting hyperglycemia and hyperlipidemia in diabetes. We review the role of FoxO6 in memory consolidation and its contribution to neurodegeneration disease and aging. We discuss the potential therapeutic option of pharmacological FoxO6 inhibition for improving glucose and lipid metabolism in diabetes.</text>
    </passage>
  </document>
</collection>
