<?xml version="1.0" encoding="UTF-8"?>
<!DOCTYPE collection SYSTEM "BioC.dtd">
<collection>
  <source>BioC-API</source>
  <date>20250411</date>
  <key>collection.key</key>
  <document>
    <id>28399777</id>
    <infon key="tt_curatable">no</infon>
    <infon key="tt_version">0</infon>
    <infon key="tt_round">0</infon>
    <passage>
      <infon key="type">title</infon>
      <offset>0</offset>
      <text>Post-stroke hemiparesis: Does chronicity, etiology, and lesion side are associated with gait pattern?</text>
    </passage>
    <passage>
      <infon key="type">abstract</infon>
      <offset>102</offset>
      <text>BACKGROUND: Studies that evaluate gait rehabilitation programs for individuals with stroke often consider time since stroke of more than six months. In addition, most of these studies do not use lesion etiology or affected cerebral hemisphere as study factors. However, it is unknown whether these factors are associated with post-stroke motor performance after the spontaneous recovery period. OBJECTIVE: To investigate whether time since stroke onset, etiology, and lesion side is associated with spatiotemporal and angular gait parameters of individuals with chronic stroke. METHODS: Fifty individuals with chronic hemiparesis (20 women) were evaluated. The sample was stratified according to time since stroke (between 6 and 12 months, between 13 and 36 months, and over 36 months), affected cerebral hemisphere (left or right) and lesion etiology (ischemic and hemorrhagic). The participants were evaluated during overground walking at self-selected gait speed, and spatiotemporal and angular gait parameters were calculated. Results Differences between gait speed, stride length, hip flexion, and knee flexion were observed in subgroups stratified based on lesion etiology. Survivors of a hemorrhagic stroke exhibited more severe gait impairment. Subgroups stratified based on time since stroke only showed intergroup differences for stride length, and subgroups stratified based on affected cerebral hemisphere displayed between-group differences for swing time symmetry ratio. CONCLUSION: In order to recruit a more homogeneous sample, more accurate results were obtained and an appropriate rehabilitation program was offered, researchers and clinicians should consider that gait pattern might be associated with time since stroke, affected cerebral hemisphere and lesion etiology.</text>
    </passage>
  </document>
</collection>
