<?xml version="1.0" encoding="UTF-8"?>
<!DOCTYPE collection SYSTEM "BioC.dtd">
<collection>
  <source>BioC-API</source>
  <date>20250411</date>
  <key>collection.key</key>
  <document>
    <id>28642546</id>
    <infon key="tt_curatable">no</infon>
    <infon key="tt_version">0</infon>
    <infon key="tt_round">0</infon>
    <passage>
      <infon key="type">title</infon>
      <offset>0</offset>
      <text>SLC4A11 depletion impairs NRF2 mediated antioxidant signaling and increases reactive oxygen species in human corneal endothelial cells during oxidative stress.</text>
    </passage>
    <passage>
      <infon key="type">abstract</infon>
      <offset>160</offset>
      <text>Corneal endothelial dystrophy is a progressive disease with gradual loss of vision and characterized by degeneration and dysfunction of corneal endothelial cells. Mutations in SLC4A11, a Na+ dependent OH- transporter, cause congenital hereditary endothelial dystrophy (CHED) and Fuchs' endothelial corneal dystrophy (FECD), the two most common forms of endothelial degeneration. Along with genetic factors, oxidative stress plays a role in pathogenesis of several corneal diseases. In this study we looked into the role of SLC4A11 in antioxidant stress response in human corneal endothelial cells (HCEnC). We found increased expression of SLC4A11 in presence of oxidative stress. Depletion of SLC4A11 using targeted siRNA, caused an increase in reactive oxygen species, cytochrome c, lowered mitochondrial membrane potential, and reduced cell viability during oxidative stress. Moreover, SLC4A11 was found to be necessary for NRF2 mediated antioxidant gene expression in HCEnC. On the other hand, over expression of SLC4A11 reduces reactive oxygen species levels and increases cell viability. Lastly, CHED tissue specimens show evidence of oxidative stress and reduced expression of NRF2. In conclusion, our data suggests a possible role of SLC4A11 in regulating oxidative stress, and might be responsible for both the etiology and treatment of corneal endothelial dystrophy.</text>
    </passage>
  </document>
</collection>
