<?xml version="1.0" encoding="UTF-8"?>
<!DOCTYPE collection SYSTEM "BioC.dtd">
<collection>
  <source>BioC-API</source>
  <date>20250411</date>
  <key>collection.key</key>
  <document>
    <id>29107287</id>
    <infon key="tt_curatable">no</infon>
    <infon key="tt_version">0</infon>
    <infon key="tt_round">0</infon>
    <passage>
      <infon key="type">title</infon>
      <offset>0</offset>
      <text>Fibroblast growth factor 21 (FGF21) is robustly induced by ethanol and has a protective role in ethanol associated liver injury.</text>
    </passage>
    <passage>
      <infon key="type">abstract</infon>
      <offset>129</offset>
      <text>OBJECTIVE: Excess ethanol consumption has serious pathologic consequences. In humans, repeated episodes of binge drinking can lead to liver damage and have adverse effects on other organs such as pancreas and brain. Long term chronic consumption of ethanol can also result in progressive alcoholic liver disease and cirrhosis. Fibroblast growth factor 21 (FGF21) is a metabolic regulator with multiple physiologic functions. FGF21 is a novel biomarker for non-alcoholic fatty liver disease (NAFLD) in humans and limits hepatotoxicity in mice. Therefore, we explored the possibility that FGF21 plays a role in response to ethanol consumption in both humans and mice. METHODS: We used a binge drinking paradigm in humans to examine the effect of acute ethanol consumption on circulating FGF21. We adapted this paradigm to evaluate the acute response to ethanol in mice. We then examined the role of FGF21 on liver pathology in two models of chronic ethanol consumption in both wild type (WT) mice and mice lacking FGF21 (FGF21-KO). RESULTS: Acute ethanol consumption resulted in a robust induction of serum FGF21 after 6 h in both humans and mice. Serum ethanol peaked at 1 h in both species and was cleared by 6 h. Ethanol clearance was the same in WT and FGF21-KO mice, indicating that FGF21 does not play a major role in ethanol metabolism in a binge paradigm. When FGF21-KO mice were fed the Lieber-DeCarli diet, a high fat diet supplemented with ethanol, a higher mortality was observed compared to WT mice after 16 days on the diet. When FGF21-KO mice consumed 30% ethanol in drinking water, along with a normal chow diet, there was no mortality observed even after 16 weeks, but the FGF21-KO mice had significant liver pathology compared to WT mice. CONCLUSIONS: Acute or binge ethanol consumption significantly increases circulating FGF21 levels in both humans and mice. However, FGF21 does not play a role in acute ethanol clearance. In contrast, chronic ethanol consumption in the absence of FGF21 is associated with significant liver pathology alone or in combination with excess mortality, depending on the type of diet consumed with ethanol. This suggests that FGF21 protects against long term ethanol induced hepatic damage and may attenuate progression of alcoholic liver disease. Further study is required to assess the therapeutic potential of FGF21 in the treatment of alcoholic liver disease.</text>
    </passage>
  </document>
</collection>
