<?xml version="1.0" encoding="UTF-8"?>
<!DOCTYPE collection SYSTEM "BioC.dtd">
<collection>
  <source>BioC-API</source>
  <date>20250411</date>
  <key>collection.key</key>
  <document>
    <id>29229140</id>
    <infon key="tt_curatable">no</infon>
    <infon key="tt_version">0</infon>
    <infon key="tt_round">0</infon>
    <passage>
      <infon key="type">title</infon>
      <offset>0</offset>
      <text>A novel pilot animal model for the surgical prevention of lymphedema: the power of optical imaging.</text>
    </passage>
    <passage>
      <infon key="type">abstract</infon>
      <offset>100</offset>
      <text>BACKGROUND: Breast cancer-related lymphedema affects more than 400,000 survivors in the United States. In 2009, lymphatic microsurgical preventive healing approach (LYMPHA) was first described as a surgical technique to prevent lymphedema by bypassing divided arm lymphatics into adjacent veins at the time of an axillary lymph node dissection. We describe the first animal model of LYMPHA. METHODS: In Yorkshire pigs, each distal hind limb lymphatic system was cannulated and injected with a different fluorophore (human serum albumin-conjugated indocyanine green or Evans Blue). Fluorescence-assisted resection and exploration imaging system was used to map the respective lymphangiosomes to the groin. Baseline lymphatic clearance of each hind limb lymphangiosome was obtained by measuring the fluorescence of each dye from centrally obtained blood samples. A lymphadenectomy versus lymphadenectomy with LYMPHA was then performed. The injections were then repeated to obtain clearance rates that were compared against baseline values. RESULTS: Human serum albumin-conjugated indocyanine green and Evans Blue allowed for precise lymphatic mapping of each respective hind limb using fluorescence-assisted resection and exploration imaging. Lymphatic clearance from the distal hind limb dropped 68% when comparing baseline clearance versus after a groin lymphadenectomy. In comparison, lymphatic clearance dropped only 21% when comparing baseline clearance versus a lymphadenectomy with LYMPHA. CONCLUSIONS: We describe the first animal model for LYMPHA, which will enable future studies to further evaluate the efficacy and potential limitations of this technique. Of equal importance, we demonstrate the power of optical imaging to provide real-time lymphatic clearance rates for each hind limb.</text>
    </passage>
  </document>
</collection>
