<?xml version="1.0" encoding="UTF-8"?>
<!DOCTYPE collection SYSTEM "BioC.dtd">
<collection>
  <source>BioC-API</source>
  <date>20250411</date>
  <key>collection.key</key>
  <document>
    <id>29259207</id>
    <infon key="tt_curatable">no</infon>
    <infon key="tt_version">0</infon>
    <infon key="tt_round">0</infon>
    <passage>
      <infon key="type">title</infon>
      <offset>0</offset>
      <text>Dickkopf2 rescues erectile function by enhancing penile neurovascular regeneration in a mouse model of cavernous nerve injury.</text>
    </passage>
    <passage>
      <infon key="type">abstract</infon>
      <offset>127</offset>
      <text>Penile erection is a neurovascular event and neurologic or vascular disturbances are major causes of erectile dysfunction (ED). Radical prostatectomy for prostate cancer not only induces cavernous nerve injury (CNI) but also results in cavernous angiopathy, which is responsible for poor responsiveness to oral phosphodiesterase-5 inhibitors. Dickkopf2 (DKK2) is known as a Wnt signaling antagonist and is reported to promote mature and stable blood vessel formation. Here, we demonstrated in CNI mice that overexpression of DKK2 by administering DKK2 protein or by using DKK2-Tg mice successfully restored erectile function: this recovery was accompanied by enhanced neural regeneration through the secretion of neurotrophic factors, and restoration of cavernous endothelial cell and pericyte content. DKK2 protein also promoted neurite outgrowth in an ex vivo major pelvic ganglion culture experiment and enhanced tube formation in primary cultured mouse cavernous endothelial cells and pericytes co-culture system in vitro. In light of critical role of neuropathy and angiopathy in the pathogenesis of radical prostatectomy-induced ED, reprogramming of damaged erectile tissue toward neurovascular repair by use of a DKK2 therapeutic protein may represent viable treatment option for this condition.</text>
    </passage>
  </document>
</collection>
