<?xml version="1.0" encoding="UTF-8"?>
<!DOCTYPE collection SYSTEM "BioC.dtd">
<collection>
  <source>BioC-API</source>
  <date>20250411</date>
  <key>collection.key</key>
  <document>
    <id>29369529</id>
    <infon key="tt_curatable">no</infon>
    <infon key="tt_version">0</infon>
    <infon key="tt_round">0</infon>
    <passage>
      <infon key="type">title</infon>
      <offset>0</offset>
      <text>Diabetes and branched-chain amino acids: What is the link?</text>
    </passage>
    <passage>
      <infon key="type">abstract</infon>
      <offset>59</offset>
      <text>Branched-chain amino acids (BCAA) have increasingly been studied as playing a role in diabetes, with the PubMed search string "diabetes" AND "branched chain amino acids" showing particular growth in studies of the topic over the past decade (Fig. ). In the Young Finn's Study, BCAA and, to a lesser extent, the aromatic amino acids phenylalanine and tyrosine were associated with insulin resistance (IR) in men but not in women, whereas the gluconeogenic amino acids alanine, glutamine, or glycine, and several other amino acids (i.e. histidine, arginine, and tryptophan) did not show an association with IR. Obesity may track more strongly than metabolic syndrome and diabetes with elevated BCAA. In a study of 1302 people aged 40-79; higher levels of BCAA tracked with older age, male sex, and metabolic syndrome, as well as with obesity, cardiovascular risk, dyslipidemia, hypertension, and uric acid. Medium- and long-chain acylcarnitines, by-products of mitochondrial catabolism of BCAAs, as well as branched-chain keto acids and the BCAA themselves distinguished obese people having versus not having features of IR, and in a study of 898 patients with essential hypertension, the BCAA and tyrosine and phenylalanine were associated with metabolic syndrome and impaired fasting glucose. In a meta-analysis of three genome-wide association studies, elevations in BCAA and, to a lesser extent, in alanine tracked with IR, whereas higher levels of glutamine and glycine were associated with lesser likelihood of IR. Given these associations with IR, it is not surprising that a number of studies have shown higher BCAA levels in people with and prior to development of type 2 diabetes (T2D), although this has particularly been shown in Caucasian and Asian ethnic groups while not appearing to occur in African Americans. Similarly, higher BCAA levels track with cardiovascular disease. [Figure: see text] The metabolism of BCAA involves two processes: (i) a reversible process catalysed by a branched-chain aminotransferase (BCAT), either cytosolic or mitochondrial, requiring pyridoxal to function as an amino group carrier, by which the BCAA with 2-ketoglutarate produce a branched-chain keto acid plus glutamate; and (ii) the irreversible mitochondrial process catalysed by branched-chain keto acid dehydrogenase (BCKDH) leading to formation of acetyl-coenzyme A (CoA), propionyl-CoA, and 2-methylbutyryl-CoA from leucine, valine, and isoleucine, respectively, which enter the tricarboxylic acid (Krebs) cycle as acetyl-CoA, propionyl-CoA, and 2-methylbutyryl-CoA, respectively, leading to ATP formation. The BCAA stimulate secretion of both insulin and glucagon and, when given orally, of both glucagon-like peptide-1 (GLP-1) and glucose-dependent insulinotropic polypeptide (GIP), with oral administration leading to greater and more prolonged insulin and glucagon secretion. Insulin may particularly reduce BCAA turnover to a greater extent than that of other amino acids, and decreases the appearance and increases the uptake of amino acids. However, older studies of the effect of glucose or insulin on BCAA concentrations and rates of leucine appearance and oxidation showed no reduction in T2D, although the higher baseline levels of BCAA in obesity have long been recognized. Impaired function of BCAT and BCKDH has been posited, either as a primary genetic abnormality or due to effects of elevated fatty acids, proinflammatory cytokines, or insulin levels with consequent accumulation of branched-chain keto acids and metabolites such as diacylglycerol and ceramide, potentially contributing to the development of further insulin resistance, and decreased skeletal muscle BCAT and BCKDH expression has been shown in people with diabetes, supporting this concept. A Mendelian randomization study used measured variation in genes involved in BCAA metabolism to test the hypothesis of a causal effect of modifiable exposure on IR, showing that variants in protein phosphatase, Mg2+ /Mn2+ dependent 1K (PPM1K), a gene encoding the mitochondrial phosphatase activating the BCKDH complex, are associated with T2D, but another such study suggested that genetic variations associated with IR are causally related to higher BCAA levels. Another hypothesis involves the mammalian target of rapamycin complex 1 (mTORC1), which is activated by BCAA, as well as by insulin and glucose via cellular ATP availability. If this is the relevant pathway, BCAA overload may cause insulin resistance by activation of mammalian target of rapamycin (mTOR), as well as by leading to increases in acylcarnitines, with mTOR seen in this scenario as a central signal of cross-talk between the BCAA and insulin. At this point, whether whole-body or tissue-specific BCAA metabolism is increased or decreased in states of insulin-resistant obesity and T2D is uncertain. Insulin action in the hypothalamus induces but overfeeding decreases hepatic BCKDH, leading to the concept that hypothalamic insulin resistance impairs BCAA metabolism in obesity and diabetes, so that plasma BCAAs may be markers of hypothalamic insulin action rather than direct mediators of changes in IR. A way to address this may be to understand the effects of changes in diet and other interventions on BCAA, as well as on IR and T2D. In an animal model, lowering dietary BCAA increased energy expenditure and improved insulin sensitivity. Two large human population studies showed an association of estimated dietary BCAA intake with T2D risk, although another population study showed higher dietary BCAA to be associated with lower T2D risk. Ethnic differences, reflecting underlying differences in genetic variants, may be responsible for such differences. In the study of Asghari et al. in the current issue of the Journal of Diabetes, BCAA intake was associated with the development of subsequent IR. Studies of bariatric surgery suggest lower basal and post-insulin infusion BCAA levels are associated with greater insulin sensitivity, with reductions in BCAA not seen with weight loss per se with gastric band procedures, but occurring after Roux-en-Y gastric bypass, an intervention that may have metabolic benefits over and above those from reduction in body weight. The gut microbiota may be important for the supply of the BCAA to mammalian hosts, either by de novo biosynthesis or by modifying nutrient absorption. A final fascinating preliminary set of observations is that of the effects of empagliflozin on metabolomics; evidence of increased Krebs cycle activation and of higher levels of BCAA metabolites, such as acylcarnitines, suggests that sodium-glucose cotransporter 2 (SGLT2) inhibition may, to some extent, involve BCAA metabolism. Certainly, we do not yet have a full understanding of these complex associations. However, the suggestion of multiple roles of BCAA in the development of IR promises to be important and to lead to the development of novel effective T2D therapies.</text>
    </passage>
  </document>
</collection>
