<?xml version="1.0" encoding="UTF-8"?>
<!DOCTYPE collection SYSTEM "BioC.dtd">
<collection>
  <source>BioC-API</source>
  <date>20250411</date>
  <key>collection.key</key>
  <document>
    <id>29390235</id>
    <infon key="tt_curatable">no</infon>
    <infon key="tt_version">0</infon>
    <infon key="tt_round">0</infon>
    <passage>
      <infon key="type">title</infon>
      <offset>0</offset>
      <text>[Overview of Congenital Stationary Night Blindness with Predominantly Normal Fundus Appearance].</text>
    </passage>
    <passage>
      <infon key="type">abstract</infon>
      <offset>97</offset>
      <text>Congenital stationary night blindness (CSNB) is a clinically and genetically heterogeneous group of non-progressive retinal disorder with largely normal fundus appearance. The mode of inheritance can be autosomal dominant (adCSNB), autosomal recessive (arCSNB) or X-chromosomal (XLCSNB). Additional ocular signs can be myopia, hyperopia, strabismus, nystagmus and reduced visual acuity. The Riggs and Schubert-Bornschein form of CSNB can be discriminated by electroretinography. While the Riggs form represents a dysfunction of the rods, a signal transmission defect from photoreceptors to bipolar cell is described in patients with the more frequently occurring Schubert-Bornschein form. The Schubert-Bornschein form can be further divided into incomplete (icCSNB) and complete (cCSNB) showing different electroretinograms (ERGs). While patients with cCSNB show a dysfunction of the ON-signaling pathway, patients with icCSNB show a dysfunction of the ON- and OFF-signaling pathways, affecting visual acuity as well. Using classical linkage, candidate gene analyses and more recent next-generation sequencing approaches, to date, mutations in 13 different genes have been associated with this disease. In vitro and in vivo models showed a correlation of the phenotype of patients with the expression, protein localization and function of the respective molecules: genes, mutated in patients with the Riggs form of CSNB have an important role in the rod phototransduction cascade. Genes mutated in patients with icCSNB, code for proteins important for glutamate neurotransmitter release at the synaptic cleft of the photoreceptors. Genes mutated in patients with cCSNB, code for proteins important for glutamate uptake and further signal transmission to the ON-bipolar cells. Preliminary in vivo studies showed that CSNB may be cured by gene therapy. These studies concerning CSNB are important for the precise diagnosis of patients with this disease, but are also helpful in deciphering key molecules essential for signal transmission from photoreceptors to bipolar cells. So far, it is a poorly understood field.</text>
    </passage>
  </document>
</collection>
