<?xml version="1.0" encoding="UTF-8"?>
<!DOCTYPE collection SYSTEM "BioC.dtd">
<collection>
  <source>BioC-API</source>
  <date>20250411</date>
  <key>collection.key</key>
  <document>
    <id>29635284</id>
    <infon key="tt_curatable">no</infon>
    <infon key="tt_version">0</infon>
    <infon key="tt_round">0</infon>
    <passage>
      <infon key="type">title</infon>
      <offset>0</offset>
      <text>Divergent Role of Estrogen-Related Receptor α in Lipid- and Fasting-Induced Hepatic Steatosis in Mice.</text>
    </passage>
    <passage>
      <infon key="type">abstract</infon>
      <offset>107</offset>
      <text>Given the increasing prevalence of obesity and the metabolic syndrome, identification of intrinsic molecular programs responsible for ensuring fuel homeostasis and preventing metabolic disease is needed. We investigated whether the orphan nuclear receptor estrogen-related receptor α (ERRα), a major regulator of energy metabolism, plays a role in lipid homeostasis and the development of nonalcoholic fatty liver disease (NAFLD) in response to chronic high-fat diet (HFD) consumption and long-term fasting. Systemic ablation of ERRα in mice demonstrated clear beneficial effects for loss of ERRα function in protection from HFD-provoked body weight gain manifested not only from a reduction in white adipose tissue stores but also from an impediment in intrahepatic lipid accumulation. The prevention of HFD-induced NAFLD in ERRα-null mice was underscored by transcriptional repression of de novo lipogenesis, which was upregulated in wild-type mice, a known contributing factor to lipid-stimulated hepatic steatosis. Surprisingly, given these findings, ERRα deficiency had no significant impact on the degree of fasting-induced NAFLD, involving the mobilization of adipocyte triglyceride (TG) stores into the liver. However, the presence of ERRα was essential for acute refeeding-mediated reversal of fasting-induced hepatic TG accretion, underpinned by impaired downregulation of adipose TG lipolysis and reduced hepatic mitochondrial oxidative activity. Taken together, the regulation of lipid handling by ERRα depended on the nutritional state, suggesting that negative modulation of ERRα activity could be envisaged to prevent lipid-induced NAFLD, whereas inducing its activity would be useful to treat and reverse the instilled disease.</text>
    </passage>
  </document>
</collection>
