<?xml version="1.0" encoding="UTF-8"?>
<!DOCTYPE collection SYSTEM "BioC.dtd">
<collection>
  <source>BioC-API</source>
  <date>20250411</date>
  <key>collection.key</key>
  <document>
    <id>30003931</id>
    <infon key="tt_curatable">no</infon>
    <infon key="tt_version">0</infon>
    <infon key="tt_round">0</infon>
    <passage>
      <infon key="type">title</infon>
      <offset>0</offset>
      <text>GLP-1 receptor agonists stimulate ANGPTL8 production through the PI3K/Akt pathway in a GLP-1 receptor-dependent manner.</text>
    </passage>
    <passage>
      <infon key="type">abstract</infon>
      <offset>120</offset>
      <text>The level of serum angiopoietin-like protein 8 (ANGPTL8), a novel hepatokine, is associated with obesity and type 2 diabetes mellitus (T2DM). The aims of this study were to investigate whether serum ANGPTL8 level in patients with T2DM was affected by treatment with exenatide, a glucagon-like peptide-1 receptor (GLP-1R) agonist, and to determine whether and how GLP-1R agonists regulated ANGPTL8 production in hepatocytes. A multiple-center trial was conducted in China. Among 240 patients with T2DM enrolled in this trial, 195 patients adhered to a 16-week exenatide treatment and follow-up. Human liver cell line HepG2 cells were incubated for 24 h with either exendin-4 (a native form of exenatide) or liraglutide in the presence or absence of GLP-1R antagonist exendin (9-39) and PI3K inhibitor LY294002. Change of serum ANGPTL8 level in patients with T2DM and regulation of ANGPTL8 production by the GLP-1R agonists in HepG2 cells were evaluated. Results showed that compared with baseline, exenatide treatment significantly increased serum ANGPTL8 level, and lowered body weight, fasting blood glucose (FBG) and glycated hemoglobin A1c (HbA1c) in patients with T2DM (all P &lt;  0.05). The exenatide treatment-mediated upregulation of serum ANGPTL8 level was not associated with the levels of its lowering effects on body weight, FBG and HbA1c stratified by the median. Moreover, exendin-4 or liraglutide dose-dependently upregulated the level of ANGPTL8 expression and secretion in HepG2 cells, which was eliminated by adding exendin (9-39) and LY294002. In conclusion, GLP-1R agonists enhance ANGPTL8 production in vivo and in vitro, which is mediated via the PI3K/Akt pathway in a GLP-1R-dependent manner.</text>
    </passage>
  </document>
</collection>
