<?xml version="1.0" encoding="UTF-8"?>
<!DOCTYPE collection SYSTEM "BioC.dtd">
<collection>
  <source>BioC-API</source>
  <date>20250411</date>
  <key>collection.key</key>
  <document>
    <id>30347632</id>
    <infon key="tt_curatable">no</infon>
    <infon key="tt_version">0</infon>
    <infon key="tt_round">0</infon>
    <passage>
      <infon key="type">title</infon>
      <offset>0</offset>
      <text>Sleep disorders in traumatic brain injury.</text>
    </passage>
    <passage>
      <infon key="type">abstract</infon>
      <offset>43</offset>
      <text>BACKGROUND: Sleep disorders play a significant role in the care of those with Traumatic Brain Injury (TBI). OBJECTIVE: To provide a literature review on the interaction of sleep and circadian processes on those with TBI. METHODS: A literature review was conducted on PubMed using the following key words and their combination: "Sleep Apnea", "Traumatic Brain Injury", "Circadian", "Parasomnia", "Insomnia", "Hypersomnia", "Narcolepsy", and "Restless Legs". We review the spectrum of traumatic brain injury associated sleep disorders and discuss clinical approaches to diagnosis and treatment. RESULTS: Disordered sleep and wakefulness after TBI is common. Sleep disruption contributes to morbidity, such as the development of neurocognitive and neurobehavioral deficits, and prolongs the recovery phase after injury. Early recognition and correction of these problems may limit the secondary effects of traumatic brain injury and improve neuro recovery/patient outcomes. CONCLUSIONS: A more focused approach to sleep health is appropriate when caring for those with TBI.</text>
    </passage>
  </document>
</collection>
