<?xml version="1.0" encoding="UTF-8"?>
<!DOCTYPE collection SYSTEM "BioC.dtd">
<collection>
  <source>BioC-API</source>
  <date>20250411</date>
  <key>collection.key</key>
  <document>
    <id>3067568</id>
    <infon key="tt_curatable">no</infon>
    <infon key="tt_version">0</infon>
    <infon key="tt_round">0</infon>
    <passage>
      <infon key="type">title</infon>
      <offset>0</offset>
      <text>Immunochemical properties of the antigens involved in the pigeon breeder's disease.</text>
    </passage>
    <passage>
      <infon key="type">abstract</infon>
      <offset>84</offset>
      <text>The pigeon breeder's disease is a form of extrinsic allergic alveolitis caused by the exposure to pigeon droppings. Chemical analysis of this antigen was carried out employing column fractionation techniques. Sephadex G-50 and DEAE cellulose were performed and several proteins and hexoses peaks were recorded. Molecular weights were determined by comparison with standardized marker proteins passed through a drop counting fraction collector. The whole extract revealed a molecular weight of 100 Kd while fraction 1 showed 66 Kd and fraction 2 only 30 Kd. A guinea pig experimental model was developed with the whole extract injected by the intradermal route, administered by an intragastric catheter or aerosolized in a glass chamber. Histopathological studies were carried out with the lungs, kidneys, liver and spleen obtained by the necropsy of the animals. The lungs and the kidneys showed the paramount changes in their structures with lymphomononuclear infiltrates and an Arthus-like phenomenon surrounding the vessels. Immunological techniques were applied to the sera and the lymphocytes obtained from the animals. Precipitin and hemagglutinating IgG antibodies were detected against the whole extract and the fractions obtained by column fractionation. Sensitized lymphocytes were also detected. This experimental model represents a guide in the approach to the human allergic alveolitis whose immunological findings will be presented in a forth-coming report.</text>
    </passage>
  </document>
</collection>
