<?xml version="1.0" encoding="UTF-8"?>
<!DOCTYPE collection SYSTEM "BioC.dtd">
<collection>
  <source>BioC-API</source>
  <date>20250411</date>
  <key>collection.key</key>
  <document>
    <id>30967146</id>
    <infon key="tt_curatable">no</infon>
    <infon key="tt_version">0</infon>
    <infon key="tt_round">0</infon>
    <passage>
      <infon key="type">title</infon>
      <offset>0</offset>
      <text>Plasma metabolomic profiling of amino acids and polar lipids in Iranian obese adults.</text>
    </passage>
    <passage>
      <infon key="type">abstract</infon>
      <offset>86</offset>
      <text>BACKGROUND: Obesity, widely recognized as a serious health concern, is characterized by profoundly altered metabolism. However, the intermediate metabolites involved in this change remain largely unknown. OBJECTIVE: We conducted targeted metabolomics profiling to identify moieties associated with adult obesity. METHODS: In this case-control study of Iranian adults, 200 obese patients were compared with 100 controls based on 104 metabolites profiled by a targeted metabolomic approach using liquid chromatography coupled to triple quadrupole mass spectrometry (LC-MS/MS). The analysis comprised acylcarnitines, diacyl-phosphatidylcholines (PCaa), acyl-alkyl-phosphatidylcholines (PCae), sphingomyelins (SM), lyso-phospholipids (LPC) and amino acids. We performed multivariable linear regression to identify metabolites associated with obesity, adjusting for age, sex, total energy intake, total physical activity, smoking, and alcohol consumption. The Bonferroni correction was used to adjust for multiple testing. RESULTS: A pattern of 19 metabolites was significantly associated with obesity. Branched chain amino acids, alanine, glutamic acid, proline, tyrosine LPCa C16:1, PCaa C32:1, PCaa C32:2 and PCaa C38:3 were positively, while serine, asparagine, LPCa C18:1, LPCa C18:2, LPCe C18:0, PCae C34:3, PCae C38:4 and PCae C40:6 were negatively associated with obesity (all p &lt; 0.00048). CONCLUSIONS: A metabolomic profile containing 9 amino acids and 10 polar lipids may serve as a potential biomarker of adult obesity. Further studies are warranted to replicate these findings as well as investigate potential changes in this profile after weight reduction.</text>
    </passage>
  </document>
</collection>
