<?xml version="1.0" encoding="UTF-8"?>
<!DOCTYPE collection SYSTEM "BioC.dtd">
<collection>
  <source>BioC-API</source>
  <date>20250411</date>
  <key>collection.key</key>
  <document>
    <id>31050200</id>
    <infon key="tt_curatable">no</infon>
    <infon key="tt_version">0</infon>
    <infon key="tt_round">0</infon>
    <passage>
      <infon key="type">title</infon>
      <offset>0</offset>
      <text>Cardiac changes during the peri-menopausal period in a VCD-induced murine model of ovarian failure.</text>
    </passage>
    <passage>
      <infon key="type">abstract</infon>
      <offset>100</offset>
      <text>AIM: Cardiovascular disease (CVD) risk is lower in pre-menopausal females vs age matched males. After menopause risk equals or exceeds that of males. CVD protection of pre-menopausal females is ascribed to high circulating oestrogen levels. Despite experimental evidence that oestrogen are cardioprotective, oestrogen replacement therapy trials have not shown clear benefits. One hypothesis to explain the discrepancy proposed hearts remodel during peri-menopause. Peri-menopasual myocardial changes have never been investigated, nor has the ability of oestrogen to regulate heart function during peri-menopause. METHODS: We injected female mice with 4-vinylcyclohexene diepoxide (VCD, 160 mg/kg/d IP) to cause gradual ovarian failure over 120d and act as a peri-menopausal model RESULTS: Left ventricular function assessed by Langendorff perfusion found no changes in VCD-injected mice at 60 or 120 days compared to intact mice. Cardiac myofilament activity was altered at 60 and 120 days indicating a molecular remodelling in peri-menopause. Myocardial TGF-β1 increased at 60 days post-VCD treatment along with reduced Akt phosphorylation. Acute activation of oestrogen receptor-α (ERα) or -β (ERβ) depressed left ventricular contractility in hearts from intact mice. ER-regulation of myocardial and myofilament function, and myofilament phosphorylation, were disrupted in the peri-menopausal model. Disruption occurred without alterations in total ERα or ERβ expression. CONCLUSIONS: This is the first study to demonstrate remodelling of the heart in a model of peri-menopause, along with a disruption in ER-dependent regulation of the heart. These data indicate that oestrogen replacement therapy initiated after menopause affects a heart that is profoundly different from that found in reproductively intact animals.</text>
    </passage>
  </document>
</collection>
