<?xml version="1.0" encoding="UTF-8"?>
<!DOCTYPE collection SYSTEM "BioC.dtd">
<collection>
  <source>BioC-API</source>
  <date>20250411</date>
  <key>collection.key</key>
  <document>
    <id>31076346</id>
    <infon key="tt_curatable">no</infon>
    <infon key="tt_version">0</infon>
    <infon key="tt_round">0</infon>
    <passage>
      <infon key="type">title</infon>
      <offset>0</offset>
      <text>Human gingival tissue-derived MSC suppress osteoclastogenesis and bone erosion via CD39-adenosine signal pathway in autoimmune arthritis.</text>
    </passage>
    <passage>
      <infon key="type">abstract</infon>
      <offset>138</offset>
      <text>BACKGROUND: Bone destruction is one of many severe complications that occurs in patients with rheumatoid arthritis (RA) and current therapies are unable to cure this manifestation. This study here aims to determine whether GMSC can directly inhibit osteoclast formation and eventually attenuate osteoclastogenesis and bone erosion in an inflammatory milieu. METHOD: GMSC were co-cultured with osteoclast precursors with or without CD39 inhibitor, CD73 inhibitor or adenosine receptors inhibitors pretreatment and osteoclast formation were evaluated in vitro. 2×10^6 GMSC per mouse were transferred to CIA mice and pathology scores, the frequency of osteoclasts, bone erosion in joints were assessed in vivo. FINDING: GMSC but not control cells, markedly suppressed human or mice osteoclastogenesis in vitro. GMSC treatment also resulted in a dramatically decreased level of NF-κB p65/p50 in osteoclasts in vitro. Infusion of GMSC to CIA significantly attenuated the severity of arthritis, pathology scores, frequency of osteoclasts, particularly bone erosion, as well as a decreased expression of RANKL in synovial tissues in vivo. Blockade of CD39/CD73 or adenosine receptors has significantly abrogated the suppressive ability of GMSC in vitro and therapeutic effect of GMSC on bone erosion during CIA in vivo. INTERPRETATION: GMSC inhibit osteoclast formation in vitro and in vivo partially via CD39-CD73-adenosine signals. Manipulation of GMSC may have a therapeutic implication on rheumatoid arthritis and other bone erosion related diseases. FUND: This study was supported by grants from the National Key R&amp;D Program of China (2017YFA0105801 to F.H); the Zhujiang Innovative and Entrepreneurial Talent Team Award of Guangdong Province (2016 ZT 06S 252 to F·H) and National Institutes of Health (R01 AR059103, R61 AR073409 and NIH Star Award to S.G.Z).</text>
    </passage>
  </document>
</collection>
