<?xml version="1.0" encoding="UTF-8"?>
<!DOCTYPE collection SYSTEM "BioC.dtd">
<collection>
  <source>BioC-API</source>
  <date>20250411</date>
  <key>collection.key</key>
  <document>
    <id>31183495</id>
    <infon key="tt_curatable">no</infon>
    <infon key="tt_version">0</infon>
    <infon key="tt_round">0</infon>
    <passage>
      <infon key="type">title</infon>
      <offset>0</offset>
      <text>A Practical Noncontact Model to Create Standardized Experimental Burn Wounds of Any Thickness: Blue Beam Laser Pointer for Burn Induction.</text>
    </passage>
    <passage>
      <infon key="type">abstract</infon>
      <offset>139</offset>
      <text>The objective of this study was to describe a predictable and easy-to-use model that can create standardized burn wounds. A 450-nm 1000-mW blue beam laser pointer was used to create burn wounds on the dorsal skin of 24 Sprague Dawley rats. Twelve distinct areas of dorsal skin were pulsed for 1, 3, 5, 7, 9, 11, 13, 15, 17, 19, 21, and 23 seconds with the help of a punched plastic card template. Three groups of 8 animals were killed immediately after on the third day and on the seventh day of the procedure and tissue samples were taken for histological evaluation and measurements. A second-degree burn was obtained in all animals with 3 and 5 seconds of laser application on the same day, third day, and seventh day measurements. Seven seconds of application resulted in a burn depth of 84.87% of dermis on the application day which deepened to involve the whole dermal layer on the third and seventh day. Nine seconds and longer application times resulted in third-degree burn wounds. Burn induction with blue beam laser pointer is an easy-to-use, predictable and safe model to create a standardized burn wound of desired thickness.</text>
    </passage>
  </document>
</collection>
