<?xml version="1.0" encoding="UTF-8"?>
<!DOCTYPE collection SYSTEM "BioC.dtd">
<collection>
  <source>BioC-API</source>
  <date>20250411</date>
  <key>collection.key</key>
  <document>
    <id>31299594</id>
    <infon key="tt_curatable">no</infon>
    <infon key="tt_version">0</infon>
    <infon key="tt_round">0</infon>
    <passage>
      <infon key="type">title</infon>
      <offset>0</offset>
      <text>Asperosaponin VI protects against bone destructions in collagen induced arthritis by inhibiting osteoclastogenesis.</text>
    </passage>
    <passage>
      <infon key="type">abstract</infon>
      <offset>116</offset>
      <text>BACKGROUND: Bone destructive diseases like rheumatoid arthritis (RA), osteoporosis and bone metastatic tumors are mainly mediated by over-activated osteoclasts. Asperosaponin VI (AVI), isolated from the rhizome of Dipsacus asper, belongs to triterpenoid saponins. It has multiple physiological activities but its effects on RA, especially on osteoclast differentiation and activation are still unclear. PURPOSE: Explore the protective role of AVI on collagen induced arthritis (CIA) in vivo and RANKL induced osteoclastogenesis in vitro. METHODS: The effects of AVI on cell viability and RANKL-induced osteoclastogenesis, actin ring formation, bone resorption activity as well as on osteoclast specific gene and protein expression were tested using bone marrow derived monocytes (BMMs). Paws from CIA mice were used for micro-CT, HE and TRAP staining, real-time PCR and western blot. Sera were used for cytokine analysis by ELISA. The signaling pathways were detected using western blot, real-time PCR and immunofluorescence assay. RESULTS: AVI significantly inhibited RANKL-induced osteoclast formation and bone resorption activity by suppressing the formation of actin ring. It also inhibited the expression of various osteoclatogenesis marker genes and signaling pathways. AVI protected arthritis in vivo by suppressing inflammation and bone loss. CONCLUSION: AVI exerts its anti-osteoclastogenic activity both in vitro and in vivo by inhibiting RANKL-induced osteoclast differentiation and function. Thus, our studies demonstrate a potential therapeutic role for AVI in preventing or inhibiting RANKL-mediated osteolytic bone diseases.</text>
    </passage>
  </document>
</collection>
