<?xml version="1.0" encoding="UTF-8"?>
<!DOCTYPE collection SYSTEM "BioC.dtd">
<collection>
  <source>BioC-API</source>
  <date>20250411</date>
  <key>collection.key</key>
  <document>
    <id>31535412</id>
    <infon key="tt_curatable">no</infon>
    <infon key="tt_version">0</infon>
    <infon key="tt_round">0</infon>
    <passage>
      <infon key="type">title</infon>
      <offset>0</offset>
      <text>Hydrogen inhalation attenuated bleomycin-induced pulmonary fibrosis by inhibiting transforming growth factor-β1 and relevant oxidative stress and epithelial-to-mesenchymal transition.</text>
    </passage>
    <passage>
      <infon key="type">abstract</infon>
      <offset>187</offset>
      <text>NEW FINDINGS: • What is the central question of this study? The aim was to explore the effects and underlying mechanisms of H2 on bleomycin-induced pulmonary fibrosis. • What are the main findings and its importance? Our results indicate that, in bleomycin-induced pulmonary fibrosis, H2 inhalation attenuated oxidative stress and reversed the pulmonary epithelial-to-mesenchymal transition process by reducing reactive oxygen species production and inhibiting the expression of transforming growth factor-β1, α-smooth muscle actin and collagen I to improve fibrotic injury and exert anti-fibrogenic effects. Thus, H2 inhalation has promising therapeutic potential as a useful adjuvant treatment for patients with idiopathic pulmonary fibrosis, which deserves further study and evaluation. ABSTRACT: Hydrogen (H2 ) can protect against tissue damage. The effect of H2 inhalation therapy on the pathogenesis of pulmonary fibrosis remains unknown. This study was designed to explore the effects and underlying mechanisms of H2 inhalation on bleomycin (BLM)-induced pulmonary fibrosis. A rat model of pulmonary fibrosis was established with BLM. Rats were randomly divided into control and H2 inhalation groups. Haematoxylin and Eosin staining and Mason's Trichrome staining were performed to evaluate pulmonary fibrosis injury, inflammatory cell infiltration, structural disorder and collagen deposition. qRT-PCR and western blot assays were used to determine the expression of TNF-α, TGF-β1, α-SMA, E-cadherin, N-cadherin, vimentin, VEGF and collagen type I at both mRNA and protein levels. The contents of reactive oxygen species, TGF-β1, TNF-α, malondialdehyde and hydroxyproline were determined with biochemical test kits or ELISA kits. Bleomycin-stimulated rats exhibited typical symptoms of pulmonary fibrosis, which featured an increase in collagen deposition, alveolitis, fibrosis and parenchymal structural disorder in the lung. However, BLM-induced oxidative stress was attenuated by H2 inhalation therapy, which reduced the contents of reactive oxygen species, malondialdehyde and hydroxyproline, enhanced the activity of glutathione peroxidase and decreased the expression of TGF-β1 and TNF-α. In addition, H2 inhalation also inhibited BLM-induced epithelial-to-mesenchymal transition by inhibiting TGF-β1, increasing the expression level of the epithelial cell marker E-cadherin, and decreasing the expression level of the mesenchymal cell marker vimentin in a time-dependent manner. In addition, H2 inhalation downregulated α-SMA expression and suppressed collagen I generation, exerting anti-fibrogenic effects. Hydrogen inhalation therapy attenuates BLM-induced pulmonary fibrosis by inhibiting TGF-β1, relevant oxidative stress and epithelial-to-mesenchymal transition.</text>
    </passage>
  </document>
</collection>
