<?xml version="1.0" encoding="UTF-8"?>
<!DOCTYPE collection SYSTEM "BioC.dtd">
<collection>
  <source>BioC-API</source>
  <date>20250411</date>
  <key>collection.key</key>
  <document>
    <id>31545276</id>
    <infon key="tt_curatable">no</infon>
    <infon key="tt_version">0</infon>
    <infon key="tt_round">0</infon>
    <passage>
      <infon key="type">title</infon>
      <offset>0</offset>
      <text>Guizhi-Shaoyao-Zhimu decoction possesses anti-arthritic effects on type II collagen-induced arthritis in rats via suppression of inflammatory reactions, inhibition of invasion &amp; migration and induction of apoptosis in synovial fibroblasts.</text>
    </passage>
    <passage>
      <infon key="type">abstract</infon>
      <offset>240</offset>
      <text>BACKGROUND: Rheumatoid arthritis (RA) is a known intractable chronic inflammatory disease of synovial joints characterized by hyperplasia and consecutive inflammation with a high prevalence.Guizhi-Shaoyao-Zhimu (GSZD) is the first choice for clinical treatment of RA in Chinese traditional medicine. This study is aimed to explore the possible pharmacological mechanisms of anti-arthritic effect of GSZD. METHODS: Type II collagen-induced arthritis (CIA) rat model was used to study the anti-arthritic activity of GSZDin vivo, and toe swelling &amp; arthritis score, serum levels of cytokines, and pathological examinations were carried out. In vitro, TNF-α induced MH7A cells were used to study the possible mechanisms of GSZD. The anti-proliferative effects of GSZD were determined by MMT assay, and pro-apoptotic activity of GSZD in MH7A cells was determined by flow cytometry analysis &amp; DAPI staining. Furthermore, the adhesive and invasive abilities of MH7A cells were determined using cell adhesion and transwell assays. MMPs levels were determined by ELISA assays, and mRNA expressions of Caspase-3, -9, Bax, SOCS1, Bcl-2, JAK2, STAT-3 and -5 were determined using qRT-PCR analysis. Besides, the major chemical components in GSZD were analyzed by HPLC-QqQ-MS analysis. RESULTS: Our results showed GSZD reduced the toe swelling &amp; arthritis score, and serum levels of TNF-α, IL-1β, IL-6 &amp; IL-17a in CIA rats; pathological examination results indicated GSZD improved ankle joint injury in CIA rats.In vitro, GSZD showed significant anti-proliferative and pro-apoptotic effects on TNF-α stimulated MH7A cells. After GSZD treatment, the adhesive and invasive abilities of MH7A cells were reduced, and secretions of MMPs, IL-6 and IL-8 were also reduced. GSZD decreased the releases of TNF-α and IL-1β in LPS stimulated RAW 264.7 cells. Further studies showed GSZD up-regulated mRNA expressions of Caspase-3, -9, Bax, and SOCS1, whereas down-regulated mRNA expressions of Bcl-2, JAK2, STAT3 and STAT5. Besides, 13 major chemical components were identified in GSZD extracts through HPLC-QqQ-MS analysis. CONCLUSION: Our results suggested GSZD possesses an anti-rheumatic effect on CIA rats, and the possible mechanism is related to inhibiting inflammatory response, inhibiting invasion and migration of synovial fibroblasts, and inducing apoptosis in synovial fibroblasts.</text>
    </passage>
  </document>
</collection>
