<?xml version="1.0" encoding="UTF-8"?>
<!DOCTYPE collection SYSTEM "BioC.dtd">
<collection>
  <source>BioC-API</source>
  <date>20250411</date>
  <key>collection.key</key>
  <document>
    <id>31622628</id>
    <infon key="tt_curatable">no</infon>
    <infon key="tt_version">0</infon>
    <infon key="tt_round">0</infon>
    <passage>
      <infon key="type">title</infon>
      <offset>0</offset>
      <text>How many aqueous humor outflow pathways are there?</text>
    </passage>
    <passage>
      <infon key="type">abstract</infon>
      <offset>51</offset>
      <text>The aqueous humor (AH) outflow pathways definition is still matter of intense debate. To date, the differentiation between conventional (trabecular meshwork) and unconventional (uveoscleral) pathways is widely accepted, distinguishing the different impact of the intraocular pressure on the AH outflow rate. Although the conventional route is recognized to host the main sites for intraocular pressure regulation, the unconventional pathway, with its great potential for AH resorption, seems to act as a sort of relief valve, especially when the trabecular resistance rises. Recent evidence demonstrates the presence of lymphatic channels in the eye and proposes that they may participate in the overall AH drainage and intraocular pressure regulation, in a presumably adaptive fashion. For this reason, the uveolymphatic route is increasingly thought to play an important role in the ocular hydrodynamic system physiology. As a result of the unconventional pathway characteristics, hydrodynamic disorders do not develop until the adaptive routes cannot successfully counterbalance the increased AH outflow resistance. When their adaptive mechanisms fail, glaucoma occurs. Our review deals with the standard and newly discovered AH outflow routes, with particular attention to the importance they may have in opening new therapeutic strategies in the treatment of ocular hypertension and glaucoma.</text>
    </passage>
  </document>
</collection>
