<?xml version="1.0" encoding="UTF-8"?>
<!DOCTYPE collection SYSTEM "BioC.dtd">
<collection>
  <source>BioC-API</source>
  <date>20250411</date>
  <key>collection.key</key>
  <document>
    <id>31817154</id>
    <infon key="tt_curatable">no</infon>
    <infon key="tt_version">0</infon>
    <infon key="tt_round">0</infon>
    <passage>
      <infon key="type">title</infon>
      <offset>0</offset>
      <text>Aucubin, An Active Ingredient in Aucuba japonica, Prevents N-methyl-N-nitrosourea-induced Retinal Degeneration in Mice.</text>
    </passage>
    <passage>
      <infon key="type">abstract</infon>
      <offset>120</offset>
      <text>In the present study, we examined the potent retinoprotective effects of an ethanol-based extract of Aucuba japonica (AJE) and its active ingredient, aucubin, on N-methyl-N-nitrosourea (MNU)-induced retinal degeneration in mice. Retinal degeneration was induced by an intraperitoneal injection of MNU (60 mg/kg). AJE (250 mg/kg) and aucubin (15 mg/kg) were orally administered for 1 week after the MNU injection. Electroretinography (ERG) and histological examinations were performed. Retinal apoptosis and oxidative DNA damage were also quantified. The retinoprotective abilities of AJE and aucubin were also assessed in primary cultured retinal cells. Morphologically, MNU induced a remarkable decrease in the outer nuclear layer, which contains photoreceptor cells. However, this layer was well preserved in the AJE- and aucubin-administered mice. The ERG responses significantly decreased in both a- and b-wave amplitudes in the MNU-injected mice. In the AJE and aucubin-treated mice, ERG responses were significantly increased. In addition, a terminal deoxynucleotidyl transferase dUTP nick end-labeling (TUNEL) assay and immunohistochemical staining for 8-hydroxydeoxyguanosine (8-OHdG) revealed that both AJE and aucubin attenuated MNU-induced photoreceptor cell apoptosis and oxidative DNA damage. Furthermore, the in vitro assay also showed that AJE and aucubin have potent anti-oxidative and anti-apoptotic activities in primary cultured retinal cells. These results indicate that AJE and aucubin have potent retinoprotective effects, and that this retinoprotective activity is as a result of the potency of the bioactive compound, aucubin. These pharmacological characteristics suggest the additional application of AJE or aucubin in the treatment of patients with retinal degenerative diseases.</text>
    </passage>
  </document>
</collection>
