<?xml version="1.0" encoding="UTF-8"?>
<!DOCTYPE collection SYSTEM "BioC.dtd">
<collection>
  <source>BioC-API</source>
  <date>20250411</date>
  <key>collection.key</key>
  <document>
    <id>31935234</id>
    <infon key="tt_curatable">no</infon>
    <infon key="tt_version">0</infon>
    <infon key="tt_round">0</infon>
    <passage>
      <infon key="type">title</infon>
      <offset>0</offset>
      <text>Restoration of cortical symmetry and binaural function: Cortical auditory evoked responses in adult cochlear implant users with single sided deafness.</text>
    </passage>
    <passage>
      <infon key="type">abstract</infon>
      <offset>151</offset>
      <text>BACKGROUND: Cochlear implantation for single-sided deafness (SSD) is the only treatment option with the potential to restore binaural hearing cues. Significant binaural benefit has been measured in adults by speech in noise and localisation tests, who receive a cochlear implant for SSD, however, little is known on the cortical changes that help provide this benefit. In the present study, detection of sound in the auditory cortex, speech testing and localisation was used to investigate the ability of a cochlear implant (CI) to restore auditory cortical latencies and improve binaural benefit in the adult SSD population. METHODS: Twenty-nine adults with acquired single-sided deafness who received a CI in adulthood were studied. Speech perception in noise was tested using the Bamford-Kowal-Bench speech-in-noise test, localisation ability was measured using the auditory speech sounds evaluation (AδE) localisation test and cortical auditory evoked responses, comparing N1-P2 latencies recorded from the normal hearing ear and cochlear implant were used to investigate the synchrony of the cortical pathway from the CI and normal hearing ear (NHe) with binaural hearing function. RESULTS: There was a significant improvement in speech perception in noise in all spatial configurations S0/N0 (Z = -3.066, p&lt;0.002), S0/NHE (Z = -4.031, p&lt;0.001), SCI/NHE (Z = -3.851, p&lt;0.001). Localization significantly improved when tested with the cochlear implant on (p&lt;0.001) with a shorter duration of deafness correlating to a greater improvement in localisation ability F(1:18) = 6.854; p = 0.017). There was no significant difference in N1-P2 latency recorded from the normal hearing ear and the CI. CONCLUSION: Cortical auditory evoked response latencies recorded from the CI and NHe showed no significant difference, indicating that the detection of sound in the auditory cortex occurred simultaneously, providing the cortex with auditory information for binaural hearing.</text>
    </passage>
  </document>
</collection>
