<?xml version="1.0" encoding="UTF-8"?>
<!DOCTYPE collection SYSTEM "BioC.dtd">
<collection>
  <source>BioC-API</source>
  <date>20250411</date>
  <key>collection.key</key>
  <document>
    <id>32001265</id>
    <infon key="tt_curatable">no</infon>
    <infon key="tt_version">0</infon>
    <infon key="tt_round">0</infon>
    <passage>
      <infon key="type">title</infon>
      <offset>0</offset>
      <text>Novel antioxidant astaxanthin-s-allyl cysteine biconjugate diminished oxidative stress and mitochondrial dysfunction to triumph diabetes in rat model.</text>
    </passage>
    <passage>
      <infon key="type">abstract</infon>
      <offset>151</offset>
      <text>AIMS: The present study determines the effect of administration of novel antioxidant astaxanthin-s-allyl cysteine biconjugate (AST-SAC) against streptozotocin-induced diabetes mellitus (DM) in rats. MAIN METHODS: AST-SAC (1 mg/kg/day) was treated against DM in rats for 45 days. The oxidative stress, antioxidants level, insulin secretion, activities of various carbohydrate metabolizing enzymes were studied. The glucose uptake in L6 myotubes was studied. In addition, in silico analysis of interaction of AST-SAC with proteins such as insulin receptor (IR) and 5'-adenosine monophosphate-activated protein kinase (AMPK) were carried out. KEY FINDINGS: Administration of AST-SAC in DM rats has protected the mitochondrial function (decreased oxidative stress and normalized oxidative phosphorylation activities) and antioxidant capacity of the pancreas which has resulted in beta cells rejuvenation and insulin secretion restoration. AST-SAC decreased the alpha-glucosidases activities to bring glycemic control in DM rats. Due to these effects the glycoprotein components and lipids were restored to near normalcy in DM rats. AST-SAC protected the antioxidant status of liver, kidney and plasma; and curbed the progression of secondary complications of DM. AST-SAC treatment stimulated glucose uptake in L6 myotubes in in vitro. To support this observation, AST-SAC interacted with proteins such as IR and AMPK in silico. SIGNIFICANCE: AST-SAC can be considered as "multi-target-directed ligand", that is, through these manifold effects, AST-SAC has been able to prevail over DM in rats.</text>
    </passage>
  </document>
</collection>
