<?xml version="1.0" encoding="UTF-8"?>
<!DOCTYPE collection SYSTEM "BioC.dtd">
<collection>
  <source>BioC-API</source>
  <date>20250411</date>
  <key>collection.key</key>
  <document>
    <id>32193102</id>
    <infon key="tt_curatable">no</infon>
    <infon key="tt_version">0</infon>
    <infon key="tt_round">0</infon>
    <passage>
      <infon key="type">title</infon>
      <offset>0</offset>
      <text>Ameliorative effect of selective NLRP3 inflammasome inhibitor MCC950 in an ovalbumin-induced allergic rhinitis murine model.</text>
    </passage>
    <passage>
      <infon key="type">abstract</infon>
      <offset>125</offset>
      <text>Allergic rhinitis (AR) is a complex IgE-mediated nasal allergic and inflammatory disease. Nucleotide-binding domain (NOD)-like receptor protein 3 (NLRP3) is essential in the process of allergic and inflammatory responses. MCC950 is a selective NLRP3 inhibitor. However, its role and mechanism in AR remains undetermined. The present study aimed to explore the effect and mechanism of MCC950 on an ovalbumin (OVA) induced mouse model of AR. The AR BALB/c mice were constructed using OVA and administrated intranasally with MCC950. Concentrations of OVA-specific IgE, histamines and leukotrienes C4 (LTC4) in serum, and OVA-specific IgE, ECP, IFN-γ, IL-4, IL-5, IL-13, IL-1β and IL-18 in nasal lavage fluid (NLF) were assayed by enzyme-linked immunosorbent assay (ELISA). Inflammatory cells were counted in NLF. HE and PAS staing were used for evaluating eosinophils and goblet cells. Immunohistochemistry (IHC) staining were employed to evaluate immunolabeling of NLRP3, Caspase-1, ASC, IL-1β and IL-18 in nasal mucosas of mice. Real-time PCR was conducted to assay NLRP3, Caspase-1, ASC, IL-1β and IL-18 mRNA levels. In vitro studies, western blotting, real-time PCR and ELISA were performed to evaluate the effects and mechanisms of OVA and NLRP3 inhibitor MCC950 on spleen mononuclear cells. We found significant downregulation of sneezing, nasal rubbing, inflammatory cytokines, inflammatory cells and NLRP3, Caspase-1, ASC, IL-1β and IL-18 expression in MCC950 treated mice compared with untreated AR mice. In spleen mononuclear cells culture and stimulation experiment, NLRP3, Caspase-1, ASC, IL-1β and IL-18 levels were upregulated by OVA but inhibited by MCC950. In conclusion, MCC950 could effectively exert its ameliorative effect in murine AR by inhibiting NLRP3 and leads to reduction of Caspase-1, ASC, IL-1β and IL-18, resulting in the attenuation of the allergic and inflammatory responses.</text>
    </passage>
  </document>
</collection>
