<?xml version="1.0" encoding="UTF-8"?>
<!DOCTYPE collection SYSTEM "BioC.dtd">
<collection>
  <source>BioC-API</source>
  <date>20250411</date>
  <key>collection.key</key>
  <document>
    <id>32251758</id>
    <infon key="tt_curatable">no</infon>
    <infon key="tt_version">0</infon>
    <infon key="tt_round">0</infon>
    <passage>
      <infon key="type">title</infon>
      <offset>0</offset>
      <text>Trigonella stellata reduced the deleterious effects of diabetes mellitus through alleviation of oxidative stress, antioxidant- and drug-metabolizing enzymes activities.</text>
    </passage>
    <passage>
      <infon key="type">abstract</infon>
      <offset>169</offset>
      <text>ETHNOPHARMACOLOGICAL RELEVANCE: Genus Trigonella has a history of folkloric medicinal uses in China, Japan, Egypt and India. There are a variety of therapeutic actions of Trigonella including hypocholesterolemia, hypoglycemia, antibacterial, antiviral, anti-inflammatory activities, antioxidants and appetite stimulant. AIM OF THE STUDY: The prevalence of diabetes mellitus is increasing annually. The present study aims at investigating the protective effects of Trigonella stellata against the adverse effects of diabetes mellitus through investigation of the changes in phase I &amp; II drug-metabolizing enzyme activities, protein expression of cytochrome P450 isoenzymes [CYP2E1 &amp; 3A4], oxidative stress, antioxidant enzymes as well as histopathology of both liver and kidney tissues. METHODS: GC-MS and MALDI-TOF were used to analyze the main constituents of the aqueous and the ethanolic extract of Trigonella stellata. Western immunoblotting technique used to show the protein expression of CYP450 isozymes in different groups. Spectrophotometric- and fluorophotometric techniques were also used for assessment of different hepatic integrity enzymes. Histopathological techniques used to illustrate the changes in the tissues of both livers and kidneys after different treatments. RESULTS: Trigonelline was found to be the main constituent of both aqueous and ethanolic extract of Trigonella stellata. Administration of the aqueous and/or the ethanolic extracts of Trigonella stellata to the diabetic rats was found to decrease the blood glucose level, the biochemical markers of both liver (transaminases activities, Lactate dehydrogenase, gamma-glutamyl transferase) and the renal functions (urea, creatinine and bilirubin) which were increased in diabetic-treated rats relative to their normal levels. Diabetes mellitus potentially induced the oxidative stress, and also activities of dimethylnitrosamine N-demethylase I, cytochrome c-reductase, ethoxyresourfin O-deethylase, and the total hepatic content of cytochrome P450. On the other hand, the activity of catalase [CAT], superoxide dismutase [SOD], glutathione S-transferase [GST], glutathione reductase [GR], glutathione peroxidase [GPx] and levels of reduced glutathione [GSH] were potentially inhibited in diabetic rats compared to the control rats. However, treatments of diabetic rats with either aqueous and/or ethanolic extracts of Trigonella stellata restored such changes caused by diabetes almost nearly to their normal levels compared to the control group. Supporting the activity of dimethyl nitrosamine N-demethylase I activity, the protein expression of CYP2E1 was also induced in diabetic rats. However, the aqueous extract of Trigonella stellata was more effective than ethanolic extract in restoring the changes in the protein expression of CYP2E. On the other hand, the protein expression of CYP3A4 was markedly decreased in diabetic rats, and this decrease was partially restored to its normal level after treatment of diabetic rats with aqueous and/or ethanolic extracts. In addition, Trigonella stellata extracts alleviated the histopathological changes in livers and kidneys caused by diabetes mellitus. CONCLUSION: It is concluded that diabetes mellitus induced changes in oxidative stress, phase I &amp; II drug-metabolizing enzymes, and antioxidant enzymes activities, whereas both extracts of Trigonella stellata alleviated such changes. Alterations in cytochrome P450 system should be considered when therapeutic drugs are administered to diabetic patients since most of xenobiotic are mainly metabolized by this system.</text>
    </passage>
  </document>
</collection>
