<?xml version="1.0" encoding="UTF-8"?>
<!DOCTYPE collection SYSTEM "BioC.dtd">
<collection>
  <source>BioC-API</source>
  <date>20250411</date>
  <key>collection.key</key>
  <document>
    <id>32258255</id>
    <infon key="tt_curatable">no</infon>
    <infon key="tt_version">0</infon>
    <infon key="tt_round">0</infon>
    <passage>
      <infon key="type">title</infon>
      <offset>0</offset>
      <text>Interactions between pyridostigmine bromide and stress on glutamatergic neurochemistry: Insights from a rat model of Gulf War Illness.</text>
    </passage>
    <passage>
      <infon key="type">abstract</infon>
      <offset>135</offset>
      <text>Pyridostigmine bromide (PB) was administered to soldiers during the first Gulf War as a prophylactic treatment to protect against toxicity in the event of exposure to nerve agents. Although originally thought to pose minimal risk to soldiers, epidemiological studies have since correlated PB administration with the development of a variety of symptoms, including cognitive dysfunction, termed Gulf War Illness (GWI). We previously demonstrated in a rodent model of GWI that central cholinergic responses were altered to various stimuli. In the current study we used in vivo microdialysis to examine how combinations of PB and repeated restraint stress (RRS) altered extracellular glutamate levels in response to an innate immune challenge (lipopolysaccharide; LPS) and an immobilization stress challenge in the prefrontal cortex (PFC) and hippocampus. There were four groups in this study: vehicle non-stressed control (Veh-NSC), vehicle-stressed (Veh-RRS), PB-NSC, and PB-RRS. While LPS decreased glutamate levels in PB-treated rats relative to vehicle-treated rats in the PFC, PB and stress interacted to attenuate LPS-induced decreases in hippocampal glutamate levels. Although immobilization stress increased glutamate in the PFC, glutamate levels in PB-NSC rats failed to recover in the post-stress period relative to vehicle-treated rats. In the hippocampus, PB-stressed rats failed to exhibit habituation of the glutamate response to immobilization stress relative to vehicle-stressed rats. Collectively, these results indicate that PB and stress interacted to produce brain-region specific effects on glutamate neurochemistry, providing insight into the potential mechanisms underlying interactions between the immune system and persistent cognitive dysfunction in veterans with GWI.</text>
    </passage>
  </document>
</collection>
