<?xml version="1.0" encoding="UTF-8"?>
<!DOCTYPE collection SYSTEM "BioC.dtd">
<collection>
  <source>BioC-API</source>
  <date>20250411</date>
  <key>collection.key</key>
  <document>
    <id>32311490</id>
    <infon key="tt_curatable">no</infon>
    <infon key="tt_version">0</infon>
    <infon key="tt_round">0</infon>
    <passage>
      <infon key="type">title</infon>
      <offset>0</offset>
      <text>Targeting DUSP7 signaling alleviates hepatic steatosis, inflammation and oxidative stress in high fat diet (HFD)-fed mice via suppression of TAK1.</text>
    </passage>
    <passage>
      <infon key="type">abstract</infon>
      <offset>147</offset>
      <text>The non-alcoholic fatty liver disease (NAFLD), as a critical liver disease, is still lack of effective treatments because the molecular mechanism revealing the NAFLD pathogenesis remains unclear. Dual specific phosphatase 6 (DUSP7) shows effects on inflammatory response and is a negative feedback mechanism of the mitogen-activated protein kinase (MAPK) superfamily, which are critical factors in regulating NAFLD progression. However, the effects of DUSP7 on hepatic steatosis are still not fully understood. Here, we found that DUSP7 functioned as a negative regulator of NAFLD and in various metabolic disorders. DUSP7 expression was markedly reduced in liver samples from patients with simple hepatic steatosis or non-alcoholic steatohepatitis (NASH), as well as in liver tissues from high fat diet (HFD)-challenged mice or genetically obese (ob/ob) mice. DUSP7 knockout markedly accelerated insulin resistance, glucose intolerance, liver dysfunction, fibrosis and hepatic steatosis in HFD-fed mice. In addition, inflammatory response was significantly exacerbated in HFD-challenged mice with DUSP7 deletion, which was associated with the elevated activation of nuclear factor-κB (NF-κB) and MAPKs signaling pathways. Moreover, oxidative stress was detected in liver of HFD-induced mice, and this phenomenon was aggravated in mice with DUSP7 knockout. Importantly, we demonstrated that DUSP7 physically interacted with transforming growth factor β (TGF-β)-activated kinase (TAK1). DUSP7 deletion considerably promoted the activation of TAK1 in mice after HFD feeding, contributing to the lipid deposition, inflammatory response and reactive oxygen species (ROS) production. Taken together, DUSP7 might function as a protective factor against NAFLD development and metabolic disorder through alleviating dyslipidemia, inflammation and oxidative stress by directly interacting with TAK1 in hepatocytes, which was involved in the suppression of fibrosis. Thus, we may provide an effective strategy for the treatment of hepatic steatosis via targeting DUSP7.</text>
    </passage>
  </document>
</collection>
