<?xml version="1.0" encoding="UTF-8"?>
<!DOCTYPE collection SYSTEM "BioC.dtd">
<collection>
  <source>BioC-API</source>
  <date>20250411</date>
  <key>collection.key</key>
  <document>
    <id>32417279</id>
    <infon key="tt_curatable">no</infon>
    <infon key="tt_version">0</infon>
    <infon key="tt_round">0</infon>
    <passage>
      <infon key="type">title</infon>
      <offset>0</offset>
      <text>Behavioral assessment of rimonabant under acute and chronic conditions.</text>
    </passage>
    <passage>
      <infon key="type">abstract</infon>
      <offset>72</offset>
      <text>Cannabinoid subtype 1 receptor (CB1R) antagonists were originally developed as anti-obesity agents. Unfortunately, SR1417116A (rimonabant), the first marketed inverse agonist of CB1R, produced CNS-related adverse effects including depression and suicidal ideation, and thus it was withdrawn from the market. These effects of rimonabant became evident in patients following chronic dosing. Standard preclinical toxicity studies failed to detect these adverse effects. The goal of these studies was to perform an integrated battery of behavioral assays to better understand the behavioral effects of rimonabant following both acute and chronic administration. In the present study, acute dosing with rimonabant in rats significantly decreased food consumption; decreased measures of locomotor activity; increased scratching, grooming and wet-dog shakes; and increased defecation. Subsequently, animals were tested using a chronic dosing regimen but prior to drug administration for that day. The highest dose of rimonabant tested significantly decreased marble burying behavior, presumably anxiolysis. There were also significant effects in social interaction after chronic dosing. Our results did not reveal significant rimonabant-induced anxiogenic behaviors. Future studies to characterize behavioral screens for anxiogenic effects of CB1 antagonists in rodents should further explore social interaction paradigms and potential comorbid factors of rimonabant dosing such as sex, age, and obesity.</text>
    </passage>
  </document>
</collection>
