<?xml version="1.0" encoding="UTF-8"?>
<!DOCTYPE collection SYSTEM "BioC.dtd">
<collection>
  <source>BioC-API</source>
  <date>20250411</date>
  <key>collection.key</key>
  <document>
    <id>32559456</id>
    <infon key="tt_curatable">no</infon>
    <infon key="tt_version">0</infon>
    <infon key="tt_round">0</infon>
    <passage>
      <infon key="type">title</infon>
      <offset>0</offset>
      <text>Chromatin Complexes Maintain Self-Renewal of Myeloid Progenitors in AML: Opportunities for Therapeutic Intervention.</text>
    </passage>
    <passage>
      <infon key="type">abstract</infon>
      <offset>117</offset>
      <text>Specific subgroups of acute myeloid leukemia (AML), including those containing MLL rearrangements and NPM1c mutations, possess characteristic stem cell-like gene expression profiles. These expression programs are highly dependent on components of the MLL histone methyltransferase complex, including Menin and DOT1L. Understanding the chromatin-based mechanisms through which cancer cells subvert certain aspects of normal stem cell biology helped identify specific vulnerabilities and translate them into targeted therapy approaches. Exciting progress has been made in the development of small-molecule inhibitors targeting this epigenetic machinery in leukemia cells and prompted the development of clinical trials in patients with hematologic malignancies.</text>
    </passage>
  </document>
</collection>
