<?xml version="1.0" encoding="UTF-8"?>
<!DOCTYPE collection SYSTEM "BioC.dtd">
<collection>
  <source>BioC-API</source>
  <date>20250411</date>
  <key>collection.key</key>
  <document>
    <id>32855091</id>
    <infon key="tt_curatable">no</infon>
    <infon key="tt_version">0</infon>
    <infon key="tt_round">0</infon>
    <passage>
      <infon key="type">title</infon>
      <offset>0</offset>
      <text>Pericyte-Derived Extracellular Vesicle-Mimetic Nanovesicles Restore Erectile Function by Enhancing Neurovascular Regeneration in a Mouse Model of Cavernous Nerve Injury.</text>
    </passage>
    <passage>
      <infon key="type">abstract</infon>
      <offset>170</offset>
      <text>BACKGROUND: Extracellular vesicle (EV)-mimetic nanovesicles (NVs) from embryonic stem cells have been observed to stimulate neurovascular regeneration in the streptozotocin-induced diabetic mouse. Pericytes play important roles in maintaining penile erection, yet no previous studies have explored the effects of pericyte-derived NVs (PC-NVs) in neurovascular regeneration in the context of erectile dysfunction. AIM: To investigate the potential effect of PC-NVs in neurovascular regeneration. METHODS: PC-NVs were isolated from mouse cavernous pericytes, and neurovascular regeneration was evaluated in an in vitro study. Twelve-week-old C57BL/6J mice were used to prepare cavernous nerve injury model. Erectile function evaluation, histologic examination of the penis, and Western blots were assessed 2 weeks after model creation and PC-NVs treatment. OUTCOMES: The main outcomes of this study are PC-NVs characterization, intracavernous pressure, neurovascular regeneration in the penis, and in vitro functional evaluation. RESULTS: The PC-NVs were extracted and characterized by cryotransmission electron microscopy and EV-positive (Alix, TSG101, CD81) and EV-negative (GM130) markers. In the in vivo studies, PC-NVs successfully improved erectile function in cavernous nerve injury mice (∼82% of control values). Immunofluorescence staining showed significant increases in pericytes, endothelial cell, and neuronal contents. In the in vitro studies, PC-NVs significantly increased mouse cavernous endothelial cells tube formation, Schwann cell migration, and dorsal root ganglion and major pelvic ganglion neurite sprouting. Finally, Western blot analysis revealed that PC-NVs upregulated cell survival signaling (Akt and eNOS) and induced the expression of neurotrophic factors (brain-derived neurotrophic factor, neurotrophin-3, and nerve growth factor). CLINICAL IMPLICATIONS: PC-NVs may be used as a strategy to treat erectile dysfunction after radical prostatectomy or in men with neurovascular diseases. STRENGTHS &amp; LIMITATIONS: We evaluated the effect of PC-NVs in vitro and in a mouse nerve injury model, cavernous nerve injury. Additional studies are necessary to determine the detailed mechanisms of neurovascular improvement. Further study is needed to test whether PC-NVs are also effective when given weeks or months after nerve injury. CONCLUSION: PC-NVs significantly improved erectile function by enhancing neurovascular regeneration. Local treatment with PC-NVs may represent a promising therapeutic strategy for the treatment of neurovascular diseases. Yin GN, Park S-H, Ock J, et al. Pericyte-Derived Extracellular Vesicle-Mimetic Nanovesicles Restore Erectile Function by Enhancing Neurovascular Regeneration in a Mouse Model of Cavernous Nerve Injury. J Sex Med 2020;17:2118-2128.</text>
    </passage>
  </document>
</collection>
