<?xml version="1.0" encoding="UTF-8"?>
<!DOCTYPE collection SYSTEM "BioC.dtd">
<collection>
  <source>BioC-API</source>
  <date>20250411</date>
  <key>collection.key</key>
  <document>
    <id>33223115</id>
    <infon key="tt_curatable">no</infon>
    <infon key="tt_version">0</infon>
    <infon key="tt_round">0</infon>
    <passage>
      <infon key="type">title</infon>
      <offset>0</offset>
      <text>Ethyl acetate extract of Tibetan medicine Rhamnella gilgitica ameliorated type II collagen-induced arthritis in rats via regulating JAK-STAT signaling pathway.</text>
    </passage>
    <passage>
      <infon key="type">abstract</infon>
      <offset>160</offset>
      <text>ETHNOPHARMACOLOGICAL RELEVANCE: Rhamnella gilgitica Mansf. et Melch. (སེང་ལྡེང་།, RG) is a traditional Tibetan medicinal plant that is currently grown throughout Tibet. According to the theory of Tibetan medicine, RG is efficient for removing rheumatism, reducing swelling, and relieving pain. Hence, it has been used for the treatment of rheumatoid arthritis (RA) in Tibet for many years. However, there are no previous reports on the anti-RA activities of ethyl acetate extract of RG (RGEA). AIM OF THE STUDY: This study aimed to explore the anti-RA effect and mechanism of RGEA on collagen-induced arthritis (CIA) in rats. MATERIALS AND METHODS: The CIA model was established in male Wister rats by intradermal injection of bovine type II collagen and Complete Freund's Adjuvant at the base of the tail and left sole, respectively. The rats were orally administered with RGEA (9.71, 19.43, or 38.85 mg/kg) for 23 days. The body weight, swelling volume, arthritis index score, thymus and spleen indices, and pathological changes were observed to evaluate the effect of RGEA on RA. Furthermore, the inflammatory cytokines in serum, such as interleukin1 beta (IL-1β), tumor necrosis factor alpha (TNF-α), interleukin6 (IL-6), interleukin17 (IL-17), interferon-γ (INF-γ), interleukin4 (IL-4), and interleukin10 (IL-10) were measured by enzyme linked immunosorbent assay (ELISA) to explore the anti-inflammatory effects of RGEA. The terminal deoxynucleotidyl transferase dUTP nick-end labelling (TUNEL) staining was used to examine apoptosis. Finally, the protein and gene expression of B-cell lymphoma-2-associated X (Bax), B-cell lymphoma 2 (Bcl-2), Caspase3, janus-activated kinase 2 (JAK2), signal transducer and activator of transcription 3 (STAT3), suppressor of cytokine signaling1 (SOCS1), and 3 (SOCS3) in synovial tissue were detected using immunohistochemistry and real-time quantitative polymerase chain reaction (RT-qPCR). RESULTS: After the treatment with RGEA, the body weight of rats was restored, both the arthritis index and paw swelling were suppressed, and spleen and thymus indices were decreased. RGEA reduced the inflammatory cells and synovial hyperplasia in the synovial tissue of the knee joint, and suppressed bone erosion. Meanwhile, RGEA decreased the levels of IL-1β, IL-6, IL-17, TNF-α, and INF-γ, while increased the levels of IL-4 and IL-10. TUNEL fluorescence apoptosis results confirmed that RGEA obviously promoted the apoptosis of synovial cells. Further studies showed that RGEA inhibited the proteins and mRNAs expression of JAK2 and STAT3 as well as increased the proteins and mRNAs expression of SOCS1 and SOCS3. In addition, RGEA upregulated the expression of Bax and Caspase3, and downregulated the expression of Bcl-2. CONCLUSION: The anti-RA effectof RGEA might be related to the promotion of apoptosis and inhibition of inflammation, which regulated the JAK-STAT pathway.</text>
    </passage>
  </document>
</collection>
