<?xml version="1.0" encoding="UTF-8"?>
<!DOCTYPE collection SYSTEM "BioC.dtd">
<collection>
  <source>BioC-API</source>
  <date>20250411</date>
  <key>collection.key</key>
  <document>
    <id>33628593</id>
    <infon key="tt_curatable">no</infon>
    <infon key="tt_version">0</infon>
    <infon key="tt_round">0</infon>
    <passage>
      <infon key="type">title</infon>
      <offset>0</offset>
      <text>Patient-derived non-small cell lung cancer xenograft mirrors complex tumor heterogeneity.</text>
    </passage>
    <passage>
      <infon key="type">abstract</infon>
      <offset>90</offset>
      <text>Objective: Patient-derived xenograft (PDX) models have shown great promise in preclinical and translational applications, but their consistency with primary tumors in phenotypic, genetic, and pharmacodynamic heterogeneity has not been well-studied. This study aimed to establish a PDX repository for non-small cell lung cancer (NSCLC) and to further elucidate whether it could preserve the heterogeneity within and between tumors in patients. Methods: A total of 75 surgically resected NSCLC specimens were implanted into immunodeficient NOD/SCID mice. Based on the successful establishment of the NSCLC PDX model, we compared the expressions of vimentin, Ki67, EGFR, and PD-L1 proteins between cancer tissues and PDX models using hematoxylin and eosin staining and immunohistochemical staining. In addition, we detected whole gene expression profiling between primary tumors and PDX generations. We also performed whole exome sequencing (WES) analysis in 17 first generation xenografts to further assess whether PDXs retained the patient heterogeneities. Finally, paclitaxel, cisplatin, doxorubicin, atezolizumab, afatininb, and AZD4547 were used to evaluate the responses of PDX models to the standard-of-care agents. Results: A large collection of serially transplantable PDX models for NSCLC were successfully developed. The histology and pathological immunohistochemistry of PDX xenografts were consistent with the patients' tumor samples. WES and RNA-seq further confirmed that PDX accurately replicated the molecular heterogeneities of primary tumors. Similar to clinical patients, PDX models responded differentially to the standard-of-care treatment, including chemo-, targeted- and immuno-therapeutics. Conclusions: Our established PDX models of NSCLC faithfully reproduced the molecular, histopathological, and therapeutic characteristics, as well as the corresponding tumor heterogeneities, which provides a clinically relevant platform for drug screening, biomarker discovery, and translational research.</text>
    </passage>
  </document>
</collection>
