<?xml version="1.0" encoding="UTF-8"?>
<!DOCTYPE collection SYSTEM "BioC.dtd">
<collection>
  <source>BioC-API</source>
  <date>20250411</date>
  <key>collection.key</key>
  <document>
    <id>3364114</id>
    <infon key="tt_curatable">no</infon>
    <infon key="tt_version">0</infon>
    <infon key="tt_round">0</infon>
    <passage>
      <infon key="type">title</infon>
      <offset>0</offset>
      <text>[Changes in the peripheral nerves in traction injuries].</text>
    </passage>
    <passage>
      <infon key="type">abstract</infon>
      <offset>57</offset>
      <text>The functional and structural changes in a nerve with various degree of stretching were studied by complex examination of 126 animals by means of neurophysiological and neurohistological methods. The character of changes in a nerve in traction trauma was found to be dependent on the degree of its stretching and the individual features of its external and intertruncal structure. A correlation between the type of changes and the size of nerve distraction was encountered.</text>
    </passage>
  </document>
</collection>
