<?xml version="1.0" encoding="UTF-8"?>
<!DOCTYPE collection SYSTEM "BioC.dtd">
<collection>
  <source>BioC-API</source>
  <date>20250411</date>
  <key>collection.key</key>
  <document>
    <id>33673616</id>
    <infon key="tt_curatable">no</infon>
    <infon key="tt_version">0</infon>
    <infon key="tt_round">0</infon>
    <passage>
      <infon key="type">title</infon>
      <offset>0</offset>
      <text>The Effect of Melatonin on Periodontitis.</text>
    </passage>
    <passage>
      <infon key="type">abstract</infon>
      <offset>42</offset>
      <text>BACKGROUND: Periodontitis is a chronic disease with a complex etiology that includes bacterial colonization, excessive inflammation, and oxidative stress. The hormone melatonin has antioxidant properties and might contribute to alleviating chronic conditions by reducing oxidative stress. The aim of this study was to analyze the effect of exogenous melatonin on periodontitis in an animal model of the disease as well as in patients with periodontitis. METHODS: In rats with ligature-induced periodontitis, melatonin was administered in drinking water for two weeks. In the human study, patients with treatment-resistant periodontitis were asked to rinse their mouths with a solution containing melatonin or placebo every evening for two weeks. Periodontal status as well as salivary markers of oxidative stress were assessed at the end of the study. RESULTS: Neither radiography nor μCT revealed any significant effects of melatonin on alveolar bone loss. Gum recession was the only improved macroscopic measure in rats (p &lt; 0.05). Analysis of salivary markers of oxidative stress revealed no effects of treatment in rats or humans despite clearly elevated melatonin concentrations in melatonin treated groups. CONCLUSION: Our results do not support the use of melatonin for the treatment of periodontitis. However, the negative outcome is limited by the short duration of the study and the chosen route of application as well as the dose of melatonin.</text>
    </passage>
  </document>
</collection>
