<?xml version="1.0" encoding="UTF-8"?>
<!DOCTYPE collection SYSTEM "BioC.dtd">
<collection>
  <source>BioC-API</source>
  <date>20250411</date>
  <key>collection.key</key>
  <document>
    <id>33705732</id>
    <infon key="tt_curatable">no</infon>
    <infon key="tt_version">0</infon>
    <infon key="tt_round">0</infon>
    <passage>
      <infon key="type">title</infon>
      <offset>0</offset>
      <text>Altered hippocampal function and cytokine levels in a rat model of Gulf War illness.</text>
    </passage>
    <passage>
      <infon key="type">abstract</infon>
      <offset>85</offset>
      <text>AIMS: Gulf War illness (GWI) is a disorder affecting military personnel deployed in the Gulf War (GW) from 1990 to 1991. Here, we will use a rat model of GWI to evaluate hippocampal function and cytokine levels. MATERIALS AND METHODS: Rats were exposed to diethyltoluamide and permethrin via dermal absorption and pyridostigmine bromide via gavage with or without a 5-min restraint for 28 days. Immediate and delayed effects of GW chemical exposure were evaluated using electrophysiology to quantitate hippocampal function, behavioral tests to assess cognitive effects and biochemical assays to measure neurotransmitter and cytokine levels. KEY FINDINGS: Behavioral data revealed a statistically significant increase in motor activity at 3 months following completion of exposures, potentially indicating increased excitability, and/or restlessness. Electrophysiology data revealed statistically significant changes in paired pulse facilitation and input-output function of CA1 hippocampal neurons within 24 h and 3 months following completion of exposures. There was also a statistically significant reduction in the frequency of spontaneous firing activity of hippocampal neurons within 24 h following exposures. Naïve hippocampal slices directly incubated in GW chemicals also resulted in similar changes in electrophysiological parameters. Biochemical measurements revealed reduced hippocampal glutamate level at 3 months post-exposure. Furthermore, there was a statistically significant increase in plasma and hippocampal levels of IL-13, as well as decrease in plasma level of IL-1β. SIGNIFICANCE: Our data support an effect on glutamate signaling within the hippocampus as indicated by changes in PPF and hippocampal level of glutamate, with some activation of T helper type 2 immune response.</text>
    </passage>
  </document>
</collection>
