<?xml version="1.0" encoding="UTF-8"?>
<!DOCTYPE collection SYSTEM "BioC.dtd">
<collection>
  <source>BioC-API</source>
  <date>20250411</date>
  <key>collection.key</key>
  <document>
    <id>33752134</id>
    <infon key="tt_curatable">no</infon>
    <infon key="tt_version">0</infon>
    <infon key="tt_round">0</infon>
    <passage>
      <infon key="type">title</infon>
      <offset>0</offset>
      <text>Development of a system combining comprehensive genotyping and organoid cultures for identifying and testing genotype-oriented personalised medicine for pancreatobiliary cancers.</text>
    </passage>
    <passage>
      <infon key="type">abstract</infon>
      <offset>179</offset>
      <text>BACKGROUND: Pancreatobiliary cancer is a highly aggressive tumour with a dismal prognosis. Personalised medicine represents a promising and effective therapeutic approach for this intractable disease. In this study, we aimed to establish a system for identifying and testing genotype-oriented targeted drugs for pancreatobiliary cancers by combining exome sequencing and organoid culture of primary tumours. METHODS: Tumour cells isolated from resected tumours were subjected to organoid cultures based on published protocols with modifications. Exome sequencing was performed on the primary tumours. Histopathological and molecular features of the primary tumours were validated in the corresponding organoids. Genotype-oriented candidate targeted drugs were identified from exome sequencing, and their efficacies were tested in the organoids. RESULTS: Organoid cultures succeeded in 30 of 54 (55.6%) cases. Six primary cancers of the biliary tract and gall bladder were subjected to exome sequencing, which revealed a variety of somatic mutations of genes involved in signalling pathways, epigenetic modifiers, genome maintenance and metabolic enzymes. Most of the organoids of these 6 cases showed identical histopathological features and genomic aberrations as those of the primary tumours. Some of the aberrations were candidates for targeted therapies. Integrin-linked kinase (ILK) was one such candidate target, and an ILK inhibitor was confirmed to suppress proliferation of patient-derived organoids. CONCLUSIONS: By combining exome sequencing and organoid culture, our model enabled to identify genotype-oriented targets for personalised medicine and to test efficacies of candidate targeted drugs in the organoids. The current proof-of-concept approach could increase therapeutic opportunities for patients with pancreatobiliary cancers.</text>
    </passage>
  </document>
</collection>
