<?xml version="1.0" encoding="UTF-8"?>
<!DOCTYPE collection SYSTEM "BioC.dtd">
<collection>
  <source>BioC-API</source>
  <date>20250411</date>
  <key>collection.key</key>
  <document>
    <id>34463610</id>
    <infon key="tt_curatable">no</infon>
    <infon key="tt_version">0</infon>
    <infon key="tt_round">0</infon>
    <passage>
      <infon key="type">title</infon>
      <offset>0</offset>
      <text>Medications for chronic obstructive pulmonary disease: a historical non-interventional cohort study with validation against RCT results.</text>
    </passage>
    <passage>
      <infon key="type">abstract</infon>
      <offset>137</offset>
      <text>BACKGROUND: Chronic obstructive pulmonary disease treatment is informed by randomised controlled trial results, but it is unclear if these findings apply to people excluded from these trials. We used data from the TORCH (TOwards a Revolution in COPD Health) randomised controlled trial to validate non-interventional methods for assessing the clinical effectiveness of chronic obstructive pulmonary disease treatment in the UK Clinical Practice Research Datalink, before applying these methods to the analysis of people who would have been excluded from TORCH. OBJECTIVES: To validate the use of non-interventional Clinical Practice Research Datalink data and methods for estimating chronic obstructive pulmonary disease treatment effects against trial results, and, using validated methods, to determine treatment effects in people who would have been excluded from the TORCH trial. DESIGN: A historical non-interventional cohort design, including validation against randomised controlled trial results. SETTING: The UK Clinical Practice Research Datalink. PARTICIPANTS: People aged ≥ 18 years with chronic obstructive pulmonary disease registered in Clinical Practice Research Datalink GOLD between January 2000 and January 2017. For objective 1, we prepared a cohort that was analogous to the TORCH trial cohort by applying TORCH trial inclusion/exclusion criteria followed by individual matching to TORCH trial participants. For objectives 2 and 3, we prepared cohorts that were analogous to the TORCH trial that, nevertheless, would not have been eligible for the TORCH trial because of age, asthma, comorbidity or mild disease. INTERVENTIONS: The long-acting beta-2 agonist and inhaled corticosteroid combination product Seretide (GlaxoSmithKline plc) [i.e. fluticasone propionate plus salmeterol (FP-SAL)] compared with (1) no FP-SAL exposure or (2) exposure to salmeterol (i.e. the long-acting beta-2 agonist) only. MAIN OUTCOME MEASURES: Exacerbations, mortality, pneumonia and time to treatment change. RESULTS: For objective 1, the exacerbation rate ratio was comparable to that in the TORCH trial for FP-SAL compared with salmeterol (0.85, 95% confidence interval 0.74 to 0.97, vs. TORCH trial 0.88, 95% confidence interval 0.81 to 0.95), but not for FP-SAL compared with no FP-SAL (1.30, 95% confidence interval 1.19 to 1.42, vs. TORCH trial 0.75, 95% confidence interval 0.69 to 0.81). Active comparator results were also consistent with the TORCH trial for mortality (hazard ratio 0.93, 95% confidence interval 0.65 to 1.32, vs. TORCH trial hazard ratio 0.93, 95% confidence interval 0.77 to 1.13) and pneumonia (risk ratio 1.39, 95% confidence interval 1.04 to 1.87, vs. TORCH trial risk ratio 1.47, 95% confidence interval 1.25 to 1.73). For objectives 2 and 3, active comparator results were consistent with the TORCH trial for exacerbations, with the exception of people with milder chronic obstructive pulmonary disease, in whom we observed a stronger protective association (risk ratio 0.56, 95% confidence interval 0.46 to 0.70, vs. TORCH trial risk ratio 0.85, 95% confidence interval 0.74 to 0.97). For the analysis of mortality, we saw a lack of association with being prescribed FP-SAL (vs. being prescribed salmeterol), with the exception of those with prior asthma, for whom we observed an increase in mortality (hazard ratio 1.49, 95% confidence interval 1.21 to 1.85, vs. TORCH trial-analogous HR 0.93, 95% confidence interval 0.64 to 1.32). CONCLUSIONS: Routinely collected electronic health record data can be used to successfully measure chronic obstructive pulmonary disease treatment effects when comparing two treatments, but not for comparisons between active treatment and no treatment. Analyses involving patients who would have been excluded from trials mostly suggests that treatment effects for FP-SAL are similar to trial effects, although further work is needed to characterise a small increased risk of death in those with concomitant asthma. LIMITATIONS: Some of our analyses had small numbers. FUTURE WORK: The differences in treatment effects that we found should be investigated further in other data sets. Currently recommended chronic obstructive pulmonary disease inhaled combination therapy (other than FP-SAL) should also be investigated using these methods. FUNDING: This project was funded by the National Institute for Health Research (NIHR) Health Technology Assessment programme and will be published in full in Health Technology Assessment; Vol. 25, No. 51. See the NIHR Journals Library website for further project information.</text>
    </passage>
  </document>
</collection>
