<?xml version="1.0" encoding="UTF-8"?>
<!DOCTYPE collection SYSTEM "BioC.dtd">
<collection>
  <source>BioC-API</source>
  <date>20250411</date>
  <key>collection.key</key>
  <document>
    <id>34481478</id>
    <infon key="tt_curatable">no</infon>
    <infon key="tt_version">0</infon>
    <infon key="tt_round">0</infon>
    <passage>
      <infon key="type">title</infon>
      <offset>0</offset>
      <text>B cell activating factor regulates periodontitis development by suppressing inflammatory responses in macrophages.</text>
    </passage>
    <passage>
      <infon key="type">abstract</infon>
      <offset>115</offset>
      <text>BACKGROUND: B cell activating factor (BAFF) is a member of the tumor necrosis factor (TNF) superfamily with immunomodulatory effects on both innate and adaptive immune responses. Periodontitis is an inflammatory disease characterized by periodontal soft tissue inflammation and the progressive loss of periodontal ligament and alveolar bone. Macrophages are closely related to periodontitis progression. However, the role of BAFF in periodontitis development and macrophage polarization and the underlying mechanism remain unknown. METHODS: In vivo, a ligation-induced mouse model of periodontitis for BAFF blockade was established to investigate the expression of inducible nitric oxide synthase (iNOS) through real-time PCR (RT-PCR) and immunohistochemistry. In addition, the level of TNF-α in the periodontium, the number of osteoclasts, and alveolar bone resorption were observed. In vitro, RAW 264.7 macrophage cells were treated with 100 ng/mL Porphyromonas gingivalis lipopolysaccharide (P. gingivalis LPS) in either the presence or absence of 50 nM small interfering RNA (siRNA) targeting BAFF, followed by further incubation for 24 h. These cells and supernatants were collected and stored for RT-PCR, enzyme-linked immunosorbent assay, western blotting and immunofluorescence microscopy. RESULTS: In vivo, BAFF blockade decreased the levels of TNF-α in the periodontium in a ligature-induced mouse periodontitis model. Reduced osteoclast formation and lower alveolar bone loss were also observed. In addition, BAFF blockade was related to the expression of polarization signature molecules in macrophages. In vitro, BAFF knockdown notably suppressed the production of TNF-α in RAW 264.7 cells stimulated by P. gingivalis LPS. Moreover, BAFF knockdown attenuated the polarization of RAW 264.7 cells into classically activated macrophages (M1), with reduced expression of iNOS. CONCLUSIONS: Based on our limited evidence, we showed BAFF blockade exhibits potent anti-inflammatory properties in mice experimental periodontitis in vivo and in P. gingivalis LPS-treated RAW 264.7 cells in vitro, and macrophage polarization may be responsible for this effect.</text>
    </passage>
  </document>
</collection>
