<?xml version="1.0" encoding="UTF-8"?>
<!DOCTYPE collection SYSTEM "BioC.dtd">
<collection>
  <source>BioC-API</source>
  <date>20250411</date>
  <key>collection.key</key>
  <document>
    <id>34525389</id>
    <infon key="tt_curatable">no</infon>
    <infon key="tt_version">0</infon>
    <infon key="tt_round">0</infon>
    <passage>
      <infon key="type">title</infon>
      <offset>0</offset>
      <text>A mouse model of the regression of alcoholic hepatitis: Monitoring the regression of hepatic steatosis, inflammation, oxidative stress, and NAD+ metabolism upon alcohol withdrawal.</text>
    </passage>
    <passage>
      <infon key="type">abstract</infon>
      <offset>181</offset>
      <text>This study aimed to develop a well-characterized mouse model of alcoholic hepatitis (AH) regression. Male C57BL/6J mice were fed a Lieber-DeCarli (LD) control diet or LD containing 5% ethanol for ten days followed by one binge, which is the chronic-binge model of AH developed by the National Institute on Alcohol Abuse and Alcoholism. To determine AH regression, mice previously exposed to ethanol were put on LD control diet and metabolic and inflammatory features were monitored weekly for three weeks. Serum alcohol, total cholesterol, and alanine transaminase levels were increased in ethanol-fed mice, which declined to those of no ethanol controls within one and three weeks after ethanol withdrawal, respectively. Serum malondialdehyde was increased with ethanol feeding, but it was restored to no ethanol control levels within one week. Ethanol-induced changes in the hepatic expression of genes involved in lipogenesis, fatty acid oxidation, ethanol metabolism, and antioxidant response were restored to those of no ethanol controls after 3 weeks of ethanol withdrawal. Also, ethanol-induced hepatic inflammation was gradually decreased during the 3 weeks of ethanol withdrawal. Hepatic nicotinamide adenine dinucleotide (NAD+) levels and the expression of enzymes involved in the NAD+ salvage pathway were decreased by ethanol feeding, which was mitigated after ethanol withdrawal. Ethanol significantly lowered hepatic sirtuin 1 expression, but its levels were restored with ethanol cessation. This study established a mouse model of AH regression, which can be used as a preclinical model to study the potential of dietary bioactives or therapeutic agents on AH regression.</text>
    </passage>
  </document>
</collection>
