<?xml version="1.0" encoding="UTF-8"?>
<!DOCTYPE collection SYSTEM "BioC.dtd">
<collection>
  <source>BioC-API</source>
  <date>20250411</date>
  <key>collection.key</key>
  <document>
    <id>34546489</id>
    <infon key="tt_curatable">no</infon>
    <infon key="tt_version">0</infon>
    <infon key="tt_round">0</infon>
    <passage>
      <infon key="type">title</infon>
      <offset>0</offset>
      <text>Irisin alleviates FFA induced β-cell insulin resistance and inflammatory response through activating PI3K/AKT/FOXO1 signaling pathway.</text>
    </passage>
    <passage>
      <infon key="type">abstract</infon>
      <offset>138</offset>
      <text>PURPOSE: Type 2 diabetes mellitus is characterized by insulin resistance and β-cell dysfunction. Elevated free fatty acids-induced lipotoxicity may play a vital role in the pathogenesis of β-cell insulin resistance. Exercise-stimulated myokine irisin has been reported to be closely related to T2DM. However, its function on β-cell insulin signaling and the underlying mechanisms are only partially elucidated as yet. METHODS: High-fat diet-fed C57BL/6J mice and palmitic acid-treated MIN6 cell models were utilized as lipotoxic models. Factors associated with β-cell insulin signaling transduction and inflammatory responses were assessed in these models. Furthermore, the role of irisin in β-cells and the underlying mechanisms were also explored. RESULTS: Irisin effectively decreased lipid levels in HFD mice, enhanced glucose-stimulated insulin secretion and nullified the expressions of inflammatory cytokines in vivo and in vitro experiments. Moreover, irisin improved PI3K/AKT insulin signaling pathway and inhibited TLR4/NF-κB inflammatory signaling pathway in both islets of HFD mice and PA-treated MIN6 cells. Mechanistic analysis indicated that FOXO1 might serve as a bridge between the two pathways. CONCLUSION: Irisin alleviates lipotoxicity-induced β-cell insulin resistance and inflammatory response through the activation of PI3K/AKT/FOXO1 signaling pathways and the inhibition of TLR4/NF-κB signaling pathways. Irisin might provide a novel therapeutic strategy for T2DM.</text>
    </passage>
  </document>
</collection>
