<?xml version="1.0" encoding="UTF-8"?>
<!DOCTYPE collection SYSTEM "BioC.dtd">
<collection>
  <source>BioC-API</source>
  <date>20250411</date>
  <key>collection.key</key>
  <document>
    <id>35282802</id>
    <infon key="tt_curatable">no</infon>
    <infon key="tt_version">0</infon>
    <infon key="tt_round">0</infon>
    <passage>
      <infon key="type">title</infon>
      <offset>0</offset>
      <text>Ameliorative Effects of Malonyl Ginsenoside from Panax ginseng on Glucose-Lipid Metabolism and Insulin Resistance via IRS1/PI3K/Akt and AMPK Signaling Pathways in Type 2 Diabetic Mice.</text>
    </passage>
    <passage>
      <infon key="type">abstract</infon>
      <offset>185</offset>
      <text>Our previous study has revealed that malonyl-ginsenosides from Panax ginseng (PG-MGR) play a crucial role in the treatment of T2DM. However, its potential mechanism was still unclear. In this study, we investigated the anti-diabetic mechanisms of action of PG-MGR in high fat diet-fed (HFD) and streptozotocin-induced diabetic mice and determined the main constituents of PG-MGR responsible for its anti-diabetic effects. Our results showed that 16 malonyl ginsenosides were identified in PG-MGR by HPLC-ESI-MS/MS. PG-MGR treatment significantly reduced fasting blood glucose (FBG), triglyceride (TG), total cholesterol (TC), and low-density lipoprotein cholesterol (LDL-C) levels and improved insulin resistance and glucose tolerance. Simultaneously, PG-MGR treatment improved liver injury by decreasing aspartate aminotransferase (AST) and alanine aminotransferase (ALT) expression. Furthermore, Western blot analysis demonstrated that the protein expression levels of p-PI3K/PI3K, p-AKT/AKT, p-AMPK/AMPK, p-ACC/ACC and GLUT4 in liver and skeletal muscle were significantly up-regulated after PG-MGR treatment, and the protein expression levels of p-IRS-1/IRS-1, Fas and SREBP-1c were significantly reduced. These findings revealed that PG-MGR has the potential to improve glucose and lipid metabolism and insulin resistance by activating the IRS-1/PI3K/AKT and AMPK signal pathways.</text>
    </passage>
  </document>
</collection>
