<?xml version="1.0" encoding="UTF-8"?>
<!DOCTYPE collection SYSTEM "BioC.dtd">
<collection>
  <source>BioC-API</source>
  <date>20250411</date>
  <key>collection.key</key>
  <document>
    <id>35537569</id>
    <infon key="tt_curatable">no</infon>
    <infon key="tt_version">0</infon>
    <infon key="tt_round">0</infon>
    <passage>
      <infon key="type">title</infon>
      <offset>0</offset>
      <text>Immune-endocrine interactions in the pathophysiology of sleep-wake disturbances following traumatic brain injury: A narrative review.</text>
    </passage>
    <passage>
      <infon key="type">abstract</infon>
      <offset>134</offset>
      <text>Following a traumatic brain injury (TBI), sleep-wake disturbances are one of the most prevalent and debilitating symptoms. A better understanding of the impact that sleep disturbances have on chronic TBI symptomatology is likely to maximize long-term recovery. While the current treatments of sleep-wake disturbances following TBI are disorder-specific, identifying the underlying pathology may lead to improved pharmacological and rehabilitative treatments. A TBI initiates secondary cellular and molecular cascades that include inflammation and the production of cytokines, as well endocrine dysfunction and concomitant disturbances in hormone secretions. Hormones and cytokines are mediators of the inflammatory response that also regulate endocrine function, thus, communication between the immune and endocrine systems is bidirectional. Interestingly, both the immune and endocrine systems play a critical role in sleep regulation. This narrative review summarizes sleep-wake disturbances reported after TBI and synthesizes the current human and animal literature centered on the hypothesis that immune-endocrine interactions after TBI may induce both acute and chronic disturbances of sleep and wakefulness. Furthermore, we discuss how the immune and endocrine systems may be plausible therapeutic targets to treat TBI-induced sleep disturbances.</text>
    </passage>
  </document>
</collection>
