<?xml version="1.0" encoding="UTF-8"?>
<!DOCTYPE collection SYSTEM "BioC.dtd">
<collection>
  <source>BioC-API</source>
  <date>20250411</date>
  <key>collection.key</key>
  <document>
    <id>35988962</id>
    <infon key="tt_curatable">no</infon>
    <infon key="tt_version">0</infon>
    <infon key="tt_round">0</infon>
    <passage>
      <infon key="type">title</infon>
      <offset>0</offset>
      <text>Juvenile polyposis syndrome: An overview.</text>
    </passage>
    <passage>
      <infon key="type">abstract</infon>
      <offset>42</offset>
      <text>Juvenile polyposis syndrome (JPS) is a rare precancerous condition that confers an increased risk of developing gastrointestinal cancers. The inheritance pattern is autosomal dominant. JPS should be clinically suspected when the other hamartomatous polyposis syndromes are excluded (i.e., Peutz- Jeghers and Cowden), in presence of numerous juvenile polyps in the colorectum or in other GI locations. Among the syndromic features, JPS can present with concomitant extra-intestinal manifestations, above all cutaneous manifestations such as telangiectasia, pigmented nevi, and skeletal stigmata. Pathogenic germline variants of either BMPR1A or SMAD4 cause the syndrome. In JPS a cumulative risk of CRC of 39-68% has been estimated. The oncological risk justifies and imposes prevention strategies that aim at the cancer risk reduction through endoscopic screening, as recommended by international scientific societies. The aim of this review is to summarize clinical and genetic features of JPS and to elucidate the steps of the clinical management from diagnosis to surveillance.</text>
    </passage>
  </document>
</collection>
