<?xml version="1.0" encoding="UTF-8"?>
<!DOCTYPE collection SYSTEM "BioC.dtd">
<collection>
  <source>BioC-API</source>
  <date>20250411</date>
  <key>collection.key</key>
  <document>
    <id>36450783</id>
    <infon key="tt_curatable">no</infon>
    <infon key="tt_version">0</infon>
    <infon key="tt_round">0</infon>
    <passage>
      <infon key="type">title</infon>
      <offset>0</offset>
      <text>Regulatory T cells in psoriatic arthritis: an IL-17A-producing, Foxp3intCD161 + RORγt + ICOS + phenotype, that associates with the presence of ADAMTSL5 autoantibodies.</text>
    </passage>
    <passage>
      <infon key="type">abstract</infon>
      <offset>181</offset>
      <text>In psoriatic arthritis (PsA), predisposing class I HLA alleles, the presence of synovial clonally proliferated CD8 + T cells and autoantibodies all point towards the loss of immune tolerance. However, the key mechanisms that lead to immune dysregulation are not fully understood. In other types of inflammatory arthritis, T regulatory cell (Treg) dysfunction and plasticity at sites of inflammation were suggested to negatively affect peripheral tolerance. We here addressed if Treg variances associate with psoriatic disease. We collected clinical data, sera and peripheral blood mononuclear cells from 13 healthy controls, 21 psoriasis and 21 PsA patients. In addition, we obtained synovial fluid mononuclear cells from 6 PsA patients. We studied characteristics of CD4 + CD25 + CD127loFoxp3 + Tregs by flow cytometry and used ELISA to quantify antibodies against ADAMTSL5, a recently discovered autoantigen in psoriatic disease. In comparison with their circulating counterparts, Tregs from inflamed joints express increased levels of ICOS, CTLA-4 and TIGIT. Furthermore, synovial fluid-derived Tregs have a distinct phenotype, characterized by IL-17A production and upregulation of CD161 and RORγt. We identified a subset of Tregs with intermediate Foxp3 expression as the major cytokine producer. Furthermore, ICOS + Tregs associate with PsA disease activity as measured by PASDAS. Lastly, we observed that presence of the Foxp3int Tregs associates with an increased abundance of anti-ADAMTSL5 autoantibodies. Tregs derived from the inflammatory environment of inflamed PsA joints exhibit a distinct phenotype, which associates with loss of peripheral immune tolerance in psoriatic disease.</text>
    </passage>
  </document>
</collection>
