<?xml version="1.0" encoding="UTF-8"?>
<!DOCTYPE collection SYSTEM "BioC.dtd">
<collection>
  <source>BioC-API</source>
  <date>20250411</date>
  <key>collection.key</key>
  <document>
    <id>36652939</id>
    <infon key="tt_curatable">no</infon>
    <infon key="tt_version">0</infon>
    <infon key="tt_round">0</infon>
    <passage>
      <infon key="type">title</infon>
      <offset>0</offset>
      <text>Serum Immunoglobulin G Testing against Pigeon Egg in Stable Fibrotic Hypersensitivity Pneumonitis.</text>
    </passage>
    <passage>
      <infon key="type">abstract</infon>
      <offset>99</offset>
      <text>INTRODUCTION: The accuracy of serum immunoglobulin (Ig) G testing for diagnosis of stable bird-related fibrotic hypersensitivity pneumonitis (HP) is controversial. Furthermore, avian serum, extracts, or feathers were employed as antigens in bird-related HP; however, the usage of egg whites has not been reported. We investigated the utility of IgG testing against pigeon egg whites in patients with stable bird-related fibrotic HP. METHODS: Patients having a positive inhalation test for pigeon antigen and a histological investigation with diagnostic confidence of fibrotic HP greater than moderate confidence were included. The control group consisted of patients with interstitial lung diseases (ILDs) other than HP. To select patients in the stable phase, patients with fibrotic HP were excluded if they were clinically considered to be in the acute exacerbation or acute phase. The IgG testing against pigeon egg whites by enzyme-linked immunosorbent assay and the commercialized anti-pigeon IgG testing by fluorescence enzyme immunoassay were investigated. RESULTS: In this study, 37 patients with stable bird-related fibrotic HP and 32 patients with ILDs other than HP participated. Serum IgG testing for pigeon egg whites revealed that the control group's optical density was 0.147 and the group with bird-related fibrotic HP had a mean value of 0.207 (p = 0.011). IgG testing in bronchial alveolar lavage fluid was not significantly higher in the bird-related fibrotic HP group than in controls (p = 0.42). No significant difference in area under the curve between an IgG testing against pigeon egg whites and a commercialized anti-pigeon IgG testing was observed (p = 0.24). Test accuracy for stable bird-related fibrotic HP ranged from 62% to 76% sensitivity and 59-66% specificity. CONCLUSION: IgG testing to identify the inciting antigen in patients with stable bird-related fibrotic HP had relatively low accuracy.</text>
    </passage>
  </document>
</collection>
