<?xml version="1.0" encoding="UTF-8"?>
<!DOCTYPE collection SYSTEM "BioC.dtd">
<collection>
  <source>BioC-API</source>
  <date>20250411</date>
  <key>collection.key</key>
  <document>
    <id>36854163</id>
    <infon key="tt_curatable">no</infon>
    <infon key="tt_version">0</infon>
    <infon key="tt_round">0</infon>
    <passage>
      <infon key="type">title</infon>
      <offset>0</offset>
      <text>Sustained Release of BMSC-EVs from 3D Printing Gel/HA/nHAP Scaffolds for Promoting Bone Regeneration in Diabetic Rats.</text>
    </passage>
    <passage>
      <infon key="type">abstract</infon>
      <offset>119</offset>
      <text>Extracellular vesicles (EVs) play an important role in intercellular communication, and the function of EVs mainly depends on the state of source cells. To determine the effect of diabetic microenvironment on EVs secreted by bone marrow mesenchymal stem cells (BMSCs), this work explores the effect of normal glucose (5.5 mm) cultured BMSCs derived EVs (NG-EVs) and high glucose (30 mm) cultured BMSCs derived EVs (HG-EVs) in regulating the migration, proliferation and osteoblastic differentiation of BMSCs in vitro. In order to improve the bioavailability of EVs, this work constructs a sustained release system of polydopamine (PDA) functionalized 3D printing gelatin/hyaluronic acid/nano-hydroxyapatite (Gel/HA/nHAP) scaffolds (S/PDA) and verifies its function in the calvarial defect model of diabetic rats. This work confirms that both NG-EVs and HG-EVs can promote proliferation and migration, inhibit apoptosis and promote osteogenic differentiation, but the function of HG-EVs is weaker than that of NG-EVs. Therefore, EVs secreted by autologous cells of diabetic patients are not suitable for self-repair. This work hopes that the 3D printing scaffold designed for sustained-release EVs will provide a new strategy for acellular tissue engineering bone repair in diabetic patients.</text>
    </passage>
  </document>
</collection>
