<?xml version="1.0" encoding="UTF-8"?>
<!DOCTYPE collection SYSTEM "BioC.dtd">
<collection>
  <source>BioC-API</source>
  <date>20250411</date>
  <key>collection.key</key>
  <document>
    <id>36878377</id>
    <infon key="tt_curatable">no</infon>
    <infon key="tt_version">0</infon>
    <infon key="tt_round">0</infon>
    <passage>
      <infon key="type">title</infon>
      <offset>0</offset>
      <text>Dual transgene amelioration of Lama2-null muscular dystrophy.</text>
    </passage>
    <passage>
      <infon key="type">abstract</infon>
      <offset>62</offset>
      <text>Null mutations of the Lama2-gene cause a severe congenital muscular dystrophy and associated neuropathy. In the absence of laminin-α2 (Lmα2) there is a compensatory replacement by Lmα4, a subunit that lacks the polymerization and α-dystroglycan (αDG)-binding properties of Lmα2. The dystrophic phenotype in the dy3K/dy3K Lama2-/- mouse were evaluated with transgenes driving expression of two synthetic laminin-binding linker proteins. Transgenic muscle-specific expression of αLNNd, a chimeric protein that enables α4-laminin polymerization, and miniagrin (mag), a protein that increases laminin binding to the receptor αDG, separately improved median mouse survival two-fold. The double transgenes (DT) improved mean survival three-fold with increases in overall body weight, muscle size, and grip strength, but, given absence of neuronal expression, did not prevent hindlimb paresis. Muscle improvements included increased myofiber size and number and reduced fibrosis. Myofiber hypertrophy with increased mTOR and Akt phosphorylation were characteristics of mag-dy3K/dy3K and DT-dy3K/dy3K muscle. Elevations of matrix-bound α4-, β1 and γ1 laminin subunits were detected in muscle extracts and immunostained sections in response to DT expression. Collectively, these findings reveal a complimentary polymerization and αDG-binding benefit to Lama2-/- mouse muscle largely mediated through modified laminin-411.</text>
    </passage>
  </document>
</collection>
