<?xml version="1.0" encoding="UTF-8"?>
<!DOCTYPE collection SYSTEM "BioC.dtd">
<collection>
  <source>BioC-API</source>
  <date>20250411</date>
  <key>collection.key</key>
  <document>
    <id>37499337</id>
    <infon key="tt_curatable">no</infon>
    <infon key="tt_version">0</infon>
    <infon key="tt_round">0</infon>
    <passage>
      <infon key="type">title</infon>
      <offset>0</offset>
      <text>Modelling MOG antibody-associated disorder and neuromyelitis optica spectrum disorder in animal models: Spinal cord manifestations.</text>
    </passage>
    <passage>
      <infon key="type">abstract</infon>
      <offset>132</offset>
      <text>Antibodies to myelin oligodendrocyte glycoprotein (MOG-IgG) or aquaporin 4 (AQP4-IgG) are associated with CNS inflammatory disorders. We directly compared MOG35-55-induced experimental autoimmune encephalomyelitis exacerbated by MOG- and AQP4-IgG (versus isotype IgG, Iso-IgG). Disease severity was highest after MOG-IgG application. MOG- and AQP4-IgG administration increased disease incidence compared to Iso-IgG. Inflammatory lesions appeared earlier and with distinct localizations after AQP4-IgG administration. AQP4 intensity was more reduced after AQP4- than MOG-IgG administration at acute disease phase. The described models are suitable for comparative analyses of pathological features associated with MOG- and AQP4-IgG and the investigation of therapeutic interventions.</text>
    </passage>
  </document>
</collection>
