<?xml version="1.0" encoding="UTF-8"?>
<!DOCTYPE collection SYSTEM "BioC.dtd">
<collection>
  <source>BioC-API</source>
  <date>20250411</date>
  <key>collection.key</key>
  <document>
    <id>38059442</id>
    <infon key="tt_curatable">no</infon>
    <infon key="tt_version">0</infon>
    <infon key="tt_round">0</infon>
    <passage>
      <infon key="type">title</infon>
      <offset>0</offset>
      <text>Effects of cannabinoid agonists and antagonists in male rats discriminating the synthetic cannabinoid AM2201.</text>
    </passage>
    <passage>
      <infon key="type">abstract</infon>
      <offset>110</offset>
      <text>The synthetic forms of delta-9-tetrahydrocannabinol (Δ9-THC), dronabinol or nabilone, have been approved to treat several indications. However, due to safety concerns their clinical utility remains limited. Consequently, there is a need for developing cannabinoid (CB) ligands that display better behavioral pharmacological profiles than Δ9-THC. Here, we utilized drug discrimination methods to compare the interoceptive effects of CB ligands that vary in potency, efficacy, and selectivity at the CB receptors, including two ligands, AM411 and AM4089, that show CB1 partial agonist-like actions in vitro. Male rats were trained to discriminate 0.1 mg/kg AM2201 from saline under a fixed-ratio (FR) 10 response schedule of food reinforcement. After establishing AM2201's discriminative-stimulus effects, pretreatment tests with the CB1 antagonist/inverse agonist rimonabant blocked AM2201's effects, whereas the peripherally-restricted antagonist AM6545 had no effect. Next, the generalization profiles of AM411 and AM4089 with CB1 full agonists (JWH-018, CP-55,940, AM8936), partial agonist (Δ9-THC), and non-cannabinoids (fentanyl, atropine) were compared. The CBs either fully (AM2201, CP-55,940, JWH-018, AM8936, Δ9-THC) or partially (AM411, AM4089) substituted for AM2201, whereas fentanyl and atropine did not produce AM2201-like effects. All CB drugs were more potent than Δ9-THC and correlation analysis confirmed that the relative behavioral potencies of CBs corresponded strongly with their relative affinities at the CB1 but not CB2 receptors. Together, our results further demonstrate that AM411 and AM4089 exhibit better pharmacological profiles compared to Δ9-THC, in that they are more potent and display in vivo partial agonist-like actions that are centrally mediated via CB1 receptors.</text>
    </passage>
  </document>
</collection>
