<?xml version="1.0" encoding="UTF-8"?>
<!DOCTYPE collection SYSTEM "BioC.dtd">
<collection>
  <source>BioC-API</source>
  <date>20250411</date>
  <key>collection.key</key>
  <document>
    <id>38350355</id>
    <infon key="tt_curatable">no</infon>
    <infon key="tt_version">0</infon>
    <infon key="tt_round">0</infon>
    <passage>
      <infon key="type">title</infon>
      <offset>0</offset>
      <text>Engineered Exosomes Loaded with Triptolide: An Innovative Approach to Enhance Therapeutic Efficacy in Rheumatoid Arthritis.</text>
    </passage>
    <passage>
      <infon key="type">abstract</infon>
      <offset>124</offset>
      <text>OBJECTIVES: Exosomes are small, membrane-bound vesicles secreted by cells into the extracellular environment. They play a crucial role in various biological processes, including immune response, cell-to-cell signaling, and tumor progression. Exosomes have attracted attention as potential targets for therapeutic intervention, drug delivery, and biomarker detection. In this study, we aimed to isolate exosomes from human RA fibroblasts (hRAF-Exo) and load them with triptolide (TP) to generate engineered exosomes (hRAF-Exo@TP). METHODS: Transmission electron microscopy, particle size analysis, and western blotting for protein detection were employed to characterize hRAF-Exo. Furthermore, a murine model of collagen-induced arthritis (CIA) was employed to observe the distinct affinity of hRAF-Exo@TP towards the afflicted area. RESULTS: Cellular experiments demonstrated the inhibitory effect of hRAF-Exo@TP on the proliferative activity of human RA fibroblasts. Additionally, it exhibited remarkable selectivity for lesion sites in a CIA mouse model. CONCLUSION: Exosomes loaded with TP may enhance the therapeutic effects on RA in mice. Our study provides a promising avenue for the treatment of RA in the future.</text>
    </passage>
  </document>
</collection>
