<?xml version="1.0" encoding="UTF-8"?>
<!DOCTYPE collection SYSTEM "BioC.dtd">
<collection>
  <source>BioC-API</source>
  <date>20250411</date>
  <key>collection.key</key>
  <document>
    <id>38669965</id>
    <infon key="tt_curatable">no</infon>
    <infon key="tt_version">0</infon>
    <infon key="tt_round">0</infon>
    <passage>
      <infon key="type">title</infon>
      <offset>0</offset>
      <text>Paeoniflorin mitigates MMP-12 inflammation in silicosis via Yang-Yin-Qing-Fei Decoction in murine models.</text>
    </passage>
    <passage>
      <infon key="type">abstract</infon>
      <offset>106</offset>
      <text>BACKGROUND: Silicosis presents a significant clinical challenges and economic burdens, with Traditional Chinese Medicine (TCM) emerging as a potential therapeutic avenue. However, the precise effects and mechanisms of TCM in treating silicosis remain uncertain and subject to debate. OBJECTIVE: The study aims to elucidate the therapeutic role and mechanisms of the Yang-Yin-Qing-Fei Decoction (YYQFD) and its key component, paeoniflorin, in silicosis using a murine model. METHODS: Silicotic mice were treated with YYQFD, pirfenidone (PFD), or paeoniflorin. RAW264.7 cells and mouse lung fibroblasts (MLF) were stimulated with silica, matrix metalloproteinase-12 (MMP-12), or TGF-β1, followed by treatment with paeoniflorin, PFD, or relevant inhibitors. YYQFD constituents were characterized using High-Performance Liquid Chromatography (HPLC). Lung fibrosis severity was assessed via histopathological examination, micro-CT imaging, lung functions, and Western blot analysis. Transcriptome sequencing and bioinformatics analysis were employed to delineate the gene expression profile and target genes modulated by YYQFD in silicosis. RESULTS: Treatment with YYQFD ameliorated silica-induced lung fibrosis. Transcriptome sequencing identified MMP-12 as a potential common target of YYQFD and PFD. Additionally, a potential pro-inflammatory role of MMP-12, regulated by silica-induced TLR4 signaling pathways, was revealed. Paeoniflorin, one of the most distinctive compounds in YYQFD, attenuated silica-induced MMP-12 increase and its derived inflammatory factors in macrophages through a direct binding effect. Notably, paeoniflorin treatment exerted anti-fibrotic effects by inhibiting MMP-12-derived inflammatory factors and TGF-β1-induced myofibroblast differentiation in silica-exposed mice. CONCLUSIONS: This study underscores paeoniflorin as one of the most principal bioactive compounds in YYQFD, highlighting its capacity to attenuate lung inflammation driven by macrophage-derived MMP-12 and reduce lung fibrosis both in vivo and in vitro.</text>
    </passage>
  </document>
</collection>
