<?xml version="1.0" encoding="UTF-8"?>
<!DOCTYPE collection SYSTEM "BioC.dtd">
<collection>
  <source>BioC-API</source>
  <date>20250411</date>
  <key>collection.key</key>
  <document>
    <id>38759260</id>
    <infon key="tt_curatable">no</infon>
    <infon key="tt_version">0</infon>
    <infon key="tt_round">0</infon>
    <passage>
      <infon key="type">title</infon>
      <offset>0</offset>
      <text>The A2ml1-Knockout mouse as an animal model for non-syndromic otitis media.</text>
    </passage>
    <passage>
      <infon key="type">abstract</infon>
      <offset>76</offset>
      <text>BACKGROUND: Inflammation and infection of the middle ear, known as otitis media (OM), is a leading cause of hearing loss and the most frequently diagnosed disease in children worldwide. Traditionally, mouse models for OM rely on inducing acute infection through inoculation of the middle ear, e.g. with the human otopathogen non-typeable Haemophilus influenzae (NTHi), and with very few genetic models with spontaneous or chronic OM. A2ML1 variants, including loss-of-function variants, were associated with susceptibility to OM in humans, but no animal model has been reported for A2ml1-related OM. Here, we report our middle ear findings in a mouse line with a CRISPR-induced knockout (KO) of A2ml1. METHODS: Mice were X-rayed prior to harvest to determine if there are craniofacial or skeletal abnormalities. Tissue from mouse middle ears, as well as other upper respiratory mucosal tissues, were harvested. The harvested middle ear bullae were examined under microscope and submitted for histologic preparation to study phenotypic indications of OM. RNA samples isolated from middle ear tissue were assayed for expression of genes correlated with A2ML1 expression in humans. RESULTS: Data from a total of 119 mice (35 wildtype, 40 heterozygous, 44 homozygous) are presented here, with each analyses being performed on subsets of these mice. There were no significant craniofacial differences by genotype (n = 22). Findings in mice with the A2ml1-KO indicated an increased incidence of OM (n=29; odds ratio = 11; CI: 1.1, 573.6; Fisher exact two-sided p = 0.02) with tympanic membrane perforations or thickening, as well as cases of middle ear effusion, inflammatory cells, or fluid from histologic sections. Dsp was upregulated in the middle ear tissues of homozygous mice (Wilcoxon test p = 0.001). CONCLUSION: Thus far, our results in this A2ml1-KO mouse line indicate spontaneous occurrence of OM and dysregulation of Dsp in the middle ear as a potential disease mechanism for A2ml1-related OM.</text>
    </passage>
  </document>
</collection>
