<?xml version="1.0" encoding="UTF-8"?>
<!DOCTYPE collection SYSTEM "BioC.dtd">
<collection>
  <source>BioC-API</source>
  <date>20250411</date>
  <key>collection.key</key>
  <document>
    <id>39179169</id>
    <infon key="tt_curatable">no</infon>
    <infon key="tt_version">0</infon>
    <infon key="tt_round">0</infon>
    <passage>
      <infon key="type">title</infon>
      <offset>0</offset>
      <text>MitoQ relieves mitochondrial dysfunction in UVA and cigarette smoke-induced Fuchs endothelial corneal dystrophy.</text>
    </passage>
    <passage>
      <infon key="type">abstract</infon>
      <offset>113</offset>
      <text>Fuchs endothelial corneal dystrophy (FECD), a degenerative corneal condition, is characterized by the droplet-like accumulation of the extracellular matrix, known as guttae and progressive loss of corneal endothelial cells ultimately leading to visual distortion and glare. FECD can be influenced by environmental stressors and genetic conditions. However, the role of mitochondrial dysfunction for advancing FECD pathogenesis is not yet fully studied. Therefore, in the present study we sought to determine whether a combination of environmental stressors (ultraviolet-A (UVA) light and cigarette smoke condensate (CSC)) can induce mitochondrial dysfunction leading to FECD. We also investigated if MitoQ, a water-soluble antioxidant, can target mitochondrial dysfunction induced by UVA and CSC in human corneal endothelial cells mitigating FECD pathogenesis. We modeled the FECD by increasing exogenous oxidative stress with CSC (0.2%), UVA (25J/cm2) and a combination of UVA + CSC and performed a temporal analysis of their cellular and mitochondrial effects on HCEnC-21T immortalized cells in vitro before and after MitoQ (0.05 μM) treatment. Interestingly, we observed that a combination of UVA + CSC exposure increased mitochondrial ROS and fragmentation leading to a lower mitochondrial membrane potential and increased levels of cytochrome c release leading to apoptosis and cell death. MitoQ intervention successfully mitigated these effects and restored cell viability. The UVA + CSC model could be used to study stress induced mitochondrial dysfunction. Additionally, MitoQ can serve as a viable antioxidant in attenuating mitochondrial dysfunction, underscoring its potential as a molecular-focused treatment approach to combat FECD pathogenesis.</text>
    </passage>
  </document>
</collection>
