<?xml version="1.0" encoding="UTF-8"?>
<!DOCTYPE collection SYSTEM "BioC.dtd">
<collection>
  <source>BioC-API</source>
  <date>20250411</date>
  <key>collection.key</key>
  <document>
    <id>39369919</id>
    <infon key="tt_curatable">no</infon>
    <infon key="tt_version">0</infon>
    <infon key="tt_round">0</infon>
    <passage>
      <infon key="type">title</infon>
      <offset>0</offset>
      <text>Evaluation and the mechanism of ShengXian and JinShuiLiuJun decoction in the treatment of silicotic fibrosis: An integrated network pharmacology, life omics, and experimental validation study.</text>
    </passage>
    <passage>
      <infon key="type">abstract</infon>
      <offset>193</offset>
      <text>BACKGROUND: Silicosis is a systemic disease characterized by extensive fibrosis due to prolonged exposure to silica dust, with rising incidence rates significantly impacting global public health. ShengXian and JinShuiLiuJun Decoction (SXD) is a Chinese medicinal preparation containing a variety of medicinal plants. It has shown notable clinical efficacy in treating silicotic fibrosis in China. However, the precise mechanisms underlying its therapeutic effects remain unclear. This study integrates network pharmacology, multi-omics analysis, and experimental validation to investigate the potential mechanisms by which SXD treats silicotic fibrosis. OBJECTIVE: The study aims to investigate the therapeutic efficacy of SXD in treating silicotic fibrosis and to elucidate its underlying molecular mechanisms. METHODS: HPLC-Q-TOF-MS was used to identify the active components of SXD, and combined with network pharmacology, metabolomics, and transcriptomics, the mechanism of SXD in treating silicotic fibrosis was explored from multiple perspectives. The therapeutic effect of SXD was assessed through HE staining, Masson staining, Micro CT imaging, pulmonary function tests, and hydroxyproline content in lung tissue. Finally, network pharmacology and multi-omics findings were validated using molecular docking. CETSA, immunofluorescence, SPR, and Western blotting were used to analyze key factors in the NF-κB pathway at the animal, cellular, and molecular levels. RESULTS: SXD treatment improved lung function in silicosis rats, reduced inflammatory cell infiltration, collagen deposition, fibrosis and other pathological changes, and inhibited the protein expression of TNF-α, IL-17A, and IL-1β, and NF-κB in lung tissue. HPLC-Q-TOF-MS combined with network pharmacology identified key compounds such as Liquiritigenin, 3-Methoxynobiletin, Isomangiferin, Hesperidin, shogaol, and Ligustroflavone, which likely exert therapeutic effects through the TNF, IL-17, NF-κB, and TGF-β signaling pathways. Transcriptomics and metabolomics results revealed that SXD up-regulated the expression of NF-κB pathway-related genes (NFKBIA, NFKBIZ) and key regulators of the retinol metabolism pathway, while down-regulating pro-inflammatory genes (IL1B, IL17A, IL6). Experimental findings confirmed that SXD suppressed the expression of NF-κB pathway-related proteins and upstream activators TNF-α, IL-17A, and IL-1β, as well as their receptors, in both lung tissue and cellular models. Additionally, SXD-containing serum had a direct, non-toxic effect on MRC-5 cells, effectively inhibiting collagen expression and TGF-β secretion. SXD also had a positive effect on collagen production and extracellular matrix (ECM) aggregation in fibroblasts. Molecular dynamics studies showed that SXD directly binds to NF-κB and IκB. CONCLUSION: SXD exerts therapeutic effects on silicotic fibrosis by inhibiting NF-κB signaling transduction mediated by TNF-α, IL-17A, and IL-1β, and suppressing fibroblast activation.</text>
    </passage>
  </document>
</collection>
