<?xml version="1.0" encoding="UTF-8"?>
<!DOCTYPE collection SYSTEM "BioC.dtd">
<collection>
  <source>BioC-API</source>
  <date>20250411</date>
  <key>collection.key</key>
  <document>
    <id>39373702</id>
    <infon key="tt_curatable">no</infon>
    <infon key="tt_version">0</infon>
    <infon key="tt_round">0</infon>
    <passage>
      <infon key="type">title</infon>
      <offset>0</offset>
      <text>A new model and precious tool to study molecular mechanisms of macrophage aging.</text>
    </passage>
    <passage>
      <infon key="type">abstract</infon>
      <offset>81</offset>
      <text>The accumulation of senescent cells, characterized by a senescence-associated secretory phenotype (SASP), contributes to chronic inflammation and age-related diseases (ARD). During aging, macrophages can adopt a senescent-like phenotype and an altered function, which promotes senescent cell accumulation. In the context of aging and ARD, controlling the resolution of the inflammatory response and preventing chronic inflammation, especially by targeting macrophages, must be a priority. Aging being a dynamic process, we developed a model of in vitro murine peritoneal macrophage aging. Our results show that macrophages cultured for 7 or 14 days exhibit a senescence-like phenotype: proliferation decrease, the levels of cyclin-dependent kinase inhibitors p16INK4A and p21CIP1 and of pro-inflammatory SASP components (MCP-1, IL-6, IL-1β, TNF-α, and MMP-9) increase, phagocytosis capacity decline and glycolytic activity is induced. In our model, chronic treatment with CB3, a thioredoxin-1 mimetic anti-inflammatory peptide, completely prevents p21CIP1 increase and enables day 14 macrophages to maintain proliferative activity.We describe a new model of macrophage aging with a senescence-like phenotype associated with inflammatory, metabolic and functional perturbations. This model is a valuable tool for characterizing macrophage aging mechanisms and developing innovative strategies with promising therapeutical purpose in limiting inflammaging and ARD.</text>
    </passage>
  </document>
</collection>
