<?xml version="1.0" encoding="UTF-8"?>
<!DOCTYPE collection SYSTEM "BioC.dtd">
<collection>
  <source>BioC-API</source>
  <date>20250411</date>
  <key>collection.key</key>
  <document>
    <id>39486780</id>
    <infon key="tt_curatable">no</infon>
    <infon key="tt_version">0</infon>
    <infon key="tt_round">0</infon>
    <passage>
      <infon key="type">title</infon>
      <offset>0</offset>
      <text>Nanofibrous 3D scaffolds capable of individually controlled BMP and FGF release for the regulation of bone regeneration.</text>
    </passage>
    <passage>
      <infon key="type">abstract</infon>
      <offset>121</offset>
      <text>The current clinical applications of bone morphogenetic proteins (BMPs) are limited to only a few specific indications. Locally controlled delivery of combinations of growth factors can be a promising strategy to improve BMP-based bone repair. However, the success of this approach requires the development of an effective release system and the correct choice of growth factors capable of enhancing BMP activity. Basic fibroblast growth factor (bFGF, also known as FGF-2) has shown promise in promoting bone repair, although conflicting results have been reported. Considering the complex biological activities of FGF-2, we hypothesized that FGF-2 can promote BMP-induced bone regeneration only if the dosage and kinetic parameters of the two factors are individually tailored. In this study, we conducted systematic in vitro studies on cell proliferation, differentiation, and mineralization in response to factor dose, delivery mode (sequential or simultaneous), and release rate. Subsequently, we designed individually controlled BMP-7 and FGF-2 release poly(lactide-co-glycolide) (PLGA) nanospheres attached to the poly(l-lactic acid) (PLLA) nanofibrous scaffolds. The data showed that BMP-7-induced bone formation was accelerated by a relatively higher FGF-2 dose (100 ng/scaffold) delivered at a faster release rate, or by a relatively lower FGF-2 dose (10 ng/scaffold) at a slower release rate in an in vivo bone regeneration model. In contrast, a very high dose of FGF-2 (1000 ng/scaffold) inhibited bone regeneration under all conditions. In vitro and in vivo data suggest that FGF-2 improved BMP-7-induced bone regeneration by coordinating FGF-2 dosage and release kinetics to enhance stem cell migration, proliferation, and angiogenesis. STATEMENT OF SIGNIFICANCE: Bone morphogenetic proteins (BMPs) are the most potent growth/differentiation factors in bone development and regeneration. However, the clinical applications of BMPs have been limited to only a few specific indications due to the required supraphysiological dosages with the current BMP products and their side effects. Locally controlled delivery of BMPs and additional growth factors that can enhance their osteogenic potency are highly desired. However, different growth factors act with different mechanisms. Here we report a nanofibrous scaffold that mimics collagen in size and geometry and is immobilized with biodegradable nanospheres to achieve local and distinct release profiles of BMP7 and FGF2. Systematic studies demonstrated low dose BMP7 and FGF2 with different temporal release profiles can optimally enhance bone regeneration.</text>
    </passage>
  </document>
</collection>
