<?xml version="1.0" encoding="UTF-8"?>
<!DOCTYPE collection SYSTEM "BioC.dtd">
<collection>
  <source>BioC-API</source>
  <date>20250411</date>
  <key>collection.key</key>
  <document>
    <id>39904054</id>
    <infon key="tt_curatable">no</infon>
    <infon key="tt_version">0</infon>
    <infon key="tt_round">0</infon>
    <passage>
      <infon key="type">title</infon>
      <offset>0</offset>
      <text>Three-dimensional cell culture-derived extracellular vesicles loaded alginate/hyaluronic acid composite scaffold as an optimal therapy for cartilage defect regeneration.</text>
    </passage>
    <passage>
      <infon key="type">abstract</infon>
      <offset>170</offset>
      <text>Osteoarthritis (OA) is a chronic musculoskeletal disease characterized by joint inflammation and progressive degeneration of articular cartilage. Currently a definitive cure for OA remains to be a challenge due to the very low self-repair capacity of cartilage, thus development of more effective therapies is needed for cartilage repair. Mesenchymal stem cell-derived extracellular vesicles (MSC-EVs) have shown great potential as therapeutic agents for stimulating regeneration of articular cartilage. However, a standardized protocol is still lacking for manufacturing of highly active EVs for clinical applications. This study aimed to investigate the efficient production of highly active EVs by 3-dimensional (3D) MSC culture, verify the reparative efficacy of EVs on cartilage defect and elucidate the repair mechanisms. Umbilical cord MSCs were embedded in alginate to form MSC spheroids for 3D culture in human platelet lysate (hPL)-containing medium, which produced 3D culture-derived EVs (3D-EVs) with a significantly improved yield. The 3D-EVs expressed higher level of VEGF, and appeared superior to two-dimensional (2D) monolayer MSC culture-derived EVs (2D-EVs) to improve migration and proliferation in MSCs and inflammatory chondrocytes, and to suppress expression of cartilage-degrading factors. Importantly, the 3D-EVs and sodium alginate (SA)-hyaluronic acid (HA) composite hydrogel (3D-EVs/SA-HA) demonstrated significantly improved therapeutic efficacy than 2D-EVs/SA-HA hydrogel for repair of cartilage defectin vivo. The underlying mechanisms are associated with the concomitant upregulation of type II collagen and cartilage synthesis and downregulation of MMP13 in cartilage tissues. Collectively, these data showed that highly active MSC EVs could be efficiently manufactured by 3D cell culture with hPL-containing medium, and these EVs were superior to 2D-EVs for the repair of articular cartilage defect.</text>
    </passage>
  </document>
</collection>
