<?xml version="1.0" encoding="UTF-8"?>
<!DOCTYPE collection SYSTEM "BioC.dtd">
<collection>
  <source>BioC-API</source>
  <date>20250411</date>
  <key>collection.key</key>
  <document>
    <id>40118006</id>
    <infon key="tt_curatable">no</infon>
    <infon key="tt_version">0</infon>
    <infon key="tt_round">0</infon>
    <passage>
      <infon key="type">title</infon>
      <offset>0</offset>
      <text>Investigation of the anti-inflammatory, anti-oxidant and anti-apoptotic activity of 18β- glycyrrhetinic-acid on the model of LPS-induced lung injury in rats.</text>
    </passage>
    <passage>
      <infon key="type">abstract</infon>
      <offset>161</offset>
      <text>INTRODUCTION: Our aim was to investigate the protective effects of 18β-Glycyrrhetinic-acid (50 and 100 mg/kg i.g) on LPS-induced rat sepsis model by analyzing some immune mechanisms including inflammation, apoptosis, and oxidative stress parameters by different techniques such as Mallory's Trichome staining, ELISA, tissue biochemistry and Western Blotting. METHODS: Forty-eight Sprague Dawley rats divided into 6 groups as follows: (i) Control, (ii) DMSO, (iii) LPS induced-Sepsis, (iv) LPS induced-Sepsis+ 18β-GA 50 mg/kg, (v) LPS induced-Sepsis + 18β-GA 100 mg/kg, (vi) 18β-GA 100 mg/kg. The pro-inflammatory cytokine (IFNγ, IL-1ß, TNF- α) levels were measured by ELISA technique. All rat's lung tissues micrographed with Mallory's Trichome stain. Oxidative stress parameters (MDA, GSH, SOD, NRF2, and HO-1), TLR4 signaling, and apoptotic proteins (Bcl-2 and Caspase-3) were detected by using tissue biochemistry and Western blotting. RESULTS: LPS administration caused a significant increase in all pro-inflammatory cytokine and oxidant levels. Shedding of bronchiolar epithelium, thickening of alveolar septa and vascular dilatation in LPS groups' lung tissue were revealed according to the histopathological findings. The H-scores of 18β-GA50 +LPS and 18β-GA100 +LPS groups were significantly lower than LPS groups' (p &lt; 0.05). When lung tissue protein expression profiles were analyzed for HO-1, TLR4, IL-1β, TNF-α, Bcl-2, and Caspase-3 expression was higher in the LPS group than in the control. In addition, NRF2 and Bcl-2 protein expressions were higher in control, DMSO and 18β-GA100 groups, while it was the lowest level in LPS group. CONCLUSION: 18β-GA demonstrates significant protective effects against LPS-induced lung injury in rats by modulating various immune mechanisms. These findings indicate that 18β-GA, particularly at the higher dose, may be a potential therapeutic agent in managing sepsis by mitigating inflammation, oxidative stress, and apoptosis in lung tissue. The inflammation and oxidative stress parameters were decreased and the apoptotic markers were increased in treatment group. Further molecular studies should be performed to investigate the roles of some significant cellular signaling pathways.</text>
    </passage>
  </document>
</collection>
