<?xml version="1.0" encoding="UTF-8"?>
<!DOCTYPE collection SYSTEM "BioC.dtd">
<collection>
  <source>BioC-API</source>
  <date>20250411</date>
  <key>collection.key</key>
  <document>
    <id>7093800</id>
    <infon key="tt_curatable">no</infon>
    <infon key="tt_version">0</infon>
    <infon key="tt_round">0</infon>
    <passage>
      <infon key="type">title</infon>
      <offset>0</offset>
      <text>Repigmentation after burn injury in the guinea-pig.</text>
    </passage>
    <passage>
      <infon key="type">abstract</infon>
      <offset>52</offset>
      <text>The normal process of repigmentation of small partial- and full-thickness burn wounds in the guinea-pig has been studied visually, and by light microscopy and transmission electron microscopy of biopsy material, at various stages of healing. Repigmentation proceeded apace with re-epithelialization and occurred progressively from the periphery to the centre of the wound or scar. There was an initial lag period of 1 to 2 weeks post burn during which the melanocytes and melanin content of the regenerated epithelium were below or around normal control levels. Thereafter, the melanocytes and melanin were above normal levels and correlated with hyperpigmentation of the scar epithelium. Electron microscopy at 6 and 7 weeks post burn also confirmed the increased melanogenic and cytochrine activity of the melanocytes during this phase of burn healing.</text>
    </passage>
  </document>
</collection>
