<?xml version="1.0" encoding="UTF-8"?>
<!DOCTYPE collection SYSTEM "BioC.dtd">
<collection>
  <source>BioC-API</source>
  <date>20250411</date>
  <key>collection.key</key>
  <document>
    <id>7976314</id>
    <infon key="tt_curatable">no</infon>
    <infon key="tt_version">0</infon>
    <infon key="tt_round">0</infon>
    <passage>
      <infon key="type">title</infon>
      <offset>0</offset>
      <text>Moraxella (Branhamella) catarrhalis-induced experimental otitis media in the chinchilla.</text>
    </passage>
    <passage>
      <infon key="type">abstract</infon>
      <offset>89</offset>
      <text>Otitis media was introduced in chinchillas by direct transbullar inoculation with either viable or formalin-inactivated Moraxella (Branhamella) catarrhalis. Both groups of animals developed middle ear fluids (MEF) and severe inflammatory changes in the tubotympanum. Pure cultures of M. catarrhalis were recovered for up to 5 days after inoculation from those animals inoculated with viable bacteria. Significantly elevated anti-M. catarrhalis antibody titers were detected in post-inoculation sera and in MEF or bullar lavages, and an increased number of IgG-bearing cells was also observed in the tubotympanum of these animals. Control chinchillas inoculated with pyrogen-free sterile saline failed to show any signs of otitis media. Our data indicate that viable M. catarrhalis induce acute otitis media in the chinchilla but that the bacteria are rapidly eliminated from the middle ear, precluding its usefulness as a model to study acute otitis media. Moreover, the same concentration of nonviable organisms also induces severe inflammatory changes in the middle ear. These data indicate that the chinchilla may be a useful model for studying the role of nonviable M. catarrhalis or its cell wall components on the induction and persistence of inflammation in the middle ear.</text>
    </passage>
  </document>
</collection>
