<?xml version="1.0" encoding="UTF-8"?>
<!DOCTYPE collection SYSTEM "BioC.dtd">
<collection>
  <source>BioC-API</source>
  <date>20250411</date>
  <key>collection.key</key>
  <document>
    <id>9125767</id>
    <infon key="tt_curatable">no</infon>
    <infon key="tt_version">0</infon>
    <infon key="tt_round">0</infon>
    <passage>
      <infon key="type">title</infon>
      <offset>0</offset>
      <text>Diffuse hyperpigmentation of the skin: a clinicopathologic approach to diagnosis.</text>
    </passage>
    <passage>
      <infon key="type">abstract</infon>
      <offset>82</offset>
      <text>There are multiple causes of diffuse hyperpigmentation of the skin (DHP) and determination of the exact etiology can sometimes be difficult. A systematic classification based on both clinical and pathological findings that should aid the clinician who is confronted with this situation is presented in this article. The skin diseases that cause DHP are classified based on the pigment characteristics (melanin, non-melanin), pigment distribution (epidermal, epidermal-dermal, dermal) and density of melanocytes (normal, increased). The intent of this review is to provide a "histopathological tool" that increases diagnostic accuracy in the evaluation of a patient with DHP.</text>
    </passage>
  </document>
</collection>
