<?xml version="1.0" encoding="UTF-8"?>
<!DOCTYPE collection SYSTEM "BioC.dtd">
<collection>
  <source>BioC-API</source>
  <date>20250411</date>
  <key>collection.key</key>
  <document>
    <id>9391579</id>
    <infon key="tt_curatable">no</infon>
    <infon key="tt_version">0</infon>
    <infon key="tt_round">0</infon>
    <passage>
      <infon key="type">title</infon>
      <offset>0</offset>
      <text>Ontogeny of electrically evoked brain stem potentials in neonatally deafened gerbils (Meriones unguiculatus) after cochlear implantation.</text>
    </passage>
    <passage>
      <infon key="type">abstract</infon>
      <offset>138</offset>
      <text>To investigate the ontogeny of the electrically evoked auditory brainstem response (E-ABR) we used an animal model of neonatally deafened gerbils with an intracochlear implanted electrode. The E-ABR were recorded in three groups: normal hearing animals (NORM) and binaural deafened without chronical electrostimulation (BD) in comparison to binaural deafened animals with chronical stimulation (BDS). In group BD the deafening lead to inter-peak-latency II-V increase and histological degeneration in the Cochlear Nucleus. In chronical stimulated animals (BDS) we could not observe significant differences compared to unstimulated gerbils until the day after birth. In further studies longer stimulation periods, recordings of electrically evoked middle latency response as well as histological examinations of more central parts of the auditory pathway will be included.</text>
    </passage>
  </document>
</collection>
