<?xml version="1.0" encoding="UTF-8"?>
<!DOCTYPE collection SYSTEM "BioC.dtd">
<collection>
  <source>BioC-API</source>
  <date>20250411</date>
  <key>collection.key</key>
  <document>
    <id>9867959</id>
    <infon key="tt_curatable">no</infon>
    <infon key="tt_version">0</infon>
    <infon key="tt_round">0</infon>
    <passage>
      <infon key="type">title</infon>
      <offset>0</offset>
      <text>[Histological change of keratinocyte in full-thickness skin autograft and its effect on hyperpigmentation of the graft].</text>
    </passage>
    <passage>
      <infon key="type">abstract</infon>
      <offset>121</offset>
      <text>To understand the reason of hyperpigmentation following full-thickness skin autograft, 54 guinea pigs were selected as skin autograft models. The changes of density of epidermal keratinocyte (KC) and the amount and distribution of melanin in the epidermal KC were observed by histological, histochemical and autoradiographic techniques. The results showed: (1) The histological changes of KC were in fact a wound-repair process; (2) The increased melanin in KC coordinated with "multi-overlapping screen" effect, a result of multiple layers of "supranuclear cap", was the direct cause of hyperpigmentation of the graft and (3) The hydrolytic disturbance of melanin in KC and the longer life span of the KC were probably the important reasons for the increase of melanin in the epidermis.</text>
    </passage>
  </document>
</collection>
